Date,Close,High,Low,Open,Volume,Return,SMA_10,SMA_50,RSI,Volatility,Target
2015-03-16,2081.18994140625,2081.409912109375,2055.35009765625,2055.35009765625,3295600000,0.013533671171787054,2074.297985839844,2059.7132006835936,40.90110493801568,0.009998978802072796,0
2015-03-17,2074.280029296875,2080.590087890625,2065.080078125,2080.590087890625,3221840000,-0.003320173700583018,2070.9479858398436,2060.034802246094,39.78419007002102,0.009967622950602136,1
2015-03-18,2099.5,2106.85009765625,2061.22998046875,2072.840087890625,4128210000,0.012158421402569175,2071.0449829101562,2061.613203125,47.39597532570812,0.010785103902880372,0
2015-03-19,2089.27001953125,2098.68994140625,2085.56005859375,2098.68994140625,3305220000,-0.004872579408787825,2069.8679809570312,2063.3464038085935,46.535642090765705,0.010886748973947018,1
2015-03-20,2108.10009765625,2113.919921875,2090.320068359375,2090.320068359375,5554120000,0.00901275466979845,2073.5519897460936,2064.9904052734373,47.9424573713245,0.010093053337440374,0
2015-03-23,2104.419921875,2114.860107421875,2104.419921875,2107.989990234375,3267960000,-0.0017457310425351702,2076.050988769531,2065.836005859375,49.23571413498478,0.010119738885264394,0
2015-03-24,2091.5,2107.6298828125,2091.5,2103.93994140625,3189820000,-0.006139421956948832,2080.7849853515627,2066.7698046875,48.42721607139931,0.008387210097902794,0
2015-03-25,2061.050048828125,2097.429931640625,2061.050048828125,2093.10009765625,3521140000,-0.014558905652342857,2082.8659912109374,2067.42560546875,42.04748814641256,0.009911598700234397,0
2015-03-26,2056.14990234375,2067.14990234375,2045.5,2059.93994140625,3510670000,-0.002377499996742527,2081.885986328125,2068.0880029296877,46.66517233166909,0.009069589782292404,1
2015-03-27,2061.02001953125,2062.830078125,2052.9599609375,2055.780029296875,3008550000,0.0023685613495147972,2082.647998046875,2069.0830029296876,45.87684390217763,0.008877559547310364,1
2015-03-30,2086.239990234375,2088.969970703125,2064.110107421875,2064.110107421875,2917690000,0.012236645187396533,2083.1530029296873,2070.954401855469,59.86864292024732,0.008671534049046458,0
2015-03-31,2067.889892578125,2084.050048828125,2067.0400390625,2084.050048828125,3376550000,-0.008795775050879251,2082.5139892578127,2071.923798828125,56.0734211807708,0.009086792668357737,0
2015-04-01,2059.68994140625,2067.6298828125,2048.3798828125,2067.6298828125,3543270000,-0.003965371271123064,2078.5329833984374,2072.6665966796877,48.510375261574644,0.008001923502374412,1
2015-04-02,2066.9599609375,2072.169921875,2057.320068359375,2060.030029296875,3095960000,0.0035296669586522,2076.3019775390626,2073.363395996094,53.309909347266945,0.008093817448609552,1
2015-04-06,2080.6201171875,2086.989990234375,2056.52001953125,2064.8701171875,3302970000,0.0066088151237357895,2073.5539794921874,2073.712800292969,49.85060487742431,0.007792023466559545,0
2015-04-07,2076.330078125,2089.81005859375,2076.10009765625,2080.7900390625,3065510000,-0.0020619040578628844,2070.7449951171875,2074.2030004882813,50.54496319535214,0.007794746608107321,1
2015-04-08,2081.89990234375,2086.68994140625,2073.300048828125,2076.93994140625,3265330000,0.002682533127767339,2069.7849853515627,2074.699196777344,44.775572085364935,0.007686599905538718,1
2015-04-09,2091.179931640625,2093.31005859375,2074.2900390625,2081.2900390625,3172360000,0.004457481018385057,2072.7979736328125,2075.931794433594,50.57015542802835,0.005962661241543641,1
2015-04-10,2102.06005859375,2102.610107421875,2091.510009765625,2091.510009765625,3156200000,0.005202865037342352,2077.3889892578127,2077.929794921875,48.107051805875635,0.005900944704953279,0
2015-04-13,2092.429931640625,2107.64990234375,2092.330078125,2102.030029296875,2908420000,-0.00458128059365126,2080.52998046875,2079.3533935546875,46.37743804298598,0.006279454504296376,1
2015-04-14,2095.840087890625,2098.6201171875,2083.239990234375,2092.280029296875,3301270000,0.0016297588743277025,2081.489990234375,2081.3703955078126,51.39122581574182,0.0050446897012154795,1
2015-04-15,2106.6298828125,2111.909912109375,2097.820068359375,2097.820068359375,4013760000,0.005148195696902835,2085.3639892578126,2083.085993652344,66.71788727526062,0.004022279753090731,0
2015-04-16,2104.989990234375,2111.300048828125,2100.02001953125,2105.9599609375,3434120000,-0.0007784436134247175,2089.893994140625,2084.185192871094,68.35261414823445,0.0036145852618907283,0
2015-04-17,2081.179931640625,2102.580078125,2072.3701171875,2102.580078125,3627600000,-0.011311245518606405,2091.3159912109377,2084.978591308594,56.631539384477506,0.005536402156631628,1
2015-04-20,2100.39990234375,2103.93994140625,2084.110107421875,2084.110107421875,3000160000,0.009235131672624686,2093.2939697265624,2085.7361889648437,54.84927686002238,0.005898324207631368,0
2015-04-21,2097.2900390625,2109.639892578125,2094.3798828125,2102.820068359375,3243410000,-0.0014806053255762563,2095.3899658203127,2086.5725903320313,61.24202519450404,0.005867994460489366,1
2015-04-22,2107.9599609375,2109.97998046875,2091.050048828125,2098.27001953125,3348480000,0.005087480356207541,2097.9959716796875,2087.796989746094,68.11529933481154,0.005991662003711626,1
2015-04-23,2112.929931640625,2120.489990234375,2103.18994140625,2107.2099609375,3636670000,0.002357715893671175,2100.1709716796877,2088.6837866210935,67.55518013608335,0.005903334626558793,1
2015-04-24,2117.68994140625,2120.919921875,2112.800048828125,2112.800048828125,3375780000,0.002252800575326619,2101.7339599609377,2089.6669848632814,65.18884269577501,0.005744369595789504,0
2015-04-27,2108.919921875,2125.919921875,2107.0400390625,2119.2900390625,3438750000,-0.004141314249916261,2103.382958984375,2090.0757836914063,62.88036681950813,0.005700466330408652,1
2015-04-28,2114.760009765625,2116.0400390625,2094.889892578125,2108.35009765625,3546270000,0.0027692316953564777,2105.274951171875,2090.4311840820315,62.959496698382985,0.00573020749184857,0
2015-04-29,2106.85009765625,2113.64990234375,2097.409912109375,2112.489990234375,4074970000,-0.0037403355807980043,2105.29697265625,2090.5613842773437,56.24757874080895,0.005689653935660016,0
2015-04-30,2085.510009765625,2105.52001953125,2077.590087890625,2105.52001953125,4509680000,-0.010128906614839228,2103.348974609375,2090.277985839844,43.90959582982195,0.006541010939684022,1
2015-05-01,2108.2900390625,2108.409912109375,2087.3798828125,2087.3798828125,3379390000,0.010923001659165044,2106.0599853515623,2090.4947875976563,55.32147742818058,0.006389761529371368,1
2015-05-04,2114.489990234375,2120.949951171875,2110.22998046875,2110.22998046875,3091580000,0.002940748690645867,2107.468994140625,2090.5785864257814,56.14253182633979,0.005806071810835194,0
2015-05-05,2089.4599609375,2115.239990234375,2088.4599609375,2112.6298828125,3793950000,-0.011837383677612334,2106.685986328125,2090.1745874023436,44.82988796424265,0.007029834020514113,0
2015-05-06,2080.14990234375,2098.419921875,2067.929931640625,2091.260009765625,3792210000,-0.004455724813014705,2103.90498046875,2089.4679858398435,42.850537623830554,0.006854991947370317,1
2015-05-07,2088.0,2092.89990234375,2074.989990234375,2079.9599609375,3676640000,0.0037738134388320965,2101.4119873046875,2088.9507836914063,52.1615326880073,0.006953012422433473,1
2015-05-08,2116.10009765625,2117.659912109375,2092.1298828125,2092.1298828125,3399440000,0.013457901176364917,2101.2530029296877,2089.0579858398437,54.71080845876834,0.008331190351427152,0
2015-05-11,2105.330078125,2117.68994140625,2104.580078125,2115.56005859375,2992670000,-0.005089560528435566,2100.8940185546876,2089.0745874023437,52.30637565937467,0.008388209778507284,0
2015-05-12,2099.1201171875,2105.06005859375,2085.570068359375,2102.8701171875,3139520000,-0.0029496376848567873,2099.330029296875,2088.709191894531,47.39760172266576,0.008362834988587291,0
2015-05-13,2098.47998046875,2110.18994140625,2096.0400390625,2099.6201171875,3374260000,-0.00030495478248648844,2098.493017578125,2088.523190917969,45.634732738287525,0.008294832429601263,1
2015-05-14,2121.10009765625,2121.449951171875,2100.429931640625,2100.429931640625,3225740000,0.010779286625573148,2102.0520263671874,2088.974592285156,50.929853572027696,0.00819532912974006,1
2015-05-15,2122.72998046875,2123.889892578125,2116.81005859375,2122.070068359375,3092080000,0.0007684139066803652,2103.4960205078123,2089.408391113281,53.91818131441871,0.007531014588026021,1
2015-05-18,2129.199951171875,2131.780029296875,2120.010009765625,2121.300048828125,2888190000,0.003047948049283322,2104.9670166015626,2090.5671899414065,54.08230032301704,0.007534620872914379,0
2015-05-19,2127.830078125,2133.02001953125,2124.5,2129.449951171875,3296030000,-0.0006433745436266181,2108.8040283203127,2091.535192871094,56.158977799183525,0.006169792782998669,0
2015-05-20,2125.85009765625,2134.719970703125,2122.590087890625,2127.7900390625,3025880000,-0.0009305162517933008,2113.3740478515624,2093.168994140625,63.36116623243462,0.0058633057534318595,1
2015-05-21,2130.820068359375,2134.280029296875,2122.949951171875,2125.550048828125,3070460000,0.0023378744854138933,2117.6560546875,2094.980595703125,58.46038472046249,0.005837760942824905,0
2015-05-22,2126.06005859375,2132.14990234375,2126.06005859375,2130.360107421875,2571860000,-0.002233886303356414,2118.65205078125,2096.1827978515626,54.392244455360206,0.004348943510938572,0
2015-05-26,2104.199951171875,2125.340087890625,2099.179931640625,2125.340087890625,3342130000,-0.010281980197837881,2118.5390380859376,2097.198798828125,55.7336073435758,0.005294701362326536,1
2015-05-27,2123.47998046875,2126.219970703125,2105.1298828125,2105.1298828125,3127960000,0.009162641262365545,2120.9750244140623,2098.044599609375,65.64146945912313,0.005905579983352548,0
2015-05-28,2120.7900390625,2122.27001953125,2112.860107421875,2122.27001953125,2980350000,-0.0012667608976734135,2123.2060302734376,2098.9747998046873,62.29471880366604,0.005940005226113727,0
2015-05-29,2107.389892578125,2120.659912109375,2104.889892578125,2120.659912109375,3927390000,-0.0063184691730722164,2121.835009765625,2099.13259765625,46.329458775985565,0.0052575283099806835,1
2015-06-01,2111.72998046875,2119.14990234375,2102.5400390625,2108.639892578125,3011710000,0.002059461282371222,2120.735009765625,2099.581796875,52.85149264446737,0.005311417471827679,0
2015-06-02,2109.60009765625,2117.590087890625,2099.139892578125,2110.409912109375,3049350000,-0.0010085961899480855,2118.7750244140625,2099.611796875,54.8455554000298,0.005162591634056895,1
2015-06-03,2114.070068359375,2121.919921875,2109.610107421875,2110.639892578125,3099980000,0.0021188711112078984,2117.3990234375,2099.8047998046877,56.961727234867396,0.005251710660920978,0
2015-06-04,2095.840087890625,2112.889892578125,2093.22998046875,2112.35009765625,3200050000,-0.008623167576889856,2114.3980224609377,2099.8916015625,38.25987695366132,0.005831071063124047,0
2015-06-05,2092.830078125,2100.989990234375,2085.669921875,2095.090087890625,3243690000,-0.0014361829335245435,2110.5990234375,2100.5272021484375,36.27940846963926,0.005682106331456208,0
2015-06-08,2079.280029296875,2093.010009765625,2079.110107421875,2092.340087890625,2917150000,-0.006474509789282434,2105.9210205078125,2100.9898046875,28.490216705238794,0.005874495773664838,1
2015-06-09,2080.14990234375,2085.6201171875,2072.139892578125,2079.070068359375,3034580000,0.00041835300422188304,2103.516015625,2101.37240234375,29.366384082898747,0.005172813210997605,1
2015-06-10,2105.199951171875,2108.5,2081.1201171875,2081.1201171875,3414320000,0.012042424827124476,2101.6880126953124,2101.7516015625,42.55099542577944,0.005846236560755064,1
2015-06-11,2108.860107421875,2115.02001953125,2106.239990234375,2106.239990234375,3128600000,0.0017386264178671507,2100.49501953125,2102.571005859375,42.00294461771536,0.005899374096793788,0
2015-06-12,2094.110107421875,2107.429931640625,2091.330078125,2107.429931640625,2719400000,-0.0069942998817651425,2099.167041015625,2103.2594091796873,39.15408726324008,0.005976192531215115,0
2015-06-15,2084.429931640625,2091.340087890625,2072.489990234375,2091.340087890625,3061570000,-0.004622572493653387,2096.4370361328124,2103.60880859375,42.68375098479975,0.006017241681735159,1
2015-06-16,2096.2900390625,2097.39990234375,2082.10009765625,2084.260009765625,2919900000,0.0056898566086796,2095.1060302734377,2103.92220703125,39.35317961072235,0.006411258242153329,1
2015-06-17,2100.43994140625,2106.7900390625,2088.860107421875,2097.39990234375,3222240000,0.0019796413026920145,2093.743017578125,2104.404404296875,42.12155009451796,0.006404811299255585,1
2015-06-18,2121.239990234375,2126.64990234375,2101.580078125,2101.580078125,3520360000,0.009902710578908236,2096.2830078125,2105.1912060546874,55.07142729434482,0.006513691537056639,0
2015-06-19,2109.989990234375,2121.639892578125,2109.449951171875,2121.06005859375,4449810000,-0.0053035017498218595,2097.9989990234376,2105.5674072265624,49.39356345077458,0.00679781679033448,1
2015-06-22,2122.85009765625,2129.8701171875,2112.5,2112.5,3030020000,0.006094866554531064,2102.356005859375,2105.9832080078127,54.29663502036215,0.006448634357987405,1
2015-06-23,2124.199951171875,2128.030029296875,2119.889892578125,2123.159912109375,3091190000,0.0006358685039113965,2106.7610107421874,2106.6186083984376,53.352704659461146,0.0064427161582289345,0
2015-06-24,2108.580078125,2125.10009765625,2108.580078125,2123.64990234375,3102480000,-0.00735329696164333,2107.0990234375,2106.873408203125,54.29070882249919,0.006028687357439193,0
2015-06-25,2102.31005859375,2116.0400390625,2101.780029296875,2109.9599609375,3214610000,-0.0029735743006855664,2106.4440185546873,2106.78701171875,53.12416525329634,0.006077011499610454,0
2015-06-26,2101.489990234375,2108.919921875,2095.3798828125,2102.6201171875,5025470000,-0.0003900796440671206,2107.1820068359375,2106.71701171875,57.989755912482615,0.00560882183363785,0
2015-06-29,2057.639892578125,2098.6298828125,2056.639892578125,2098.6298828125,3678960000,-0.02086619391956246,2104.5030029296877,2106.2462109375,43.814927463705025,0.008709282120973922,1
2015-06-30,2063.110107421875,2074.280029296875,2056.320068359375,2061.18994140625,4078540000,0.0026584898861461426,2101.185009765625,2105.5004150390623,37.04055614355816,0.008490578920654147,1
2015-07-01,2077.419921875,2082.780029296875,2067.0,2067.0,3727260000,0.006936040108400654,2098.8830078125,2105.1030126953124,40.91535653869434,0.0088570208188394,0
2015-07-02,2076.780029296875,2085.06005859375,2071.02001953125,2078.030029296875,2996540000,-0.0003080227407983305,2094.43701171875,2104.4794140625,44.54789562780923,0.00799902830532631,0
2015-07-06,2068.760009765625,2078.610107421875,2058.39990234375,2073.949951171875,3486360000,-0.003861756863082544,2090.314013671875,2103.596015625,45.01814715808363,0.007947437939845956,1
2015-07-07,2081.340087890625,2083.739990234375,2044.02001953125,2069.52001953125,4458660000,0.00608097510857486,2086.1630126953123,2102.8690185546875,45.26870305210569,0.007945877989873514,0
2015-07-08,2046.6800537109375,2077.659912109375,2044.6600341796875,2077.659912109375,3608780000,-0.016652749054007043,2078.411022949219,2101.6242211914064,35.74009207398298,0.009116708582981092,1
2015-07-09,2051.31005859375,2074.280029296875,2049.72998046875,2049.72998046875,3446810000,0.0022622025726091177,2072.6840209960938,2100.355222167969,29.710468305509266,0.009192182445599387,1
2015-07-10,2076.6201171875,2081.31005859375,2052.739990234375,2052.739990234375,3065070000,0.012338485100151564,2070.115026855469,2099.750622558594,41.048380125063204,0.010346509884746431,1
2015-07-13,2099.60009765625,2100.669921875,2080.030029296875,2080.030029296875,3096730000,0.011066049239604414,2069.9260375976564,2100.0324243164064,44.08427081456817,0.011053786876982084,1
2015-07-14,2108.949951171875,2111.97998046875,2098.179931640625,2099.719970703125,3002120000,0.004453159211633695,2075.0570434570313,2100.0456225585935,46.271576140092854,0.00831167843467594,0
2015-07-15,2107.39990234375,2114.139892578125,2102.489990234375,2109.010009765625,3261810000,-0.000734986066058041,2079.4860229492188,2099.9038208007814,49.690145286862396,0.008373410444549947,1
2015-07-16,2124.2900390625,2124.419921875,2110.550048828125,2110.550048828125,3227080000,0.008014680412562258,2084.1730346679688,2100.6004223632813,55.46601695357741,0.008448411054482708,1
2015-07-17,2126.639892578125,2128.909912109375,2119.8798828125,2126.800048828125,3362750000,0.001106182994042637,2089.1590209960937,2101.5302221679685,56.207091029381466,0.008412299091080393,1
2015-07-20,2128.280029296875,2132.820068359375,2123.659912109375,2126.85009765625,3245870000,0.00077123387202227,2095.1110229492188,2102.335822753906,72.02272128746858,0.008152238028371539,0
2015-07-21,2119.2099609375,2128.489990234375,2115.39990234375,2127.550048828125,3343690000,-0.0042616893616069795,2098.8980102539062,2102.398020019531,67.10570197510057,0.008353277802762018,0
2015-07-22,2114.14990234375,2118.510009765625,2110.0,2118.2099609375,3694070000,-0.0023877098952062026,2105.6449951171876,2102.5744165039064,61.869038696698354,0.005613917930525223,0
2015-07-23,2102.14990234375,2116.8701171875,2098.6298828125,2114.159912109375,3772810000,-0.005676040278268291,2110.7289794921876,2102.635012207031,57.637372006126654,0.006291477029346714,0
2015-07-24,2079.64990234375,2106.010009765625,2077.090087890625,2102.239990234375,3870040000,-0.01070332804283558,2111.0319580078126,2102.258410644531,53.01541610781812,0.0064914661781276944,0
2015-07-27,2067.639892578125,2078.18994140625,2063.52001953125,2078.18994140625,3836750000,-0.005775015185050969,2107.8359375,2101.189206542969,46.19439535265388,0.005450104116833741,1
2015-07-28,2093.25,2095.60009765625,2069.090087890625,2070.75,4117740000,0.012386154626733425,2106.2659423828127,2100.599606933594,63.62090079797205,0.006820978135714704,1
2015-07-29,2108.570068359375,2110.60009765625,2094.080078125,2094.699951171875,4038900000,0.007318795346650031,2106.382958984375,2100.187009277344,65.76191634666176,0.007279841490222273,1
2015-07-30,2108.6298828125,2110.47998046875,2094.969970703125,2106.780029296875,3579410000,2.836730636679441e-05,2104.816943359375,2099.8030053710936,60.233946429296225,0.00672986266747366,0
2015-07-31,2103.840087890625,2114.239990234375,2102.070068359375,2111.60009765625,3681340000,-0.002271519985995063,2102.536962890625,2099.3628051757814,51.53400569190572,0.006712803205201642,0
2015-08-03,2098.0400390625,2105.699951171875,2087.31005859375,2104.489990234375,3476770000,-0.002756886733696673,2099.5129638671874,2098.707204589844,45.94879307812673,0.006698734738047513,0
2015-08-04,2093.320068359375,2102.510009765625,2088.60009765625,2097.679931640625,3546710000,-0.002249704779339723,2096.923974609375,2098.0524047851563,44.891950732580945,0.0066334600800274845,1
2015-08-05,2099.840087890625,2112.659912109375,2095.27001953125,2095.27001953125,3968680000,0.0031146787487494887,2095.4929931640627,2097.9652075195313,40.40801861944122,0.006751945574936285,0
2015-08-06,2083.56005859375,2103.320068359375,2075.530029296875,2100.75,4246570000,-0.00775298528243118,2093.6340087890626,2097.1668090820312,34.764536956930925,0.0069524078200389194,0
2015-08-07,2077.570068359375,2082.610107421875,2067.909912109375,2082.610107421875,3602320000,-0.0028748824444340126,2093.426025390625,2096.3024096679687,32.60139719555711,0.00611155700196887,1
2015-08-10,2104.179931640625,2105.35009765625,2080.97998046875,2080.97998046875,3514460000,0.012808166466444781,2097.080029296875,2096.238210449219,45.39717952667128,0.006955581106496513,0
2015-08-11,2084.070068359375,2102.659912109375,2076.489990234375,2102.659912109375,3708880000,-0.00955710249815489,2096.1620361328123,2095.6850122070314,41.56575122844152,0.006692376029290305,1
2015-08-12,2086.050048828125,2089.06005859375,2052.090087890625,2081.10009765625,4269130000,0.0009500546545004873,2093.9100341796875,2095.2140112304687,45.21690565818773,0.006155683055867129,0
2015-08-13,2083.389892578125,2092.929931640625,2078.260009765625,2086.18994140625,3221300000,-0.0012752120935421996,2091.38603515625,2094.6004077148436,51.259597658903026,0.006143955488832385,1
2015-08-14,2091.5400390625,2092.449951171875,2080.610107421875,2083.14990234375,2795590000,0.003911964108786803,2090.1560302734374,2094.514406738281,58.264236063625205,0.006330944365016716,1
2015-08-17,2102.43994140625,2102.8701171875,2079.300048828125,2089.699951171875,2867690000,0.00521142418513576,2090.5960205078127,2094.7066040039062,53.53759576563639,0.006523392722655751,0
2015-08-18,2096.919921875,2103.469970703125,2094.139892578125,2101.989990234375,2949990000,-0.002625530186397551,2090.956005859375,2095.059401855469,45.149394068149796,0.00654031806684989,0
2015-08-19,2079.610107421875,2096.169921875,2070.530029296875,2095.68994140625,3512920000,-0.008254876246131082,2088.9330078125,2095.048605957031,39.43502985549549,0.006950950397028302,0
2015-08-20,2035.72998046875,2076.610107421875,2035.72998046875,2076.610107421875,3922470000,-0.021100170073477753,2084.15,2093.6592065429686,30.697689221857672,0.009290885114669802,0
2015-08-21,1970.8900146484375,2034.0799560546875,1970.8900146484375,2034.0799560546875,5018240000,-0.031850965718637325,2073.4819946289062,2090.8998046875,23.00078435682481,0.013195015816973773,0
2015-08-24,1893.2099609375,1965.1500244140625,1867.010009765625,1965.1500244140625,6612690000,-0.03941369286646568,2052.3849975585936,2086.8818017578124,17.55987553519313,0.015430203900376156,0
2015-08-25,1867.6099853515625,1948.0400390625,1867.0799560546875,1898.0799560546875,5183560000,-0.01352199497897244,2030.7389892578126,2082.5454028320314,14.546092917489304,0.015457043753304993,1
2015-08-26,1940.510009765625,1943.0899658203125,1872.75,1872.75,5338250000,0.03903385877450183,2016.1849853515625,2079.429802246094,31.379989525840926,0.02198574733045953,1
2015-08-27,1987.6600341796875,1989.5999755859375,1942.77001953125,1942.77001953125,5006390000,0.024297748621125326,2006.6119995117188,2077.1742041015623,39.429559626575966,0.024108893773992866,1
2015-08-28,1988.8699951171875,1993.47998046875,1975.18994140625,1986.06005859375,3949080000,0.0006087363616984476,1996.3449951171874,2074.5268041992185,35.58229359330065,0.024004282293970197,0
2015-08-31,1972.1800537109375,1986.72998046875,1965.97998046875,1986.72998046875,3915100000,-0.008391670369217175,1983.3190063476563,2071.77060546875,35.889223842115,0.02376052599662344,0
2015-09-01,1913.8499755859375,1970.0899658203125,1903.0699462890625,1970.0899658203125,4371850000,-0.029576446640986798,1965.01201171875,2067.5906030273436,30.9858220899134,0.024824543672157993,1
2015-09-02,1948.8599853515625,1948.9100341796875,1916.52001953125,1916.52001953125,3742620000,0.01829297500443139,1951.9369995117188,2064.0838037109374,36.13579827264372,0.02626885532417834,1
2015-09-03,1951.1300048828125,1975.010009765625,1944.719970703125,1950.7900390625,3520700000,0.0011647935451044589,1943.477001953125,2060.9348022460936,35.3522858293328,0.02580146890875451,0
2015-09-04,1921.219970703125,1947.760009765625,1911.2099609375,1947.760009765625,3167090000,-0.015329595723932221,1938.5099975585938,2057.3130004882814,31.816179716487255,0.024300672794623664,1
2015-09-08,1969.4100341796875,1970.4200439453125,1927.300048828125,1927.300048828125,3548650000,0.02508305358648033,1946.1300048828125,2054.6714013671876,38.214700831094305,0.021779200081147455,0
2015-09-09,1942.0400390625,1988.6300048828125,1937.8800048828125,1971.449951171875,3652120000,-0.01389756050907287,1953.5730102539062,2052.359404296875,37.5170135842837,0.0218133879941307,1
2015-09-10,1952.2900390625,1965.2900390625,1937.18994140625,1941.5899658203125,3626320000,0.005277955033794246,1954.7510131835938,2050.1430029296876,41.93661405266244,0.018108966963749664,1
2015-09-11,1961.050048828125,1961.050048828125,1939.18994140625,1951.449951171875,3218590000,0.004487043210972708,1952.0900146484375,2047.81560546875,48.93349933251922,0.01623355100021698,0
2015-09-14,1953.030029296875,1963.06005859375,1948.27001953125,1963.06005859375,3000200000,-0.004089655710746709,1948.5060180664063,2045.34060546875,57.636731411758845,0.016242471464744543,1
2015-09-15,1978.0899658203125,1983.18994140625,1954.300048828125,1955.0999755859375,3239860000,0.01283131142251781,1949.0970092773437,2043.5272045898437,64.12353591822365,0.01665203124609341,1
2015-09-16,1995.31005859375,1997.260009765625,1977.9300537109375,1978.02001953125,3630680000,0.008705414349693852,1957.243017578125,2041.8066040039062,58.16837862446077,0.012985404557367743,0
2015-09-17,1990.199951171875,2020.8599853515625,1986.72998046875,1995.3299560546875,4183790000,-0.002561059320011938,1961.3770141601562,2040.677001953125,50.4328416270202,0.012126143581389512,0
2015-09-18,1958.030029296875,1989.6600341796875,1953.449951171875,1989.6600341796875,6021240000,-0.016164165744279924,1962.0670166015625,2038.8114013671875,45.2460315698082,0.013451121603857582,1
2015-09-21,1966.969970703125,1979.6400146484375,1955.800048828125,1960.8399658203125,3269350000,0.004565783605198437,1966.6420166015625,2036.6183984375,49.17720867450035,0.01228088496777915,0
2015-09-22,1942.739990234375,1961.3900146484375,1929.219970703125,1961.3900146484375,3808260000,-0.012318429274285614,1963.9750122070313,2033.4811962890626,55.113093548307646,0.010118116734399133,0
2015-09-23,1938.760009765625,1949.52001953125,1932.5699462890625,1943.239990234375,3190530000,-0.002048642890328245,1963.6470092773438,2030.0773974609374,47.991893695770884,0.009126250060962137,0
2015-09-24,1932.239990234375,1937.1700439453125,1908.9200439453125,1934.81005859375,4091530000,-0.003362984329369434,1961.6420043945313,2026.57419921875,46.30665016341749,0.008964811605339363,0
2015-09-25,1931.3399658203125,1952.8900146484375,1921.5,1935.9300537109375,3721870000,-0.00046579328582951884,1958.67099609375,2022.7151977539063,52.23182581512537,0.008762796948383755,0
2015-09-28,1881.77001953125,1929.1800537109375,1879.2099609375,1929.1800537109375,4326660000,-0.02566609046896018,1951.5449951171875,2017.8178002929687,30.7891223084724,0.011653396754924094,1
2015-09-29,1884.0899658203125,1899.47998046875,1871.9100341796875,1881.9000244140625,4132390000,0.001232853252514099,1942.1449951171876,2012.9339990234375,35.73009255223535,0.010333369372701726,1
2015-09-30,1920.030029296875,1920.530029296875,1887.1400146484375,1887.1400146484375,4525070000,0.019075555906861608,1934.6169921875,2008.950400390625,42.948323174148456,0.012193217850080125,1
2015-10-01,1923.8199462890625,1927.2099609375,1900.699951171875,1919.6500244140625,3983600000,0.001973884228037459,1927.9789916992188,2005.1438012695312,41.6811637844269,0.01232683124538409,1
2015-10-02,1951.3599853515625,1951.3599853515625,1893.699951171875,1921.77001953125,4378570000,0.014315289284541954,1927.3119873046876,2002.1280029296875,49.656779046587836,0.01256341293310128,1
2015-10-05,1987.050048828125,1989.1700439453125,1954.3299560546875,1954.3299560546875,4334490000,0.018289840800508328,1929.3199951171875,2000.276005859375,51.76435126360924,0.013835534360814191,0
2015-10-06,1979.9200439453125,1991.6199951171875,1971.989990234375,1986.6300048828125,4202400000,-0.0035882361830883447,1933.0380004882813,1998.5216088867187,46.844109128866485,0.013153188426001952,1
2015-10-07,1995.8299560546875,1999.31005859375,1976.43994140625,1982.3399658203125,4666470000,0.008035633639867479,1938.7449951171875,1996.5732080078126,51.105527662281574,0.013196877401354643,1
2015-10-08,2013.4300537109375,2016.5,1987.530029296875,1994.010009765625,3939140000,0.008818435459823082,1946.8640014648438,1994.6704077148438,61.538790107247586,0.013107826336666017,1
2015-10-09,2014.8900146484375,2020.1300048828125,2007.6099853515625,2013.72998046875,3706900000,0.000725111326717931,1955.2190063476562,1992.7956103515626,60.30184302168431,0.013066047220954871,1
2015-10-12,2017.4599609375,2018.6600341796875,2010.550048828125,2015.6500244140625,2893250000,0.0012754772073804155,1968.7880004882813,1991.0680078125,67.71287653600763,0.007985729262621472,0
2015-10-13,2003.68994140625,2022.3399658203125,2001.780029296875,2015.0,3401920000,-0.006825423947869114,1980.747998046875,1989.181005859375,64.70933422416121,0.008978886186170307,0
2015-10-14,1994.239990234375,2009.56005859375,1990.72998046875,2003.6600341796875,3644590000,-0.0047162741982138545,1988.168994140625,1987.199404296875,63.86156988479623,0.008318775984933646,1
2015-10-15,2023.8599853515625,2024.1500244140625,1996.469970703125,1996.469970703125,3746290000,0.01485277361914017,1998.172998046875,1985.6798022460937,68.33096957818097,0.008970807414544594,1
2015-10-16,2033.1099853515625,2033.5400390625,2020.4599609375,2024.3699951171875,3595430000,0.004570474275370051,2006.347998046875,1984.67080078125,85.68666880441397,0.008369900458998502,1
2015-10-19,2033.6600341796875,2034.449951171875,2022.31005859375,2031.72998046875,3287320000,0.00027054553471672627,2011.0089965820312,1983.7926000976563,85.56618977180105,0.00677346583983487,0
2015-10-20,2030.77001953125,2039.1199951171875,2026.6099853515625,2033.1300048828125,3331500000,-0.0014210903493528937,2016.093994140625,1982.3244018554688,81.2436543677925,0.006594970254546835,0
2015-10-21,2018.93994140625,2037.969970703125,2017.219970703125,2033.469970703125,3627790000,-0.005825414995899281,2018.4049926757812,1981.0217993164063,75.6720089137753,0.006770218292252029,1
2015-10-22,2052.510009765625,2055.199951171875,2021.8800048828125,2021.8800048828125,4430850000,0.01662757156411132,2022.31298828125,1980.3509985351564,76.43889884745148,0.008074816487911259,1
2015-10-23,2075.14990234375,2079.739990234375,2058.18994140625,2058.18994140625,4108460000,0.011030344539323389,2028.3389770507813,1980.1861987304687,74.71382920291313,0.008544568859526216,0
2015-10-26,2071.179931640625,2075.139892578125,2066.530029296875,2075.080078125,3385800000,-0.0019131006866738298,2033.7109741210938,1979.7789965820311,76.06234595661162,0.008673920724808762,0
2015-10-27,2065.889892578125,2070.3701171875,2058.840087890625,2068.75,4216880000,-0.002554118539720318,2039.9309692382812,1979.0479956054687,71.29998211180198,0.008249433697843851,1
2015-10-28,2090.35009765625,2090.35009765625,2063.110107421875,2066.47998046875,4698110000,0.01184003327863703,2049.5419799804686,1978.9165991210937,72.44920571019378,0.00816918703146803,0
2015-10-29,2089.409912109375,2092.52001953125,2082.6298828125,2088.35009765625,4008940000,-0.0004497742019048401,2056.09697265625,1979.1125952148439,71.81490526351901,0.007469256212991658,0
2015-10-30,2079.360107421875,2094.320068359375,2079.340087890625,2090.0,4256200000,-0.004809877003672414,2060.7219848632812,1979.9851977539063,67.36034651811195,0.007859305320401626,1
2015-11-02,2104.050048828125,2106.199951171875,2080.760009765625,2080.760009765625,3760020000,0.011873817006551102,2067.760986328125,1982.6483984375,76.5221997408912,0.008369715742455736,1
2015-11-03,2109.7900390625,2116.47998046875,2097.510009765625,2102.6298828125,4272060000,0.002728067346863705,2075.66298828125,1986.98,81.1472054627202,0.008203154594871446,0
2015-11-04,2102.31005859375,2114.590087890625,2096.97998046875,2110.60009765625,4078870000,-0.003545367230984642,2084.0,1991.6740014648437,74.01284594949054,0.007931386068027896,0
2015-11-05,2099.929931640625,2108.780029296875,2090.409912109375,2101.679931640625,4051890000,-0.0011321483923818487,2088.7419921875,1994.8623999023437,71.35090690521083,0.006703599014786168,0
2015-11-06,2099.199951171875,2101.909912109375,2083.739990234375,2098.60009765625,4369020000,-0.0003476213457177524,2091.1469970703124,1997.0931982421876,70.91784774510056,0.00598557328947237,0
2015-11-09,2078.580078125,2096.56005859375,2068.239990234375,2096.56005859375,3882350000,-0.009822729385718598,2091.88701171875,1998.8873999023438,63.70778746244586,0.00689207430519778,1
2015-11-10,2081.719970703125,2083.669921875,2069.909912109375,2077.18994140625,3821440000,0.0015105949543003927,2093.47001953125,2001.0781982421875,68.94388889461874,0.006819410432374883,0
2015-11-11,2075.0,2086.93994140625,2074.85009765625,2083.409912109375,3692410000,-0.003228085812548187,2091.935009765625,2004.3011987304687,58.098672654287014,0.005673627297027691,0
2015-11-12,2045.969970703125,2072.2900390625,2045.6600341796875,2072.2900390625,4016370000,-0.013990375564759017,2087.591015625,2006.2433984375,39.954580830824526,0.007050160397871465,0
2015-11-13,2023.0400390625,2044.6400146484375,2022.02001953125,2044.6400146484375,4278750000,-0.011207364706699363,2081.9590087890624,2007.6815991210938,35.34107585460396,0.00759497671044556,1
2015-11-16,2053.18994140625,2053.219970703125,2019.3900146484375,2022.0799560546875,3741240000,0.014903265264943455,2076.872998046875,2010.3209985351561,46.641287518288614,0.00827185165774896,0
2015-11-17,2050.43994140625,2066.68994140625,2045.9000244140625,2053.669921875,4427350000,-0.0013393792481354305,2070.93798828125,2011.9415966796876,38.075814338900365,0.00808893626297793,1
2015-11-18,2083.580078125,2085.31005859375,2051.989990234375,2051.989990234375,3926390000,0.01616245179852549,2069.064990234375,2014.7723974609376,48.539251610377384,0.010054531351705557,0
2015-11-19,2081.239990234375,2086.739990234375,2078.760009765625,2083.699951171875,3628110000,-0.00112310916925773,2067.19599609375,2017.351396484375,50.48996151575003,0.010054503487895855,1
2015-11-20,2089.169921875,2097.06005859375,2082.820068359375,2082.820068359375,3929600000,0.003810195689989637,2066.1929931640625,2019.9137939453126,45.750473765455766,0.010162889923523299,0
2015-11-23,2086.590087890625,2095.610107421875,2081.389892578125,2089.409912109375,3587980000,-0.0012348607728660532,2066.993994140625,2022.5849951171874,43.25267721600777,0.009630105652443266,1
2015-11-24,2089.139892578125,2094.1201171875,2070.2900390625,2084.419921875,3884930000,0.0012219959743400288,2067.735986328125,2024.8059936523437,46.0565886293493,0.009626927170306717,0
2015-11-25,2088.8701171875,2093.0,2086.300048828125,2089.300048828125,2852940000,-0.00012913227667687988,2069.122998046875,2026.6771948242188,46.64608459380021,0.009546795993383032,1
2015-11-27,2090.110107421875,2093.2900390625,2084.1298828125,2088.820068359375,1466840000,0.0005936176807606053,2073.53701171875,2028.6753979492187,47.251983219029455,0.008048407645187133,0
2015-11-30,2080.409912109375,2093.81005859375,2080.409912109375,2090.949951171875,4275030000,-0.004640997274763192,2079.2739990234377,2031.1229956054688,50.59229627615942,0.00704092360804597,1
2015-12-01,2102.6298828125,2103.3701171875,2082.929931640625,2082.929931640625,3712120000,0.01068057336863748,2084.2179931640626,2033.8361938476562,56.02419045127093,0.006326241274794989,0
2015-12-02,2079.510009765625,2104.27001953125,2077.110107421875,2101.7099609375,3950640000,-0.010995693172566212,2087.125,2036.5715942382812,51.18716044178075,0.007574311665850339,0
2015-12-03,2049.6201171875,2085.0,2042.3499755859375,2080.7099609375,4306490000,-0.014373526666262015,2083.72900390625,2038.7887963867188,50.9564905860752,0.007118587369905134,1
2015-12-04,2091.68994140625,2093.840087890625,2051.239990234375,2051.239990234375,4214910000,0.0205256690573854,2084.7739990234377,2041.9777954101562,66.34916832567399,0.009996366732697189,0
2015-12-07,2077.070068359375,2090.419921875,2066.780029296875,2090.419921875,4043820000,-0.006989502964787397,2083.564013671875,2044.8923974609374,56.1414017361909,0.010186085012957997,0
2015-12-08,2063.590087890625,2073.85009765625,2052.320068359375,2073.389892578125,4173570000,-0.0064899016523778386,2081.264013671875,2048.528798828125,53.205020641658656,0.010360314304835546,0
2015-12-09,2047.6199951171875,2080.330078125,2036.530029296875,2061.169921875,4385250000,-0.007738985017979982,2077.112023925781,2051.7993994140625,40.435086124324236,0.010527223909614958,1
2015-12-10,2052.22998046875,2067.64990234375,2045.6700439453125,2047.9300537109375,3715150000,0.0022513871531610885,2073.4480102539064,2054.4433984375,42.375779585760846,0.010599784866977874,0
2015-12-11,2012.3699951171875,2047.27001953125,2008.800048828125,2047.27001953125,4301060000,-0.019422767297482935,2065.6739990234373,2056.2143994140624,32.71666087025319,0.011922244222600527,1
2015-12-14,2021.93994140625,2022.9200439453125,1993.260009765625,2013.3699951171875,4612440000,0.004755560017433602,2059.827001953125,2057.625998535156,35.89466877317757,0.012208397667041642,1
2015-12-15,2043.4100341796875,2053.8701171875,2025.550048828125,2025.550048828125,4353540000,0.010618561082731848,2053.9050170898436,2058.7531982421874,40.78359573085135,0.012200814255060819,1
2015-12-16,2073.070068359375,2076.719970703125,2042.4300537109375,2046.5,4635450000,0.014514969430300617,2053.261022949219,2060.6161987304686,47.15293645633259,0.0129382285517586,0
2015-12-17,2041.8900146484375,2076.3701171875,2041.6600341796875,2073.760009765625,4327390000,-0.015040520909943678,2052.4880126953126,2061.5373999023436,42.15728902236077,0.013020671781139297,0
2015-12-18,2005.550048828125,2040.81005859375,2005.3299560546875,2040.81005859375,6683070000,-0.01779722000676387,2043.8740234375,2061.3797998046875,38.7954320226148,0.01179124834126303,1
2015-12-21,2021.1500244140625,2022.9000244140625,2005.9300537109375,2010.27001953125,3760280000,0.0077784025360287945,2038.2820190429688,2061.505,37.55803137879163,0.012307357801781786,1
2015-12-22,2038.969970703125,2042.739990234375,2020.489990234375,2023.1500244140625,3520860000,0.008816736053143037,2035.8200073242188,2061.9352001953125,43.70769179467125,0.012722540138855513,1
2015-12-23,2064.2900390625,2064.72998046875,2042.199951171875,2042.199951171875,3484090000,0.01241806830075265,2037.48701171875,2063.1472021484374,52.30971596736077,0.013148140609211894,0
2015-12-24,2060.989990234375,2067.360107421875,2058.72998046875,2063.52001953125,1411860000,-0.001598636221499028,2038.3630126953126,2064.4822021484374,44.494270840174615,0.013160187546556606,0
2015-12-28,2056.5,2057.77001953125,2044.199951171875,2057.77001953125,2492510000,-0.00217855994238203,2042.7760131835937,2065.1350024414064,46.17187336717939,0.011250124722204262,1
2015-12-29,2078.360107421875,2081.56005859375,2060.5400390625,2060.5400390625,2542000000,0.010629762908764828,2048.4180297851562,2066.0400048828124,52.66558453574997,0.011546185245607743,0
2015-12-30,2063.360107421875,2077.340087890625,2061.969970703125,2077.340087890625,2367430000,-0.007217228595965963,2050.413037109375,2066.6340063476564,52.85064127988029,0.011584516951940755,0
2015-12-31,2043.93994140625,2062.5400390625,2043.6199951171875,2060.590087890625,2655330000,-0.00941191309542666,2047.5000244140624,2066.897404785156,48.57505788984689,0.010943654737166738,0
2016-01-04,2012.6600341796875,2038.199951171875,1989.6800537109375,2038.199951171875,4304880000,-0.015303731089594375,2044.5770263671875,2066.771806640625,50.05136884125211,0.010980468564429618,1
2016-01-05,2016.7099609375,2021.93994140625,2004.1700439453125,2013.780029296875,3706620000,0.0020122259542274534,2045.693017578125,2066.0558056640625,49.05524492980269,0.00935789449046835,0
2016-01-06,1990.260009765625,2011.7099609375,1979.050048828125,2011.7099609375,4336660000,-0.013115396702646942,2042.6040161132812,2064.3580078125,40.56854922385293,0.009892926546222045,0
2016-01-07,1943.0899658203125,1985.3199462890625,1938.8299560546875,1985.3199462890625,5076590000,-0.023700443014411654,2033.016015625,2061.7962084960936,28.284543437765493,0.011361981928969962,0
2016-01-08,1922.030029296875,1960.4000244140625,1918.4599609375,1945.969970703125,4664940000,-0.010838374390218508,2018.7900146484376,2058.9190112304686,29.27445511417389,0.009719682525654276,1
2016-01-11,1923.6700439453125,1935.6500244140625,1901.0999755859375,1926.1199951171875,4607290000,0.0008532721255336551,2005.0580200195313,2055.58541015625,33.9110315624045,0.009902312986714085,1
2016-01-12,1938.6800537109375,1947.3800048828125,1914.3499755859375,1927.8299560546875,4887260000,0.00780279851675636,1993.276025390625,2052.5708129882814,33.75744817531725,0.010877924897240068,0
2016-01-13,1890.280029296875,1950.3299560546875,1886.4100341796875,1940.3399658203125,5087030000,-0.02496545230421965,1974.468017578125,2048.789211425781,23.8636246596882,0.01071645241066924,1
2016-01-14,1921.8399658203125,1934.469970703125,1878.9300537109375,1891.6800537109375,5241110000,0.016695905386662213,1960.3160034179687,2045.145009765625,25.497945898368698,0.013548577355530167,0
2016-01-15,1880.3299560546875,1916.6800537109375,1857.8299560546875,1916.6800537109375,5468460000,-0.021599098001850003,1943.9550048828125,2040.5558081054687,22.53572198701802,0.01431630595687134,1
2016-01-19,1881.3299560546875,1901.43994140625,1864.5999755859375,1888.6600341796875,4928350000,0.0005318215543925753,1930.8219970703126,2036.1362060546876,23.084719961556914,0.014320987391627026,0
2016-01-20,1859.3299560546875,1876.1800537109375,1812.2900390625,1876.1800537109375,6416070000,-0.011693855152413501,1915.0839965820312,2031.3242065429688,16.35997532720512,0.014055140122678812,1
2016-01-21,1868.989990234375,1889.8499755859375,1848.97998046875,1861.4599609375,5078810000,0.005195438361131455,1902.9569946289062,2026.7200073242188,19.649582945760073,0.014500773419105559,1
2016-01-22,1906.9000244140625,1908.8499755859375,1877.4000244140625,1877.4000244140625,4901760000,0.020283701024494727,1899.3380004882813,2023.28640625,29.769709752186685,0.015244785879267659,0
2016-01-25,1877.0799560546875,1906.280029296875,1875.969970703125,1906.280029296875,4401380000,-0.015637982053378963,1894.8429931640626,2019.1936059570312,29.898576377200314,0.01563251906483949,1
2016-01-26,1903.6300048828125,1906.72998046875,1878.7900390625,1878.7900390625,4357940000,0.014144335590226431,1892.8389892578125,2015.7662060546875,34.28310435966719,0.01646865202008697,0
2016-01-27,1882.949951171875,1916.989990234375,1872.699951171875,1902.52001953125,4754040000,-0.010863483795639506,1887.2659790039063,2012.5058056640626,34.84193668087032,0.01642739209331791,1
2016-01-28,1893.3599853515625,1902.9599609375,1873.6500244140625,1885.219970703125,4693010000,0.005528577205787588,1887.573974609375,2009.9122045898437,42.161352366248416,0.014580219591682599,1
2016-01-29,1940.239990234375,1940.239990234375,1894.0,1894.0,5497570000,0.0247602174153414,1889.4139770507813,2007.6532055664063,52.65427898753926,0.0157652472823341,0
2016-02-01,1939.3800048828125,1947.199951171875,1920.300048828125,1936.93994140625,4322530000,-0.00044323658717015935,1895.3189819335937,2005.4320068359375,52.295098572821615,0.01366562994523891,0
2016-02-02,1903.030029296875,1935.260009765625,1897.2900390625,1935.260009765625,4463190000,-0.018743090830274922,1897.4889892578126,2001.821005859375,45.09749940490799,0.015337764380474095,1
2016-02-03,1912.530029296875,1918.010009765625,1872.22998046875,1907.0699462890625,5172950000,0.004992038934619414,1902.8089965820313,1998.446806640625,53.42634317118707,0.014665676180208833,1
2016-02-04,1915.449951171875,1927.3499755859375,1900.52001953125,1911.6700439453125,5193320000,0.0015267325638141926,1907.4549926757813,1994.9724072265626,48.92078855603336,0.014648353235186517,0
2016-02-05,1880.050048828125,1913.0699462890625,1872.6500244140625,1913.0699462890625,4929940000,-0.018481246310869337,1904.7699951171876,1990.8416064453124,49.951730157052765,0.014564401021350978,0
2016-02-08,1853.43994140625,1873.25,1828.4599609375,1873.25,5636460000,-0.014153935656373462,1902.4059936523438,1986.127607421875,45.58073212747298,0.01440904860632484,0
2016-02-09,1852.2099609375,1868.25,1834.93994140625,1848.4599609375,5183220000,-0.0006636203533073592,1897.2639892578125,1981.394404296875,48.79232114439099,0.013384435911831255,0
2016-02-10,1851.8599853515625,1881.5999755859375,1850.3199462890625,1857.0999755859375,4471170000,-0.00018895027740828407,1894.1549926757812,1976.6294018554688,46.99968485027822,0.013079146411127503,0
2016-02-11,1829.0799560546875,1847.0,1810.0999755859375,1847.0,5500800000,-0.012301161792504733,1887.7269897460938,1971.602802734375,35.60700542664992,0.013215987513145509,1
2016-02-12,1864.780029296875,1864.780029296875,1833.4000244140625,1833.4000244140625,4696920000,0.019518049565855122,1880.1809936523437,1966.8458056640625,47.77352787150405,0.012026685656113003,1
2016-02-16,1895.5799560546875,1895.77001953125,1871.43994140625,1871.43994140625,4570670000,0.01651665412216241,1875.8009887695312,1963.1672045898438,48.564900048311074,0.013653198234648316,1
2016-02-17,1926.8199462890625,1930.6800537109375,1898.800048828125,1898.800048828125,5011540000,0.01648043921048603,1878.17998046875,1960.711201171875,57.53702523827479,0.013452601552362694,0
2016-02-18,1917.8299560546875,1930.0,1915.0899658203125,1927.5699462890625,4436490000,-0.004665713707027619,1878.7099731445312,1957.2340014648437,54.22464387536438,0.01350661153559978,0
2016-02-19,1917.780029296875,1918.780029296875,1902.1700439453125,1916.739990234375,4142850000,-2.6032942938902792e-05,1878.9429809570313,1954.0482006835937,45.374417000360005,0.01350061597227509,1
2016-02-22,1945.5,1946.699951171875,1924.43994140625,1924.43994140625,4054710000,0.014454197186153817,1885.4879760742188,1951.6863989257813,51.13484652239203,0.01240918736474363,0
2016-02-23,1921.27001953125,1942.3800048828125,1919.43994140625,1942.3800048828125,3890650000,-0.012454371867771763,1892.2709838867188,1949.1593994140626,53.541473699778436,0.012149500621031133,1
2016-02-24,1929.800048828125,1932.0799560546875,1891.0,1917.56005859375,4317250000,0.004439786812972857,1900.0299926757812,1946.71080078125,53.3658219994138,0.012054193644762094,1
2016-02-25,1951.699951171875,1951.8299560546875,1925.4100341796875,1931.8699951171875,4118210000,0.011348275359951865,1910.0139892578125,1945.4973999023437,56.5782361749825,0.012141666038321522,0
2016-02-26,1948.050048828125,1962.9599609375,1945.780029296875,1954.949951171875,4348510000,-0.0018701144822791393,1921.9109985351563,1944.0196020507813,63.947013686228246,0.010836473794953831,0
2016-02-29,1932.22998046875,1958.27001953125,1931.81005859375,1947.1300048828125,4588180000,-0.008120976341902342,1928.6559936523438,1941.7960009765625,66.90847781575687,0.010634407819569027,1
2016-03-01,1978.3499755859375,1978.3499755859375,1937.0899658203125,1937.0899658203125,4819750000,0.023868791801894718,1936.9329956054687,1939.9015991210938,72.69686973810738,0.011814511073782825,1
2016-03-02,1986.449951171875,1986.510009765625,1968.800048828125,1976.5999755859375,4666610000,0.004094308735004493,1942.89599609375,1938.7927978515625,73.56021401106638,0.011023747047746515,1
2016-03-03,1993.4000244140625,1993.68994140625,1977.3699951171875,1985.5999755859375,5081700000,0.0034987406745825567,1950.4530029296875,1938.5497973632812,80.45222151841463,0.010681149342793244,1
2016-03-04,1999.989990234375,2009.1300048828125,1986.77001953125,1994.010009765625,6049930000,0.0033058923144386743,1958.6739990234375,1938.1265966796875,78.08802422238338,0.010595893406705421,1
2016-03-07,2001.760009765625,2006.1199951171875,1989.3800048828125,1996.1099853515625,4968180000,0.0008850141950174084,1964.3,1937.3823974609375,75.08271733883456,0.009996760334812248,0
2016-03-08,1979.260009765625,1996.8800048828125,1977.4300537109375,1996.8800048828125,4641650000,-0.011240108649505087,1970.0989990234375,1935.681796875,62.921376703268145,0.0097948772229788,1
2016-03-09,1989.260009765625,1992.68994140625,1979.8399658203125,1981.43994140625,4038120000,0.0050523932937867055,1976.0449951171875,1934.247197265625,67.51339195124126,0.009806645706267127,1
2016-03-10,1989.5699462890625,2005.0799560546875,1969.25,1990.969970703125,4376790000,0.00015580493345068724,1979.8319946289062,1932.9085961914063,67.5792106642881,0.009388183071228549,1
2016-03-11,2022.18994140625,2022.3699951171875,1994.7099609375,1994.7099609375,4078620000,0.01639550053418848,1987.2459838867187,1931.7851928710938,68.33899247108936,0.010292844301920038,0
2016-03-14,2019.6400146484375,2024.5699462890625,2012.050048828125,2019.27001953125,3487850000,-0.001260972921287129,1995.9869873046875,1930.910791015625,76.2446255066728,0.009617259737869576,0
2016-03-15,2015.9300537109375,2015.93994140625,2005.22998046875,2015.27001953125,3560280000,-0.0018369416879204792,1999.7449951171875,1930.3505932617188,73.58566629339306,0.006912916409637867,1
2016-03-16,2027.219970703125,2032.02001953125,2010.0400390625,2014.239990234375,4057020000,0.005600351545632654,2003.8219970703126,1930.6417919921876,71.95608074057145,0.006981973331472871,1
2016-03-17,2040.5899658203125,2046.239990234375,2022.1600341796875,2026.9000244140625,4530480000,0.006595236486620859,2008.5409912109376,1931.1193920898438,75.46505339321524,0.007120382183506917,1
2016-03-18,2049.580078125,2052.360107421875,2041.1600341796875,2041.1600341796875,6503140000,0.004405643688967897,2013.5,1932.3057934570313,83.55354916532522,0.007144975761255318,1
2016-03-21,2051.60009765625,2053.909912109375,2043.1400146484375,2047.8800048828125,3376600000,0.0009855772666846896,2018.4840087890625,1934.47599609375,78.00725682766294,0.007142559321426799,0
2016-03-22,2049.800048828125,2056.60009765625,2040.5699462890625,2048.639892578125,3418460000,-0.000877387766836879,2025.5380126953125,1937.031396484375,75.44794431073949,0.005490685844318431,0
2016-03-23,2036.7099609375,2048.550048828125,2034.8599853515625,2048.550048828125,3639510000,-0.006386031602501285,2030.2830078125,1939.2921948242188,66.57987190139417,0.0062721690468039715,0
2016-03-24,2035.93994140625,2036.0400390625,2022.489990234375,2032.47998046875,3407720000,-0.0003780702927851376,2034.9200073242187,1941.237392578125,64.40417498141409,0.006295411622494207,1
2016-03-28,2037.050048828125,2042.6700439453125,2031.9599609375,2037.8900146484375,2809090000,0.0005452554858313974,2036.4060180664062,1944.17279296875,64.21493715052209,0.0038977608274316225,1
2016-03-29,2055.010009765625,2055.909912109375,2028.31005859375,2035.75,3822330000,0.008816651779288476,2039.943017578125,1946.8361938476562,81.6706849773702,0.004568250432513562,1
2016-03-30,2063.949951171875,2072.2099609375,2058.27001953125,2058.27001953125,3590310000,0.004350315260639448,2044.7450073242187,1950.50859375,81.5067590252503,0.004446275008275847,0
2016-03-31,2059.739990234375,2067.919921875,2057.4599609375,2063.77001953125,3715280000,-0.00203975921756705,2047.9970092773438,1954.0767944335937,78.6571972397345,0.004484950786955466,1
2016-04-01,2072.780029296875,2075.070068359375,2043.97998046875,2056.6201171875,3749990000,0.006330915127309877,2051.216015625,1958.3457958984375,74.59408840801947,0.004452916114948937,0
2016-04-04,2066.1298828125,2074.02001953125,2062.570068359375,2073.18994140625,3485710000,-0.003208322345054082,2052.87099609375,1962.28859375,71.73432922020186,0.00456473528380912,0
2016-04-05,2045.1700439453125,2062.5,2042.56005859375,2062.5,4154920000,-0.010144492387214377,2052.227990722656,1965.053994140625,61.77131411138456,0.0057271346272378095,1
2016-04-06,2066.659912109375,2067.330078125,2043.0899658203125,2045.56005859375,3750800000,0.010507619269939372,2053.9139770507813,1968.8455932617187,64.6725812575045,0.006655736012978296,0
2016-04-07,2041.9100341796875,2063.010009765625,2033.800048828125,2063.010009765625,3801250000,-0.011975786526205012,2054.433984375,1971.6111938476563,50.452760356045324,0.007509897878869996,1
2016-04-08,2047.5999755859375,2060.6298828125,2041.68994140625,2045.5400390625,3359530000,0.0027865779152880243,2055.599987792969,1974.9041943359375,49.30512896302674,0.0075456590442994674,0
2016-04-11,2041.989990234375,2062.929931640625,2041.8800048828125,2050.22998046875,3567840000,-0.0027397858070188352,2056.0939819335936,1977.8767944335937,46.71044054674729,0.007619305686219416,1
2016-04-12,2061.719970703125,2065.050048828125,2039.739990234375,2043.719970703125,4239740000,0.0096621337827838,2056.7649780273437,1980.3063940429688,53.63412793285527,0.007728608653683361,1
2016-04-13,2082.419921875,2083.179931640625,2065.919921875,2065.919921875,4191830000,0.01004013710204088,2058.6119750976563,1983.1671923828126,63.318006638090345,0.008247611639501783,1
2016-04-14,2082.780029296875,2087.840087890625,2078.1298828125,2082.889892578125,3765870000,0.0001729273803483533,2060.915979003906,1986.7621923828126,63.67995562109082,0.008188797981435883,0
2016-04-15,2080.72998046875,2083.219970703125,2076.31005859375,2083.10009765625,3701450000,-0.0009842848497145784,2061.710974121094,1990.12619140625,62.68735356354704,0.007998403924085875,1
2016-04-18,2094.340087890625,2094.659912109375,2073.64990234375,2078.830078125,3316880000,0.006541025289023228,2064.5319946289064,1993.703994140625,61.72004475698673,0.008101644660580085,1
2016-04-19,2100.800048828125,2104.050048828125,2091.679931640625,2096.050048828125,3896830000,0.0030844851678346608,2070.0949951171874,1998.118994140625,61.145768258877084,0.0070170092176312345,1
2016-04-20,2102.39990234375,2111.050048828125,2096.320068359375,2101.52001953125,4184880000,0.0007615448773992117,2073.668994140625,2003.098193359375,63.110015035608285,0.006468995531009937,0
2016-04-21,2091.47998046875,2103.780029296875,2088.52001953125,2102.090087890625,4175290000,-0.005194027008290192,2078.6259887695314,2007.88359375,55.822642588037105,0.005077828075594362,1
2016-04-22,2091.580078125,2094.320068359375,2081.199951171875,2091.489990234375,3790580000,4.785972478082989e-05,2083.0239990234377,2012.6779956054688,58.261465672327844,0.005129042730472573,0
2016-04-25,2087.7900390625,2089.3701171875,2077.52001953125,2089.3701171875,3319740000,-0.0018120458796383465,2087.60400390625,2017.852197265625,65.57068380375594,0.005038578750584484,1
2016-04-26,2091.699951171875,2096.8701171875,2085.800048828125,2089.840087890625,3557190000,0.0018727515871905798,2090.602001953125,2022.390595703125,60.49634648054527,0.004311996515662691,1
2016-04-27,2095.14990234375,2099.889892578125,2082.31005859375,2092.330078125,4100110000,0.001649352800310755,2091.875,2026.3819946289063,77.16878194881711,0.003101962763254135,0
2016-04-28,2075.81005859375,2099.300048828125,2071.6201171875,2090.929931640625,4309840000,-0.009230768513682652,2091.1780029296874,2029.361796875,62.63555651300041,0.0044030388045710935,0
2016-04-29,2065.300048828125,2073.85009765625,2052.280029296875,2071.820068359375,4704720000,-0.005063088369821722,2089.635009765625,2032.3111987304687,60.00175987731141,0.004652602733066471,1
2016-05-02,2081.429931640625,2083.419921875,2066.110107421875,2067.169921875,3841110000,0.007809946463542827,2088.343994140625,2035.5841967773438,58.7266516776202,0.0048845921067220115,0
2016-05-03,2063.3701171875,2077.179931640625,2054.889892578125,2077.179931640625,4173390000,-0.008676638198860664,2084.6010009765623,2037.9415991210938,41.36373094615115,0.005295526127413053,0
2016-05-04,2051.1201171875,2060.300048828125,2045.550048828125,2060.300048828125,4058560000,-0.005936889314214544,2079.4730224609375,2040.5386010742188,37.04368294744498,0.005361070677298511,0
2016-05-05,2050.6298828125,2060.22998046875,2045.77001953125,2052.949951171875,4008530000,-0.0002390081258001331,2075.3880126953127,2042.9551977539063,37.52272000453388,0.005308342844689247,1
2016-05-06,2057.139892578125,2057.719970703125,2039.449951171875,2047.77001953125,3796350000,0.0031746390805036384,2071.943994140625,2045.0639965820312,33.61506830460067,0.005527189852192485,1
2016-05-09,2058.68994140625,2064.14990234375,2054.31005859375,2057.550048828125,3788620000,0.0007534970439868616,2069.033984375,2047.2767944335938,30.614006496352815,0.005577893158707844,1
2016-05-10,2084.389892578125,2084.8701171875,2062.6298828125,2062.6298828125,3600200000,0.012483643435067249,2068.302978515625,2050.319992675781,43.21450975847117,0.007075466896117322,0
2016-05-11,2064.4599609375,2083.2900390625,2064.4599609375,2083.2900390625,3821980000,-0.009561518078546327,2065.233984375,2052.0421923828126,40.46709297758422,0.007596418477072865,0
2016-05-12,2064.110107421875,2073.989990234375,2053.1298828125,2067.169921875,3782390000,-0.0001694649071644072,2064.0639892578124,2053.5953955078126,40.32539591096926,0.0070884398465066506,0
2016-05-13,2046.6099853515625,2066.7900390625,2043.1300048828125,2062.5,3579880000,-0.00847828902508041,2062.1949829101563,2054.6595947265623,36.77409793723493,0.00740561772582075,1
2016-05-16,2066.659912109375,2071.8798828125,2046.530029296875,2046.530029296875,3501360000,0.009796652464963085,2060.717980957031,2055.9929931640627,42.713275445349566,0.00768610238919916,0
2016-05-17,2047.2099609375,2065.68994140625,2040.8199462890625,2065.0400390625,4108960000,-0.009411297455333645,2059.1019653320313,2056.9019921875,37.23776791900264,0.007773981156564553,1
2016-05-18,2047.6300048828125,2060.610107421875,2034.489990234375,2044.3800048828125,4101320000,0.00020517873267866804,2058.7529541015624,2058.2693920898437,41.65775891913066,0.007559080162401074,0
2016-05-19,2040.0400390625,2044.2099609375,2025.9100341796875,2044.2099609375,3846770000,-0.003706707658226005,2057.6939697265625,2059.2849926757813,42.39063444597581,0.007642966724641152,1
2016-05-20,2052.320068359375,2058.35009765625,2041.8800048828125,2041.8800048828125,3507650000,0.006019504059596059,2057.2119873046877,2060.5399951171876,41.022671830672024,0.007844863689887398,0
2016-05-23,2048.0400390625,2055.580078125,2047.260009765625,2052.22998046875,3055480000,-0.0020854589704891735,2056.1469970703124,2061.0569970703127,44.833141882884995,0.00785760596693583,1
2016-05-24,2076.06005859375,2079.669921875,2052.64990234375,2052.64990234375,3627340000,0.013681382686285826,2055.314013671875,2062.185397949219,57.59807567580434,0.008083239225453825,1
2016-05-25,2090.5400390625,2094.72998046875,2078.929931640625,2078.929931640625,3859160000,0.006974740643369559,2057.922021484375,2063.67759765625,61.2038029547467,0.007675345560153854,0
2016-05-26,2090.10009765625,2094.300048828125,2087.080078125,2091.43994140625,3230990000,-0.00021044390350322129,2060.5210205078124,2064.9352001953125,59.57923865611807,0.007676217868318177,1
2016-05-27,2099.06005859375,2099.06005859375,2090.06005859375,2090.06005859375,3079150000,0.004286857336424754,2065.7660278320313,2066.104602050781,61.24830958360657,0.006895075575050058,0
2016-05-31,2096.949951171875,2103.47998046875,2088.659912109375,2100.1298828125,4514410000,-0.0010052630048559275,2068.795031738281,2067.051999511719,54.02927935689424,0.006467399360786609,1
2016-06-01,2099.330078125,2100.969970703125,2085.10009765625,2093.93994140625,3525170000,0.0011350423274503196,2074.007043457031,2068.0065991210936,62.605777751104114,0.005238002597175202,1
2016-06-02,2105.260009765625,2105.260009765625,2088.590087890625,2097.7099609375,3632720000,0.0028246780734553223,2079.7700439453124,2069.115798339844,64.29906986056392,0.005173958422487766,0
2016-06-03,2099.1298828125,2104.070068359375,2085.360107421875,2104.070068359375,3627780000,-0.002911814656949452,2085.6790283203127,2070.3641967773438,69.81581698684144,0.005068054940288596,1
2016-06-06,2109.409912109375,2113.360107421875,2100.830078125,2100.830078125,3442020000,0.004897281193053882,2091.3880126953127,2071.8335961914063,67.4134073212208,0.005002591029850589,1
2016-06-07,2112.1298828125,2119.219970703125,2110.179931640625,2110.179931640625,3534730000,0.0012894462510633087,2097.7969970703125,2073.3351928710936,80.61675175413751,0.004746777665668354,1
2016-06-08,2119.1201171875,2120.550048828125,2112.7099609375,2112.7099609375,3562060000,0.0033095665337075086,2102.1030029296876,2074.617395019531,81.74785681217683,0.0029819618184965505,0
2016-06-09,2115.47998046875,2117.639892578125,2107.72998046875,2115.64990234375,3290320000,-0.0017177585589538413,2104.5969970703127,2075.6479956054686,84.71995002157342,0.0026367587284443954,0
2016-06-10,2096.070068359375,2109.570068359375,2089.9599609375,2109.570068359375,3515010000,-0.009175181182794367,2105.193994140625,2076.3745971679687,68.8951404060768,0.004216465575625205,0
2016-06-13,2079.06005859375,2098.1201171875,2078.4599609375,2091.75,3392030000,-0.008115191387155773,2103.193994140625,2076.5001977539064,62.07000064597274,0.004706733027640327,0
2016-06-14,2075.320068359375,2081.300048828125,2064.10009765625,2076.64990234375,3759770000,-0.0017988851350955182,2101.031005859375,2076.6840014648437,49.64498801790637,0.004714510462449592,0
2016-06-15,2071.5,2085.64990234375,2069.800048828125,2077.60009765625,3544720000,-0.0018407128700851372,2098.247998046875,2077.2106005859373,39.82475001565664,0.00465648824588964,1
2016-06-16,2077.989990234375,2079.6201171875,2050.3701171875,2066.360107421875,3628280000,0.0031329906996742096,2095.52099609375,2077.4372021484373,43.92127547456527,0.004687922871700414,0
2016-06-17,2071.219970703125,2078.199951171875,2062.840087890625,2078.199951171875,4952630000,-0.0032579654199809127,2092.7300048828124,2078.023400878906,35.7114037615748,0.0047024593552940025,1
2016-06-20,2083.25,2100.659912109375,2075.580078125,2075.580078125,3467440000,0.00580818525653326,2090.114013671875,2078.7364013671877,43.618465793430026,0.004843156699048096,1
2016-06-21,2088.89990234375,2093.659912109375,2083.02001953125,2085.18994140625,3232880000,0.002712061607464289,2087.791015625,2079.674599609375,45.28517194190615,0.004945413094516715,0
2016-06-22,2085.449951171875,2099.7099609375,2084.360107421875,2089.75,3168160000,-0.0016515636618127383,2084.4239990234373,2080.14919921875,40.839734297880796,0.004697154290168824,1
2016-06-23,2113.320068359375,2113.320068359375,2092.800048828125,2092.800048828125,3297940000,0.01336407865930278,2084.2080078125,2080.7672021484377,55.46321169886588,0.00666202687297951,0
2016-06-24,2037.4100341796875,2103.81005859375,2032.5699462890625,2103.81005859375,7597450000,-0.035919799994431734,2078.342004394531,2079.8598022460938,31.585743463006523,0.013036556465760935,0
2016-06-27,2000.5400390625,2031.449951171875,1991.6800537109375,2031.449951171875,5431220000,-0.01809650217612302,2070.4900024414064,2078.2560034179687,25.704408025106105,0.01384918802065939,1
2016-06-28,2036.0899658203125,2036.0899658203125,2006.6700439453125,2006.6700439453125,4385810000,0.01777016508725926,2066.5669921875,2077.0910009765626,33.92197732946872,0.015446697842971079,1
2016-06-29,2070.77001953125,2073.1298828125,2042.68994140625,2042.68994140625,4241740000,0.017032672570028273,2066.493994140625,2076.490400390625,42.27139828219533,0.016554196070752796,1
2016-06-30,2098.860107421875,2098.93994140625,2070.0,2073.169921875,4622820000,0.013565044705922347,2068.581005859375,2076.4196044921873,50.468237071854794,0.01708741829410739,1
2016-07-01,2102.949951171875,2108.7099609375,2097.89990234375,2099.340087890625,3458890000,0.00194860235588723,2071.75400390625,2076.64900390625,54.19106202581632,0.017017952428613977,0
2016-07-05,2088.550048828125,2095.050048828125,2080.860107421875,2095.050048828125,3658380000,-0.006847477437932237,2072.2840087890627,2076.5884033203124,52.237288863346606,0.017144742533267303,1
2016-07-06,2099.72998046875,2100.719970703125,2074.02001953125,2084.429931640625,3909380000,0.005352963242081676,2073.3670166015627,2076.8272021484377,54.65795473771562,0.017204758276025293,0
2016-07-07,2097.89990234375,2109.080078125,2089.389892578125,2100.419921875,3604550000,-0.0008715778419239317,2074.61201171875,2076.951201171875,53.33644813165288,0.017194920747220746,1
2016-07-08,2129.89990234375,2131.7099609375,2106.969970703125,2106.969970703125,3607500000,0.015253349296718177,2076.2699951171876,2077.646201171875,59.06674261485592,0.01735876078585988,1
2016-07-11,2137.159912109375,2143.159912109375,2131.719970703125,2131.719970703125,3253340000,0.003408615474199461,2086.244982910156,2078.8731982421873,58.45433933137151,0.011577698368950723,1
2016-07-12,2152.139892578125,2155.39990234375,2139.5,2139.5,4097820000,0.007009293213798395,2101.4049682617188,2080.6099951171873,59.63554472998781,0.008309290467678703,1
2016-07-13,2152.429931640625,2156.449951171875,2146.2099609375,2153.81005859375,3502320000,0.00013476775533982632,2113.03896484375,2082.0299951171874,60.30461237980769,0.007704305118609857,1
2016-07-14,2163.75,2168.989990234375,2157.8798828125,2157.8798828125,3465610000,0.00525920411762093,2122.336962890625,2084.0375927734376,58.17473490416025,0.006580469173228661,0
2016-07-15,2161.739990234375,2169.050048828125,2155.7900390625,2165.1298828125,3122600000,-0.0009289473209127541,2128.624951171875,2086.249990234375,76.50394263031811,0.005904160923866592,1
2016-07-18,2166.889892578125,2168.35009765625,2159.6298828125,2162.0400390625,3009310000,0.002382294987840705,2135.0189453125,2088.5751904296876,91.0072449027493,0.005897398211393236,0
2016-07-19,2163.780029296875,2164.6298828125,2159.010009765625,2163.7900390625,2968340000,-0.0014351736522938419,2142.541943359375,2090.7079931640624,87.4699910376098,0.005083932660044294,1
2016-07-20,2173.02001953125,2175.6298828125,2164.889892578125,2166.10009765625,3211860000,0.004270300173431885,2149.870947265625,2092.9945947265624,85.27085431706175,0.00505285739373521,0
2016-07-21,2165.169921875,2174.56005859375,2159.75,2172.909912109375,3438900000,-0.003612528916297486,2156.59794921875,2094.6101953125,76.5856647566321,0.005377158591912144,1
2016-07-22,2175.030029296875,2175.110107421875,2163.239990234375,2166.469970703125,3023280000,0.004553964713003289,2161.1109619140625,2096.8215966796874,77.62112542707776,0.003411955540050477,0
2016-07-25,2168.47998046875,2173.7099609375,2161.949951171875,2173.7099609375,3057240000,-0.0030114751244342264,2164.24296875,2098.908994140625,82.5898429800933,0.0037285620171620304,1
2016-07-26,2169.179931640625,2173.5400390625,2160.179931640625,2168.969970703125,3442350000,0.0003227842443460638,2165.94697265625,2101.3603930664062,80.96293377626168,0.003182875291705289,0
2016-07-27,2166.580078125,2174.97998046875,2159.070068359375,2169.81005859375,3995500000,-0.0011985421207814095,2167.3619873046873,2103.358796386719,80.4110092536539,0.003240933321465081,1
2016-07-28,2170.06005859375,2172.85009765625,2159.739990234375,2166.050048828125,3664240000,0.0016062090221755643,2167.9929931640627,2105.8157983398437,73.79158928788378,0.0028468776104501677,1
2016-07-29,2173.60009765625,2177.090087890625,2163.489990234375,2168.830078125,4038840000,0.0016313092573088106,2169.17900390625,2108.3352001953126,72.58317824883119,0.002839701932601038,0
2016-08-01,2170.840087890625,2178.2900390625,2166.2099609375,2173.14990234375,3505990000,-0.0012697872845152114,2169.5740234375,2110.951201171875,63.65776072350684,0.0028127169908230627,0
2016-08-02,2157.030029296875,2170.199951171875,2147.580078125,2169.93994140625,3848750000,-0.006361619481225378,2168.8990234375,2113.045400390625,52.80562256172012,0.0034803516010260362,1
2016-08-03,2163.7900390625,2163.7900390625,2152.56005859375,2156.81005859375,3786530000,0.0031339432802557354,2167.976025390625,2115.360400390625,50.02585837180554,0.0033295820247634745,1
2016-08-04,2164.25,2168.18994140625,2159.070068359375,2163.510009765625,3709200000,0.00021257188969192597,2167.884033203125,2117.12419921875,51.65415445210658,0.003136243469376073,1
2016-08-05,2182.8701171875,2182.8701171875,2168.7900390625,2168.7900390625,3663070000,0.008603496447961101,2168.6680419921877,2118.97080078125,58.94347934207254,0.003950726764920656,0
2016-08-08,2180.889892578125,2185.43994140625,2177.85009765625,2183.760009765625,3327550000,-0.0009071655678379864,2169.909033203125,2120.7865966796876,59.69832000221416,0.0038041094256090527,1
2016-08-09,2181.739990234375,2187.659912109375,2178.610107421875,2182.239990234375,3334300000,0.0003897939364765346,2171.1650390625,2122.4401953125,55.462233709033626,0.0038036702340702574,0
2016-08-10,2175.489990234375,2183.409912109375,2172.0,2182.81005859375,3254950000,-0.0028646859974036376,2172.0560302734375,2124.01099609375,56.59678330539872,0.003924985635809722,1
2016-08-11,2185.7900390625,2188.449951171875,2177.969970703125,2177.969970703125,3423160000,0.004734588012062169,2173.6290283203125,2125.7401953125,56.83953406808963,0.004148570558612707,0
2016-08-12,2184.050048828125,2186.280029296875,2179.419921875,2183.739990234375,3000660000,-0.0007960463737501922,2174.6740234375,2127.31599609375,60.541635949499316,0.004160985186097633,1
2016-08-15,2190.14990234375,2193.81005859375,2186.080078125,2186.080078125,3078530000,0.0027929092187690685,2176.6050048828124,2129.136396484375,63.23022467029565,0.004168671651531836,0
2016-08-16,2178.14990234375,2186.239990234375,2178.139892578125,2186.239990234375,3196400000,-0.00547907701986905,2178.7169921875,2130.5111962890624,56.52553482121218,0.0040040952573818095,1
2016-08-17,2182.219970703125,2183.080078125,2168.5,2177.840087890625,3388910000,0.001868589648029051,2180.5599853515623,2131.912998046875,56.81300252510744,0.003948138264156031,1
2016-08-18,2187.02001953125,2187.030029296875,2180.4599609375,2181.89990234375,3300570000,0.0021996173129046337,2182.8369873046877,2133.27099609375,57.414281475087,0.0039621631560432455,0
2016-08-19,2183.8701171875,2185.0,2175.1298828125,2184.239990234375,3084800000,-0.0014402713809749113,2182.9369873046876,2134.638798828125,57.16799136150336,0.002989452842420648,0
2016-08-22,2182.639892578125,2185.14990234375,2175.9599609375,2181.580078125,2777550000,-0.000563323157221185,2183.1119873046873,2136.3701953125,66.35147774036663,0.0029791824289739674,1
2016-08-23,2186.89990234375,2193.419921875,2186.800048828125,2187.81005859375,3041490000,0.0019517694055308787,2183.627978515625,2138.5269921875,65.2418523766585,0.003037363132216341,0
2016-08-24,2175.43994140625,2186.659912109375,2171.25,2185.090087890625,3148280000,-0.005240276852734871,2183.6229736328123,2140.5293896484377,56.44503566044953,0.0033806988560015406,0
2016-08-25,2172.469970703125,2179.0,2169.739990234375,2173.2900390625,2969310000,-0.0013652276243513173,2182.290966796875,2142.5487890625,42.692462080535755,0.002955665250153701,0
2016-08-26,2169.0400390625,2187.93994140625,2160.389892578125,2175.10009765625,3342340000,-0.0015788165944199406,2180.7899658203123,2144.3697900390625,41.84007988944592,0.002971546929602471,1
2016-08-29,2180.3798828125,2183.47998046875,2170.18994140625,2170.18994140625,2654780000,0.005228047221710774,2179.8129638671876,2146.55298828125,49.18164270793855,0.003362342203488906,0
2016-08-30,2176.1201171875,2182.27001953125,2170.409912109375,2179.449951171875,3006800000,-0.0019536804841114863,2179.6099853515625,2148.410390625,50.38844156821431,0.0029329084889539443,0
2016-08-31,2170.949951171875,2173.7900390625,2161.35009765625,2173.56005859375,3766390000,-0.0023758642617150993,2178.4829833984377,2150.0513916015625,40.23418044876017,0.002925189247369649,0
2016-09-01,2170.860107421875,2173.56005859375,2157.090087890625,2171.330078125,3392120000,-4.1384533048027805e-05,2176.8669921875,2151.7595947265627,41.12739527153527,0.0027762667036677438,1
2016-09-02,2179.97998046875,2184.8701171875,2173.590087890625,2177.489990234375,3091120000,0.004201041336424849,2176.477978515625,2153.09279296875,43.42600308057471,0.003163793753383519,1
2016-09-06,2186.47998046875,2186.570068359375,2175.10009765625,2181.610107421875,3447650000,0.0029816787577114923,2176.8619873046873,2156.0741918945314,55.79688476907603,0.0033105006433862627,0
2016-09-07,2186.159912109375,2187.8701171875,2179.070068359375,2185.169921875,3319420000,-0.0001463852229309781,2176.78798828125,2159.7865893554685,52.89277827171825,0.0032517503556329834,0
2016-09-08,2181.300048828125,2184.93994140625,2177.489990234375,2182.760009765625,3727840000,-0.0022230136296667036,2177.3739990234376,2162.690791015625,45.803976631647565,0.002826685317668055,0
2016-09-09,2127.81005859375,2169.080078125,2127.81005859375,2169.080078125,4233960000,-0.02452206896667508,2172.9080078125,2163.831591796875,26.345869370835686,0.008369138930498043,1
2016-09-12,2159.0400390625,2163.300048828125,2119.1201171875,2120.860107421875,4010480000,0.01467705274849096,2171.9080078125,2165.0351904296876,42.053882183893876,0.009906805730624751,0
2016-09-13,2127.02001953125,2150.469970703125,2120.27001953125,2150.469970703125,4141670000,-0.014830674258895948,2166.572021484375,2165.516591796875,33.0136933173398,0.010640264475265311,0
2016-09-14,2125.77001953125,2141.330078125,2119.89990234375,2127.860107421875,3664100000,-0.0005876766502063147,2161.53701171875,2166.2609912109374,35.043623499936785,0.01065572099042411,1
2016-09-15,2147.260009765625,2151.31005859375,2122.360107421875,2125.360107421875,3373720000,0.010109273363029914,2159.168017578125,2167.211591796875,43.170598786236965,0.011352750931713663,0
2016-09-16,2139.159912109375,2146.47998046875,2131.199951171875,2146.47998046875,5014360000,-0.0037722947474507773,2155.997998046875,2168.0367919921873,42.10520883728431,0.011377629757924229,0
2016-09-19,2139.1201171875,2153.610107421875,2135.909912109375,2143.989990234375,3141820000,-1.8603060785604697e-05,2151.91201171875,2168.2211962890624,38.406234564513476,0.01122356035315617,1
2016-09-20,2139.760009765625,2150.800048828125,2139.169921875,2145.93994140625,3117380000,0.0002991382171499968,2147.2400146484374,2168.2731982421874,39.5708481498236,0.011127336646689408,1
2016-09-21,2163.1201171875,2165.110107421875,2139.570068359375,2144.580078125,3685450000,0.010917162352442444,2144.93603515625,2168.492802734375,47.96637747473429,0.011868642311485511,1
2016-09-22,2177.179931640625,2179.989990234375,2170.93994140625,2170.93994140625,3523860000,0.006499784427785649,2144.5240234375,2168.987802734375,51.530375765601725,0.012086907803460587,0
2016-09-23,2164.68994140625,2173.75,2163.969970703125,2173.2900390625,3289860000,-0.00573677446354337,2148.21201171875,2169.0066015625,46.35690552199772,0.008917816888507436,0
2016-09-26,2146.10009765625,2158.5400390625,2145.0400390625,2158.5400390625,3199910000,-0.008587762798917709,2146.918017578125,2168.6938037109376,40.90295072734153,0.008176150793213852,1
2016-09-27,2159.929931640625,2161.1298828125,2141.550048828125,2146.0400390625,3414090000,0.006444170055012188,2150.2090087890624,2168.5546044921875,44.429800912484446,0.006685396078872482,1
2016-09-28,2171.3701171875,2172.39990234375,2151.7900390625,2161.85009765625,3860390000,0.005296554012835575,2154.7690185546876,2168.70640625,47.9486116448934,0.0067344645321511685,0
2016-09-29,2151.1298828125,2172.669921875,2145.199951171875,2168.89990234375,4215620000,-0.009321411497187015,2155.156005859375,2168.268603515625,55.58478978252074,0.006979918970728405,1
2016-09-30,2168.27001953125,2175.300048828125,2156.510009765625,2156.510009765625,4158800000,0.007967969231286176,2158.0670166015625,2168.33060546875,52.370430748009284,0.00722038308565301,0
2016-10-03,2161.199951171875,2164.409912109375,2154.77001953125,2164.330078125,3113850000,-0.0032606955294726125,2160.275,2168.05400390625,60.06832025659651,0.007361374006422241,0
2016-10-04,2150.489990234375,2165.4599609375,2144.010009765625,2163.3701171875,3716100000,-0.0049555622707156965,2161.347998046875,2167.6942041015627,56.89731513358937,0.007604598756060851,1
2016-10-05,2159.72998046875,2163.949951171875,2155.14990234375,2155.14990234375,3883710000,0.0042966906501935576,2161.008984375,2167.505205078125,53.73464341127215,0.006850244398385635,1
2016-10-06,2160.77001953125,2162.929931640625,2150.280029296875,2158.219970703125,3438040000,0.00048155976529717925,2159.3679931640627,2167.38900390625,56.7578091001956,0.006455506195125497,0
2016-10-07,2153.739990234375,2165.860107421875,2144.85009765625,2164.18994140625,3578770000,-0.0032534833570118105,2158.272998046875,2167.0626025390625,54.380351727255565,0.006287402981631995,1
2016-10-10,2163.659912109375,2169.60009765625,2160.389892578125,2160.389892578125,2881970000,0.004605905039596125,2160.0289794921873,2166.863798828125,56.78357207796528,0.005761451790034459,0
2016-10-11,2136.72998046875,2161.56005859375,2128.840087890625,2161.35009765625,3393060000,-0.012446471596532338,2157.708984375,2166.1815966796876,42.65839326028901,0.006731480826757888,1
2016-10-12,2139.179931640625,2145.360107421875,2132.77001953125,2137.669921875,2959510000,0.001146589037580359,2154.4899658203126,2165.8245947265623,38.698556533356566,0.0064166945240677975,0
2016-10-13,2132.550048828125,2138.18994140625,2114.719970703125,2130.260009765625,3538030000,-0.0030992637479612117,2152.631982421875,2165.199794921875,40.09617569216556,0.005847625012176711,1
2016-10-14,2132.97998046875,2149.18994140625,2132.97998046875,2139.679931640625,3187910000,0.00020160447857309194,2149.102978515625,2164.57439453125,45.447568252591346,0.0050004897076441875,0
2016-10-17,2126.5,2135.610107421875,2124.429931640625,2132.949951171875,2832440000,-0.003037994040303138,2145.6329833984373,2163.4469921875,37.77701208114559,0.004992902118161114,1
2016-10-18,2139.60009765625,2144.3798828125,2135.489990234375,2138.31005859375,3172940000,0.006160403318245855,2144.543994140625,2162.6211962890625,38.52323399091243,0.005386233225389937,1
2016-10-19,2144.2900390625,2148.43994140625,2138.14990234375,2140.81005859375,3364990000,0.0021919710189710617,2143.0,2161.872197265625,47.21640429700695,0.005216665991061,0
2016-10-20,2141.340087890625,2147.179931640625,2133.43994140625,2142.510009765625,3339320000,-0.0013757239543792377,2141.0570068359375,2161.18919921875,37.60927049657276,0.005202774232069179,0
2016-10-21,2141.159912109375,2142.6298828125,2130.090087890625,2139.429931640625,3456390000,-8.414160005176807e-05,2139.7989990234373,2160.2965966796874,40.15519681450743,0.00513898731976007,1
2016-10-24,2151.330078125,2154.7900390625,2146.909912109375,2148.5,3359950000,0.004749839541692946,2138.566015625,2159.642197265625,50.414899235312134,0.005155282218149287,0
2016-10-25,2143.159912109375,2151.43994140625,2141.929931640625,2149.719970703125,3756200000,-0.0037977277864983394,2139.2090087890624,2158.7023974609374,41.72904018308689,0.0033482205250116148,0
2016-10-26,2139.429931640625,2145.72998046875,2131.590087890625,2136.969970703125,3778120000,-0.0017404116452881535,2139.2340087890625,2157.927998046875,39.62664514674294,0.0033918266750441596,0
2016-10-27,2133.0400390625,2147.1298828125,2132.52001953125,2144.06005859375,4209400000,-0.0029867267366989747,2139.2830078125,2156.9443994140624,39.87480086841672,0.0033805067725935396,0
2016-10-28,2126.409912109375,2140.719970703125,2119.360107421875,2132.22998046875,4028270000,-0.0031082993435224138,2138.6260009765624,2155.732197265625,31.17359051177391,0.0035207613816456897,0
2016-10-31,2126.14990234375,2133.25,2125.530029296875,2129.780029296875,3926560000,-0.00012227640782913607,2138.5909912109373,2154.57779296875,42.67918561514707,0.00338728801417293,0
2016-11-01,2111.719970703125,2131.449951171875,2097.85009765625,2128.679931640625,4539190000,-0.006786883476427641,2135.802978515625,2153.15939453125,33.70139806635599,0.0032372592063295196,0
2016-11-02,2097.93994140625,2111.760009765625,2094.0,2109.429931640625,4289120000,-0.00652550029741239,2131.16796875,2151.3801953125,31.064688046803,0.0033619754907358796,0
2016-11-03,2088.659912109375,2102.56005859375,2085.22998046875,2098.800048828125,3892100000,-0.004423400838946101,2125.899951171875,2149.6445947265624,27.89312809771424,0.0034188459212399188,0
2016-11-04,2085.179931640625,2099.070068359375,2083.7900390625,2083.7900390625,3841910000,-0.0016661307322337615,2120.301953125,2147.8987939453127,28.753668744680482,0.0033310069625146293,1
2016-11-07,2131.52001953125,2132.0,2100.590087890625,2100.590087890625,3739720000,0.022223543967337278,2118.320947265625,2147.1483935546876,46.90372122264468,0.008386098248368876,1
2016-11-08,2139.56005859375,2146.8701171875,2123.56005859375,2129.919921875,3921850000,0.0037719744542996647,2117.9609619140624,2146.3319970703124,48.232847474323655,0.008436297710430895,1
2016-11-09,2163.260009765625,2170.10009765625,2125.35009765625,2131.56005859375,6267590000,0.011077020753253342,2120.3439697265626,2146.074794921875,57.09012859268245,0.00911213873251715,1
2016-11-10,2167.47998046875,2182.300048828125,2151.169921875,2167.489990234375,6458450000,0.0019507459501284519,2123.7879638671875,2146.0053955078124,58.29656046014447,0.008996397845649902,0
2016-11-11,2164.449951171875,2165.919921875,2152.489990234375,2162.7099609375,4993990000,-0.0013979503036608554,2127.5919677734373,2145.8771923828126,54.33055637483621,0.00891197685307551,0
2016-11-14,2164.199951171875,2171.360107421875,2156.080078125,2165.639892578125,5373670000,-0.00011550278622274313,2131.39697265625,2145.561591796875,57.32795711725071,0.008911813916834363,1
2016-11-15,2180.389892578125,2180.840087890625,2166.3798828125,2168.2900390625,4548110000,0.007480797417763307,2138.26396484375,2145.4397900390627,63.12650807907889,0.008515711760355245,0
2016-11-16,2176.93994140625,2179.219970703125,2172.199951171875,2177.530029296875,3847900000,-0.0015822634216101639,2146.16396484375,2145.255390625,64.33886854561925,0.008014749707195446,1
2016-11-17,2187.1201171875,2188.06005859375,2176.64990234375,2178.610107421875,3811730000,0.004676369608375142,2156.0099853515626,2145.3717919921874,69.38011743305739,0.007485012624823788,0
2016-11-18,2181.89990234375,2189.889892578125,2180.3798828125,2186.85009765625,3580900000,-0.002386798421690206,2165.681982421875,2146.4535888671876,67.2504132206432,0.007555631325855612,1
2016-11-21,2198.179931640625,2198.699951171875,2186.429931640625,2186.429931640625,3611500000,0.0074614006258433285,2172.3479736328127,2147.23638671875,76.449991933701,0.004578967469035868,1
2016-11-22,2202.93994140625,2204.800048828125,2194.510009765625,2201.56005859375,3960520000,0.002165432272904111,2178.6859619140623,2148.75478515625,83.99809646074503,0.004580703817397597,1
2016-11-23,2204.719970703125,2204.719970703125,2194.510009765625,2198.550048828125,3419850000,0.0008080244329033981,2182.8319580078123,2150.3337841796874,89.49759549075586,0.0035976737682533173,1
2016-11-25,2213.35009765625,2213.35009765625,2206.27001953125,2206.27001953125,1584590000,0.003914386891670674,2187.4189697265624,2151.6555859375,92.14167714218286,0.003653540683349316,0
2016-11-28,2201.719970703125,2211.139892578125,2200.360107421875,2210.2099609375,3515100000,-0.005254535631502799,2191.1459716796876,2152.906787109375,79.90780284954099,0.004223214683279602,1
2016-11-29,2204.659912109375,2210.4599609375,2198.14990234375,2200.760009765625,3709190000,0.0013352930642269722,2195.1919677734377,2154.2175830078127,78.9949958570655,0.004177955553381942,0
2016-11-30,2198.81005859375,2214.10009765625,2198.81005859375,2204.969970703125,5538400000,-0.0026534040390964186,2197.033984375,2155.398583984375,68.827400731824,0.0038821781059475923,0
2016-12-01,2191.080078125,2202.60009765625,2187.43994140625,2200.169921875,5067470000,-0.0035155289737457407,2198.447998046875,2155.957783203125,62.05065298367915,0.004060702250180535,1
2016-12-02,2191.949951171875,2197.949951171875,2188.3701171875,2191.1201171875,3782370000,0.00039700650631591117,2198.9309814453127,2156.25318359375,64.3587756288338,0.0038074214773280188,1
2016-12-05,2204.7099609375,2209.419921875,2199.969970703125,2200.64990234375,3898530000,0.005821305253253195,2201.2119873046877,2157.053583984375,68.70781893004116,0.004057818808379896,1
2016-12-06,2212.22998046875,2212.780029296875,2202.2099609375,2207.260009765625,3857290000,0.0034108883546988267,2202.6169921875,2158.376181640625,65.98392501280753,0.00351193849953863,1
2016-12-07,2241.35009765625,2241.6298828125,2208.929931640625,2210.719970703125,4504070000,0.013163241364864575,2206.4580078125,2160.0045849609373,75.7084278553443,0.00530565066867281,1
2016-12-08,2246.18994140625,2251.68994140625,2237.570068359375,2241.1298828125,4203270000,0.0021593430473272335,2210.6050048828124,2161.5009814453124,74.62675629129906,0.005296401453503215,1
2016-12-09,2259.530029296875,2259.800048828125,2249.22998046875,2249.72998046875,3886460000,0.005938984786955759,2215.222998046875,2163.668984375,80.3124159902992,0.005420152241999048,0
2016-12-12,2256.9599609375,2264.030029296875,2252.3701171875,2258.830078125,4038850000,-0.0011374349205595102,2220.7469970703123,2165.442783203125,75.70403363390038,0.004935829772834911,1
2016-12-13,2271.719970703125,2277.530029296875,2263.320068359375,2263.320068359375,3875630000,0.006539774750587091,2227.4530029296875,2167.65318359375,77.65802665242481,0.005072802255420146,0
2016-12-14,2253.280029296875,2276.199951171875,2248.43994140625,2268.35009765625,4409670000,-0.00811717185395111,2232.9,2169.708984375,67.21987893395391,0.005966395294946694,1
2016-12-15,2262.030029296875,2272.1201171875,2253.77001953125,2253.77001953125,4173360000,0.0038832279549072535,2239.9949951171875,2171.7549853515625,67.24772372224827,0.005589036260968123,0
2016-12-16,2258.070068359375,2268.050048828125,2254.239990234375,2266.81005859375,5928980000,-0.0017506226204834219,2246.6070068359377,2173.700986328125,71.11285925980133,0.005747965926756285,1
2016-12-19,2262.530029296875,2267.469970703125,2258.2099609375,2259.239990234375,3252840000,0.001975120701520394,2252.389013671875,2175.876787109375,71.43818419929238,0.005665639727109431,1
2016-12-20,2270.760009765625,2272.56005859375,2266.139892578125,2266.5,3306250000,0.0036375121488696482,2258.2420166015627,2178.0187890625,76.19221984233494,0.005669666414971488,0
2016-12-21,2265.179931640625,2271.22998046875,2265.14990234375,2270.5400390625,2854880000,-0.0024573614565177593,2260.625,2180.5877880859375,77.40380187764433,0.004469809032202171,0
2016-12-22,2260.9599609375,2263.179931640625,2256.080078125,2262.929931640625,2880670000,-0.0018629737285675851,2262.102001953125,2183.023388671875,74.90436140200634,0.004541016390250885,1
2016-12-23,2263.7900390625,2263.7900390625,2258.840087890625,2260.25,2021230000,0.0012517152775348706,2262.5280029296873,2185.6481884765626,72.96688862399114,0.004162249035054615,1
2016-12-27,2268.8798828125,2273.820068359375,2266.14990234375,2266.22998046875,1989730000,0.0022483727122095676,2263.7199951171874,2188.3661865234376,72.44628284649644,0.004179386709609204,0
2016-12-28,2249.919921875,2271.31005859375,2249.110107421875,2270.22998046875,2402750000,-0.008356529175972627,2261.539990234375,2190.8345849609377,53.6929415180807,0.004447349712531701,0
2016-12-29,2249.260009765625,2254.510009765625,2244.56005859375,2249.5,2338700000,-0.000293304709629405,2261.13798828125,2193.027783203125,51.37240607067319,0.0036670924294951337,0
2016-12-30,2238.830078125,2253.580078125,2233.6201171875,2251.610107421875,2671550000,-0.004637050227782158,2258.8179931640625,2194.918583984375,40.49935345358873,0.0036094341685368814,1
2017-01-03,2257.830078125,2263.8798828125,2245.1298828125,2251.570068359375,3773010000,0.008486575281279274,2258.793994140625,2197.2483837890627,50.347020723875104,0.004675059832211033,1
2017-01-04,2270.75,2272.820068359375,2261.60009765625,2261.60009765625,3768890000,0.005722273788525856,2259.6159912109374,2199.840185546875,49.60739322143101,0.00499055549884847,0
2017-01-05,2269.0,2271.5,2260.449951171875,2268.179931640625,3785080000,-0.0007706704833204681,2259.439990234375,2202.193583984375,57.35680906733087,0.004863317001365705,1
2017-01-06,2276.97998046875,2282.10009765625,2264.06005859375,2271.139892578125,3342080000,0.0035169592193697863,2260.6199951171875,2204.8699853515627,57.0472378418316,0.004903820551216347,0
2017-01-09,2268.89990234375,2275.489990234375,2268.89990234375,2273.590087890625,3219730000,-0.0035485942758867184,2261.4139892578123,2207.459384765625,54.91417721126342,0.005022763626089458,0
2017-01-10,2268.89990234375,2279.27001953125,2265.27001953125,2269.719970703125,3640560000,0.0,2261.9249755859373,2210.17658203125,53.0123375258908,0.0050137156145069126,1
2017-01-11,2275.320068359375,2275.320068359375,2260.830078125,2268.60009765625,3625080000,0.0028296382793233654,2262.568994140625,2213.15478515625,52.19402522224519,0.005042912443701433,0
2017-01-12,2270.43994140625,2271.780029296875,2254.25,2271.139892578125,3466220000,-0.0021448089967596173,2264.62099609375,2216.0405859375,52.54796127619214,0.004164996062907698,1
2017-01-13,2274.639892578125,2278.679931640625,2271.510009765625,2272.739990234375,3090680000,0.0018498402425362048,2267.158984375,2219.298984375,56.62787699281062,0.004150965433015332,0
2017-01-17,2267.889892578125,2272.080078125,2262.81005859375,2269.139892578125,3586950000,-0.0029675026899970147,2270.0649658203124,2222.6979833984374,51.91367549223613,0.0039203905317634225,1
2017-01-18,2271.889892578125,2272.010009765625,2263.35009765625,2269.139892578125,3317670000,0.0017637540575008437,2271.470947265625,2226.3625830078126,51.4194138139853,0.003024683274923079,0
2017-01-19,2263.68994140625,2274.330078125,2258.409912109375,2271.89990234375,3168390000,-0.003609308355419394,2270.76494140625,2229.932783203125,57.22683778118321,0.0026993695618721756,1
2017-01-20,2271.31005859375,2276.9599609375,2265.010009765625,2269.9599609375,3536850000,0.003366237154707852,2270.995947265625,2232.728583984375,60.7845057136375,0.0029279209892571567,0
2017-01-23,2265.199951171875,2271.780029296875,2257.02001953125,2267.780029296875,3155240000,-0.002690124758069401,2269.8179443359377,2235.2413818359373,63.46632887909217,0.002778502281904928,1
2017-01-24,2280.070068359375,2284.6298828125,2266.679931640625,2267.8798828125,3816950000,0.006564593637664151,2270.9349609375,2237.5775830078123,61.85746827204686,0.003336210884707573,1
2017-01-25,2298.3701171875,2299.550048828125,2288.8798828125,2288.8798828125,3849340000,0.008026090549617448,2273.881982421875,2240.1953857421877,63.926955254307394,0.004084978451277363,0
2017-01-26,2296.679931640625,2300.989990234375,2294.080078125,2298.6298828125,3611510000,-0.0007353844075136395,2276.01796875,2242.8399853515625,63.96553975320078,0.004092095821653837,0
2017-01-27,2294.68994140625,2299.02001953125,2291.6201171875,2299.02001953125,3137420000,-0.000866463892926328,2278.44296875,2245.44978515625,59.51014992841822,0.004003957810926732,0
2017-01-30,2280.89990234375,2286.010009765625,2268.0400390625,2286.010009765625,3595040000,-0.006009543517695892,2279.0689697265625,2247.4599853515624,56.07159621513453,0.004565846878189163,0
2017-01-31,2278.8701171875,2279.090087890625,2267.2099609375,2274.02001953125,4089730000,-0.0008899054071440649,2280.1669921875,2249.4985888671877,54.94306242798075,0.00444716872481977,1
2017-02-01,2279.550048828125,2289.139892578125,2272.43994140625,2285.590087890625,3919190000,0.00029836348965073256,2280.9330078125,2251.3471875,52.22372244411816,0.004424692966942223,1
2017-02-02,2280.85009765625,2283.969970703125,2271.64990234375,2276.68994140625,3809760000,0.0005703094032936118,2282.6490234375,2253.32619140625,55.68672847738645,0.004201384067636286,1
2017-02-03,2297.419921875,2298.31005859375,2287.8798828125,2288.5400390625,3605970000,0.007264758098647794,2285.260009765625,2255.3109912109376,60.96246255066675,0.0046288655649654,0
2017-02-06,2292.56005859375,2296.179931640625,2288.570068359375,2294.280029296875,3112390000,-0.002115356985885164,2287.9960205078123,2257.1033935546875,62.09203198407018,0.004579140771612653,1
2017-02-07,2293.080078125,2299.39990234375,2290.159912109375,2295.8701171875,3452460000,0.00022682918569594257,2289.297021484375,2258.870595703125,60.75316109113705,0.004176713953285323,1
2017-02-08,2294.669921875,2295.909912109375,2285.3798828125,2289.550048828125,3611950000,0.0006933223855400961,2288.927001953125,2260.4969921875,66.85161379427575,0.0032685647876287407,1
2017-02-09,2307.8701171875,2311.080078125,2296.610107421875,2296.699951171875,3681600000,0.005752546449780516,2290.0460205078125,2262.6199951171875,68.74874799679488,0.003749393104125656,1
2017-02-10,2316.10009765625,2319.22998046875,2311.10009765625,2312.27001953125,3496600000,0.003566050102845164,2292.1870361328124,2264.848798828125,75.54718497805378,0.0038319834144153616,1
2017-02-13,2328.25,2331.580078125,2321.419921875,2321.719970703125,3352370000,0.005245845097992419,2296.9220458984373,2267.43759765625,74.86073353304728,0.003159264996077645,1
2017-02-14,2337.580078125,2337.580078125,2322.169921875,2326.1201171875,3528040000,0.004007335176634763,2302.7930419921877,2270.36759765625,72.29620168813861,0.0030277966712798448,1
2017-02-15,2349.25,2351.300048828125,2334.81005859375,2335.580078125,3785870000,0.004992308919898214,2309.763037109375,2273.5135986328123,76.84627602939379,0.0030035215906755717,0
2017-02-16,2347.219970703125,2351.31005859375,2338.8701171875,2349.639892578125,3675900000,-0.0008641180363413437,2316.4000244140625,2276.363798828125,76.8148633727234,0.0031635254732652316,1
2017-02-17,2351.159912109375,2351.159912109375,2339.580078125,2343.010009765625,3516830000,0.0016785565287558146,2321.7740234375,2279.1423974609374,89.87543473140181,0.0027715576400544825,1
2017-02-21,2365.3798828125,2366.7099609375,2354.909912109375,2354.909912109375,3587520000,0.006048066160828425,2329.056005859375,2281.6229931640623,93.12999956181564,0.0025104881957168194,0
2017-02-22,2362.820068359375,2365.1298828125,2358.340087890625,2361.110107421875,3473170000,-0.001082200145408052,2336.0300048828126,2283.955595703125,90.75094507343137,0.0027055102139245907,1
2017-02-23,2363.81005859375,2368.260009765625,2355.090087890625,2367.5,4021770000,0.00041898672168572126,2342.9440185546873,2286.0411962890626,90.72279107225035,0.0027327942713039543,1
2017-02-24,2367.340087890625,2367.340087890625,2352.8701171875,2355.72998046875,3832410000,0.0014933641914423035,2348.891015625,2288.248798828125,89.36078393644947,0.002579648830479003,1
2017-02-27,2369.75,2371.5400390625,2361.8701171875,2365.22998046875,3584680000,0.0010179830611165563,2354.256005859375,2290.2093994140623,94.68581281623653,0.002593986293261395,0
2017-02-28,2363.639892578125,2367.7900390625,2358.9599609375,2366.080078125,4212460000,-0.0025783763780462543,2357.7949951171877,2292.4165966796877,88.36452357121809,0.002778667530901432,1
2017-03-01,2395.9599609375,2400.97998046875,2380.1298828125,2380.1298828125,4347630000,0.013673854659866258,2363.6329833984373,2295.0951953125,91.27886846367836,0.00473527861615595,0
2017-03-02,2381.919921875,2394.75,2380.169921875,2394.75,3824030000,-0.005859880503598425,2366.8999755859377,2297.5721923828123,79.97244939503298,0.005304790962213539,1
2017-03-03,2383.1201171875,2383.889892578125,2375.389892578125,2380.919921875,3556670000,0.0005038772720600271,2370.489990234375,2299.983994140625,78.7639568803648,0.00525749875498944,0
2017-03-06,2375.31005859375,2378.800048828125,2367.97998046875,2375.22998046875,3251800000,-0.0032772408480052917,2372.9050048828126,2302.0749951171874,70.97895552537179,0.00547131151194982,0
2017-03-07,2368.389892578125,2375.1201171875,2365.510009765625,2370.739990234375,3526300000,-0.0029133737680216987,2373.206005859375,2304.1391943359376,64.03633071360088,0.0052900372396017265,0
2017-03-08,2362.97998046875,2373.090087890625,2361.010009765625,2369.81005859375,3814080000,-0.002284215165048731,2373.2219970703127,2306.1795947265623,56.6334666993791,0.005334357040704763,1
2017-03-09,2364.8701171875,2369.080078125,2354.5400390625,2363.489990234375,3718450000,0.0007998953585612867,2373.3280029296875,2308.2011962890624,58.538987959548614,0.005338884663554262,1
2017-03-10,2372.60009765625,2376.860107421875,2363.0400390625,2372.52001953125,3434400000,0.003268670195698986,2373.85400390625,2310.2756005859374,60.005651172276444,0.0054208202199519965,1
2017-03-13,2373.469970703125,2374.419921875,2368.52001953125,2371.56005859375,3166650000,0.0003666328125562224,2374.2260009765623,2312.7466015625,54.31286035948095,0.005414277639819899,0
2017-03-14,2365.449951171875,2368.550048828125,2358.179931640625,2368.550048828125,3173760000,-0.0033790271755046453,2374.4070068359374,2315.070400390625,51.324871473200005,0.005465116784540694,1
2017-03-15,2385.260009765625,2390.010009765625,2368.93994140625,2370.340087890625,3909490000,0.008374752796581397,2373.33701171875,2317.9989990234376,59.08353097595824,0.004084042539720608,0
2017-03-16,2381.3798828125,2388.10009765625,2377.179931640625,2387.7099609375,3368880000,-0.0016267102694209612,2373.2830078125,2320.4699951171874,55.92793335133832,0.0036568923926162205,0
2017-03-17,2378.25,2385.7099609375,2377.639892578125,2383.7099609375,5179820000,-0.0013143147950017697,2372.79599609375,2322.6199951171875,53.567213114754104,0.003673298153901586,0
2017-03-20,2373.469970703125,2379.550048828125,2369.659912109375,2378.239990234375,3061560000,-0.0020098935338483948,2372.6119873046873,2324.70939453125,54.17198560984101,0.0035758439691513837,0
2017-03-21,2344.02001953125,2381.929931640625,2341.89990234375,2379.320068359375,4278890000,-0.012407972940626899,2370.175,2326.0501953125,27.405712877764458,0.0052722819394363015,1
2017-03-22,2348.449951171875,2351.81005859375,2336.449951171875,2343.0,3575160000,0.0018898864360001877,2368.7219970703127,2327.6411962890625,34.111901500348836,0.005326137527831376,0
2017-03-23,2345.9599609375,2358.919921875,2342.1298828125,2345.969970703125,3262400000,-0.001060269661328106,2366.8309814453123,2329.1823974609374,32.57357184073861,0.005304103453541619,0
2017-03-24,2343.97998046875,2356.219970703125,2335.739990234375,2350.419921875,2978530000,-0.0008439958489141475,2363.9689697265626,2330.555595703125,34.45775077754847,0.005110357382805327,0
2017-03-27,2341.590087890625,2344.89990234375,2322.25,2329.110107421875,3242300000,-0.001019587452981141,2360.7809814453126,2331.9785986328125,36.07943593385412,0.005081828165558212,1
2017-03-28,2358.570068359375,2363.780029296875,2337.6298828125,2339.7900390625,3369120000,0.007251474353500598,2360.0929931640626,2333.6572021484376,47.95515213812997,0.005684029715864467,1
2017-03-29,2361.1298828125,2363.360107421875,2352.93994140625,2356.5400390625,3107670000,0.001085324742930105,2357.67998046875,2335.522001953125,48.27638193216235,0.0048587627843768594,1
2017-03-30,2368.06005859375,2370.419921875,2358.580078125,2361.31005859375,3159680000,0.002935109936855751,2356.347998046875,2337.4454052734377,47.89226953923716,0.005005892443862191,0
2017-03-31,2362.719970703125,2370.35009765625,2362.60009765625,2364.820068359375,3356740000,-0.002255047489714501,2354.7949951171877,2339.426005859375,45.20816283888492,0.005030641978343056,0
2017-04-03,2358.840087890625,2365.8701171875,2344.72998046875,2362.340087890625,3418730000,-0.0016421255420062675,2353.3320068359376,2341.1766064453127,46.94072182422201,0.005020877774998564,1
2017-04-04,2360.159912109375,2360.530029296875,2350.719970703125,2354.760009765625,3208340000,0.0005595225490382383,2354.94599609375,2343.0758056640625,35.983792951133466,0.0028315266486897096,0
2017-04-05,2352.949951171875,2378.360107421875,2350.52001953125,2366.590087890625,3780650000,-0.0030548611983906016,2355.39599609375,2344.5334033203126,34.69359320492228,0.0030239301556395657,1
2017-04-06,2357.489990234375,2364.159912109375,2348.89990234375,2353.7900390625,3203250000,0.001929509405943275,2356.5489990234373,2345.71580078125,38.990183054569364,0.003033754733468703,0
2017-04-07,2355.5400390625,2363.760009765625,2350.739990234375,2356.590087890625,3054700000,-0.0008271302020167459,2357.7050048828123,2346.8930029296876,40.19680866684286,0.0030329324966450817,1
2017-04-10,2357.159912109375,2366.3701171875,2351.5,2357.159912109375,2792570000,0.0006876864837839225,2359.2619873046874,2348.14240234375,60.32695665521807,0.0029858114146374616,0
2017-04-11,2353.780029296875,2355.219970703125,2337.25,2353.919921875,3120900000,-0.001433879303282093,2358.7829833984374,2349.6000048828123,54.259337297685384,0.0019364787636066269,0
2017-04-12,2344.929931640625,2352.719970703125,2341.179931640625,2352.14990234375,3201300000,-0.003759951034546627,2357.16298828125,2350.921201171875,49.25283794074415,0.0021707058010012655,0
2017-04-13,2328.949951171875,2348.260009765625,2328.949951171875,2341.97998046875,3146380000,-0.006814694227374907,2353.2519775390624,2351.90919921875,40.93806211158182,0.0025242817742217485,1
2017-04-17,2349.010009765625,2349.139892578125,2332.510009765625,2332.6201171875,2826890000,0.008613348940219367,2351.8809814453125,2353.2723974609376,53.68784825363543,0.004092638996398766,0
2017-04-18,2342.18994140625,2348.35009765625,2334.5400390625,2342.530029296875,3272210000,-0.0029033798625895946,2350.215966796875,2354.1677978515627,40.944171946409824,0.004148261193855886,0
2017-04-19,2338.169921875,2352.6298828125,2335.050048828125,2346.7900390625,3521160000,-0.0017163507793208632,2348.0169677734375,2355.0799951171875,37.50816902306454,0.004133864316611446,1
2017-04-20,2355.840087890625,2361.3701171875,2340.909912109375,2342.68994140625,3648990000,0.007557263417987681,2348.3059814453127,2356.3351953125,44.04716314671525,0.004830612022033593,0
2017-04-21,2348.68994140625,2356.179931640625,2344.510009765625,2354.739990234375,3524160000,-0.0030350729326357184,2347.4259765625,2357.415595703125,43.28385071535924,0.004880348923369325,1
2017-04-24,2374.14990234375,2376.97998046875,2369.18994140625,2370.330078125,3711170000,0.01084006896297951,2349.286962890625,2358.74119140625,56.07387562255555,0.006018917153410446,1
2017-04-25,2388.610107421875,2392.47998046875,2381.14990234375,2381.510009765625,4005820000,0.006090687476747014,2352.431982421875,2360.1913916015624,60.221352110897094,0.006245602249272481,0
2017-04-26,2387.449951171875,2398.159912109375,2386.780029296875,2388.97998046875,4111350000,-0.00048570348354270987,2355.798974609375,2361.375390625,62.95817423550513,0.006205818025948941,1
2017-04-27,2388.77001953125,2392.10009765625,2382.679931640625,2389.699951171875,4099940000,0.0005529198041311911,2360.1829833984375,2362.399189453125,62.03998323538312,0.005948938473710411,0
2017-04-28,2384.199951171875,2393.679931640625,2382.360107421875,2393.679931640625,3721350000,-0.0019131470681601481,2365.7079833984376,2363.0981884765624,60.813367599782616,0.0053228593699356005,1
2017-05-01,2388.330078125,2394.489990234375,2384.830078125,2388.5,3201500000,0.0017322905115801923,2369.639990234375,2363.920390625,61.541855078857395,0.004848265551788231,1
2017-05-02,2391.169921875,2392.929931640625,2385.820068359375,2391.050048828125,3861360000,0.0011890499458222514,2374.53798828125,2364.7205908203123,63.90052189698208,0.004584706442068558,0
2017-05-03,2388.1298828125,2389.820068359375,2379.75,2386.5,3896760000,-0.0012713605313821041,2379.533984375,2365.1755908203127,66.78568785964859,0.00454574607592824,1
2017-05-04,2389.52001953125,2391.429931640625,2380.35009765625,2389.7900390625,4367860000,0.0005821026438950216,2382.9019775390625,2365.70958984375,76.54461532535731,0.004136420700414473,1
2017-05-05,2399.2900390625,2399.2900390625,2389.3798828125,2392.3701171875,3543240000,0.0040886954080285864,2387.9619873046877,2366.419189453125,74.21942803920324,0.003888339313042207,1
2017-05-08,2399.3798828125,2401.360107421875,2393.919921875,2399.93994140625,3429990000,3.744597299082386e-05,2390.4849853515625,2367.0599853515623,79.4578498096086,0.0024300118316297097,0
2017-05-09,2396.919921875,2403.8701171875,2392.43994140625,2401.580078125,3657840000,-0.0010252486299153762,2391.315966796875,2367.6033837890627,80.75570279030296,0.001736076364009166,1
2017-05-10,2399.6298828125,2399.739990234375,2392.7900390625,2396.7900390625,3649370000,0.0011306013658478609,2392.5339599609374,2368.32318359375,77.18156606604332,0.0017249648080834004,0
2017-05-11,2394.43994140625,2395.719970703125,2381.739990234375,2394.840087890625,3727710000,-0.002162809124616749,2393.1009521484375,2368.292783203125,79.10663361353936,0.001920240137547593,0
2017-05-12,2390.89990234375,2392.43994140625,2387.18994140625,2392.43994140625,3304620000,-0.0014784413679722608,2393.770947265625,2368.4723828125,64.77843547789524,0.0018703855067412716,1
2017-05-15,2402.320068359375,2404.050048828125,2393.93994140625,2393.97998046875,3490080000,0.004776513648450997,2395.1699462890624,2368.8563818359376,62.78190012291164,0.0023250864290025983,0
2017-05-16,2400.669921875,2405.77001953125,2396.050048828125,2404.550048828125,3421810000,-0.0006868970151433507,2396.1199462890627,2369.3635791015627,62.21349079967701,0.002346661440205605,0
2017-05-17,2357.030029296875,2384.8701171875,2356.2099609375,2382.949951171875,4164760000,-0.018178214414433458,2393.0099609375,2369.1363818359373,33.54420926588341,0.00635349454451132,1
2017-05-18,2365.719970703125,2375.739990234375,2352.719970703125,2354.68994140625,4319440000,0.003686818283279214,2390.6299560546877,2369.191181640625,40.81147091241922,0.006528673113486118,1
2017-05-19,2381.72998046875,2389.06005859375,2370.429931640625,2371.3701171875,3831700000,0.006767499942466504,2388.8739501953123,2369.52837890625,47.0650564320362,0.006808759202679247,1
2017-05-22,2394.02001953125,2395.4599609375,2386.919921875,2387.2099609375,3176580000,0.005160131149745784,2388.3379638671877,2369.95677734375,51.16912562942904,0.0070596028002867925,1
2017-05-23,2398.419921875,2400.85009765625,2393.8798828125,2397.0400390625,3216560000,0.001837871992654172,2388.4879638671873,2370.4557763671874,54.174458037525355,0.007080488204625515,1
2017-05-24,2404.389892578125,2405.580078125,2397.989990234375,2401.409912109375,3389240000,0.002489126548973042,2388.96396484375,2371.2345751953126,55.81627644478228,0.007115717866308534,1
2017-05-25,2415.070068359375,2418.7099609375,2408.010009765625,2409.5400390625,3538210000,0.00444194837709877,2391.0269775390625,2371.8307763671874,56.12864319320943,0.007176121134387666,1
2017-05-26,2415.820068359375,2416.679931640625,2412.199951171875,2414.5,2806930000,0.00031054999597146526,2393.518994140625,2372.519580078125,56.35246017625649,0.007132917097445515,0
2017-05-30,2412.909912109375,2415.260009765625,2409.429931640625,2411.669921875,3205860000,-0.0012046245861250249,2394.577978515625,2373.2127783203123,56.15708438387792,0.007036820654122261,0
2017-05-31,2411.800048828125,2415.989990234375,2403.590087890625,2415.6298828125,4518040000,-0.000459968801852062,2395.6909912109377,2373.9793798828123,54.74469506751213,0.007033067338234797,1
2017-06-01,2430.06005859375,2430.06005859375,2413.5400390625,2415.64990234375,3860620000,0.007571112611303388,2402.993994140625,2375.7001806640624,62.602617612913924,0.0029956468051640004,1
2017-06-02,2439.070068359375,2440.22998046875,2427.7099609375,2431.280029296875,3465500000,0.0037077313104922904,2410.32900390625,2377.5125830078123,66.40781833936796,0.002996140239994198,0
2017-06-05,2436.10009765625,2439.550048828125,2434.320068359375,2437.830078125,2916720000,-0.001217665183814387,2415.766015625,2379.3153857421876,62.209052998282864,0.002962776975650805,0
2017-06-06,2429.330078125,2436.2099609375,2428.1201171875,2431.919921875,3376750000,-0.0027790399654609166,2419.297021484375,2381.0223876953123,59.98890424293582,0.0031576722589405585,1
2017-06-07,2433.139892578125,2435.280029296875,2424.75,2432.030029296875,3576220000,0.0015682572275503848,2422.7690185546876,2382.8533837890627,86.72196726254982,0.003155329580137499,1
2017-06-08,2433.7900390625,2439.27001953125,2427.93994140625,2434.27001953125,3735980000,0.00026720472849017796,2425.709033203125,2384.357783203125,85.60519184649216,0.003151687727347476,0
2017-06-09,2431.77001953125,2446.199951171875,2415.699951171875,2436.389892578125,4029860000,-0.0008299892344156845,2427.3790283203125,2385.7705859375,80.66175194624125,0.0029897267959678427,0
2017-06-12,2429.389892578125,2430.3798828125,2419.969970703125,2425.8798828125,4031840000,-0.000978763178264619,2428.7360107421873,2386.9971826171877,74.6685601223254,0.003035519508593519,1
2017-06-13,2440.35009765625,2441.489990234375,2431.280029296875,2434.14990234375,3278240000,0.004511505177332342,2431.480029296875,2388.54978515625,76.79227740441915,0.003199164718947254,0
2017-06-14,2437.919921875,2443.75,2428.340087890625,2443.75,3558640000,-0.0009958307964025304,2434.0920166015626,2390.1313818359376,72.4399130761564,0.0032331753679487106,0
2017-06-15,2432.4599609375,2433.949951171875,2418.530029296875,2424.139892578125,3371980000,-0.0022395981461527104,2434.3320068359376,2391.5773828125,62.51242828484399,0.002435595022415689,1
2017-06-16,2433.14990234375,2433.14990234375,2422.8798828125,2431.239990234375,5299380000,0.0002836393681004967,2433.739990234375,2393.1813818359374,62.48000084392043,0.002088171032129149,1
2017-06-19,2453.4599609375,2453.820068359375,2441.7900390625,2442.550048828125,3271480000,0.008347228657875183,2435.4759765625,2395.10078125,73.35016603075435,0.003381316922164922,0
2017-06-20,2437.030029296875,2450.659912109375,2436.60009765625,2450.659912109375,3422700000,-0.0066966373620162,2436.2459716796875,2396.7305810546877,62.349429265214816,0.004001286575801099,0
2017-06-21,2435.610107421875,2442.22998046875,2430.739990234375,2439.31005859375,3599190000,-0.0005826443900691647,2436.4929931640627,2398.2995849609374,53.25285964897219,0.003984728557772306,0
2017-06-22,2434.5,2441.6201171875,2433.27001953125,2437.39990234375,3477250000,-0.00045578207221763645,2436.5639892578124,2399.913984375,47.048156102853284,0.003988088826431823,1
2017-06-23,2438.300048828125,2441.39990234375,2431.110107421875,2434.64990234375,5282460000,0.0015609155178168965,2437.2169921875,2401.78138671875,51.40589066785658,0.0040020267650715865,1
2017-06-26,2439.070068359375,2450.419921875,2437.030029296875,2443.320068359375,3243660000,0.000315801794623205,2438.185009765625,2403.9837890625,56.741366083468236,0.003977814485778206,0
2017-06-27,2419.3798828125,2440.14990234375,2419.3798828125,2436.340087890625,3564770000,-0.00807282488613359,2436.08798828125,2405.3911865234377,42.19253455531759,0.004491685370215921,1
2017-06-28,2440.68994140625,2442.969970703125,2428.02001953125,2428.699951171875,3479980000,0.008808066374833778,2436.364990234375,2407.3611865234375,53.17147179093558,0.005429267802872402,0
2017-06-29,2419.699951171875,2442.72998046875,2405.699951171875,2442.3798828125,3869560000,-0.008600023246820632,2435.0889892578125,2408.991787109375,45.27592987901015,0.0060718371065698225,1
2017-06-30,2423.409912109375,2432.7099609375,2421.64990234375,2429.199951171875,3366030000,0.0015332318107057485,2434.114990234375,2410.34318359375,47.68362479525793,0.006102747131768373,1
2017-07-03,2429.010009765625,2439.169921875,2428.68994140625,2431.389892578125,1901480000,0.002310833849555216,2431.6699951171877,2411.9495849609375,45.41705228718188,0.005401362498693921,1
2017-07-05,2432.5400390625,2434.89990234375,2422.050048828125,2430.780029296875,3368150000,0.001453279024245635,2431.22099609375,2413.1173876953126,47.84494898917194,0.005047552901963761,0
2017-07-06,2409.75,2424.280029296875,2407.699951171875,2423.43994140625,3368710000,-0.009368823820586791,2428.6349853515626,2413.540185546875,42.011994888775924,0.005830735471850968,1
2017-07-07,2425.179931640625,2426.919921875,2413.52001953125,2413.52001953125,2929390000,0.006403125486305727,2427.702978515625,2414.29478515625,47.46001932703933,0.0062936461081561125,1
2017-07-10,2427.429931640625,2432.0,2422.27001953125,2424.510009765625,3009880000,0.0009277662125786179,2426.615966796875,2415.0679833984377,40.6252363057,0.006275269143269086,0
2017-07-11,2425.530029296875,2429.300048828125,2412.7900390625,2427.35009765625,3108800000,-0.0007826806116978391,2425.261962890625,2415.8945849609377,45.37410583461328,0.006270396180349276,1
2017-07-12,2443.25,2445.760009765625,2435.75,2435.75,3176900000,0.007305607635895495,2427.648974609375,2416.9929833984374,52.71688264782541,0.006100861041300876,1
2017-07-13,2447.830078125,2449.320068359375,2441.68994140625,2444.989990234375,3068510000,0.0018745843139260643,2428.36298828125,2418.1261865234374,54.62624044249227,0.005476849181501718,1
2017-07-14,2459.27001953125,2463.5400390625,2446.68994140625,2449.159912109375,2738460000,0.004673503078699293,2432.3199951171873,2419.5489892578125,56.9111931831897,0.004620128706963999,0
2017-07-17,2459.139892578125,2462.820068359375,2457.159912109375,2459.5,2800580000,-5.291283677333336e-05,2435.8929931640623,2420.94138671875,56.64254408646636,0.0046510596377818975,1
2017-07-18,2460.610107421875,2460.919921875,2450.340087890625,2455.8798828125,2974090000,0.0005978573436131729,2439.0530029296874,2422.1677880859374,65.5175455522783,0.004648375762998598,1
2017-07-19,2473.830078125,2473.830078125,2463.85009765625,2463.85009765625,3063810000,0.005372639356088893,2443.1820068359375,2423.6567919921877,63.281528243623505,0.004824345593710964,0
2017-07-20,2473.449951171875,2477.6201171875,2468.429931640625,2475.56005859375,3223820000,-0.00015365928181010347,2449.552001953125,2425.187392578125,75.80403187998124,0.0030181853226434858,0
2017-07-21,2472.5400390625,2472.5400390625,2465.06005859375,2467.39990234375,3066880000,-0.00036787164783502746,2454.2880126953123,2426.645595703125,74.23777072779436,0.0028278262174594258,0
2017-07-24,2469.909912109375,2473.10009765625,2466.320068359375,2472.0400390625,3019920000,-0.0010637348279797232,2458.5360107421875,2428.1549951171874,70.78661723321571,0.0029733735103650784,1
2017-07-25,2477.1298828125,2481.239990234375,2474.909912109375,2477.8798828125,4116360000,0.002923171678338221,2463.69599609375,2429.8795947265626,71.84270952927669,0.0028524594447315605,1
2017-07-26,2477.830078125,2481.68994140625,2474.93994140625,2479.969970703125,3597830000,0.0002826639480466575,2467.15400390625,2431.389794921875,92.56043956043956,0.002227461668820679,0
2017-07-27,2475.419921875,2484.0400390625,2459.929931640625,2482.760009765625,4035740000,-0.0009726882691745153,2469.91298828125,2432.884794921875,87.51453854034878,0.002340396524042543,0
2017-07-28,2472.10009765625,2473.530029296875,2464.659912109375,2469.1201171875,3302850000,-0.001341115577770502,2471.19599609375,2435.1861962890625,82.83097616031408,0.002085828404290282,0
2017-07-31,2470.300048828125,2477.9599609375,2468.530029296875,2475.93994140625,3475930000,-0.0007281456077897763,2472.31201171875,2437.2777978515624,82.95273213438566,0.002117216568136544,1
2017-08-01,2476.35009765625,2478.510009765625,2471.139892578125,2477.10009765625,3470260000,0.0024491149692504877,2473.8860107421874,2439.1702001953126,79.41669125687802,0.002210006326482462,1
2017-08-02,2477.570068359375,2480.3798828125,2466.47998046875,2480.3798828125,3487150000,0.0004926487188865458,2474.260009765625,2440.841201171875,78.10929430822269,0.0014605905835987773,0
2017-08-03,2472.159912109375,2476.030029296875,2468.85009765625,2476.030029296875,3662410000,-0.002183654185644257,2474.131005859375,2442.3160009765625,63.75043623654178,0.001638083045261705,1
2017-08-04,2476.830078125,2480.0,2472.080078125,2476.8798828125,3239980000,0.0018891035295691694,2474.560009765625,2443.7648046875,67.20470702206774,0.001741770148615572,1
2017-08-07,2480.909912109375,2480.949951171875,2475.8798828125,2477.139892578125,2935130000,0.001647199789928111,2475.660009765625,2445.0816015625,68.78897987960302,0.0017385591049821024,0
2017-08-08,2474.919921875,2490.8701171875,2470.320068359375,2478.35009765625,3347480000,-0.0024144327873969473,2475.439013671875,2446.2635986328123,51.16459870391434,0.0017126382525801751,0
2017-08-09,2474.02001953125,2474.409912109375,2462.080078125,2465.35009765625,3310960000,-0.00036360867105078576,2475.0580078125,2447.48580078125,50.60247802954851,0.0017092902807903396,0
2017-08-10,2438.2099609375,2465.3798828125,2437.75,2465.3798828125,3635820000,-0.014474441722801767,2471.33701171875,2448.0139990234375,29.120611521260102,0.0048592302729418765,1
2017-08-11,2441.320068359375,2448.090087890625,2437.85009765625,2441.0400390625,3161830000,0.0012755699762128092,2468.2590087890626,2448.23919921875,32.712725125479764,0.004938704433411176,1
2017-08-14,2465.840087890625,2468.219970703125,2454.9599609375,2454.9599609375,2824320000,0.010043754544535322,2467.8130126953124,2448.774599609375,44.35456500985201,0.0061009825005554075,0
2017-08-15,2464.610107421875,2468.89990234375,2461.610107421875,2468.659912109375,2922430000,-0.0004988078808476626,2466.639013671875,2449.3447998046877,43.42422601164352,0.006031522087652461,1
2017-08-16,2468.110107421875,2474.929931640625,2463.860107421875,2468.6298828125,2956570000,0.0014201029158569245,2465.693017578125,2450.120400390625,46.40300820528839,0.006054861092748218,0
2017-08-17,2430.010009765625,2465.02001953125,2430.010009765625,2462.949951171875,3164950000,-0.015436952160958639,2461.47802734375,2450.057802734375,34.569994003454724,0.007718800348389104,0
2017-08-18,2425.550048828125,2440.27001953125,2420.68994140625,2427.639892578125,3426970000,-0.0018353673110713675,2456.3500244140623,2449.8930029296876,33.908699850759376,0.0076160179897111786,1
2017-08-21,2428.3701171875,2430.580078125,2417.35009765625,2425.5,2803650000,0.001162651069903653,2451.096044921875,2449.8250048828127,32.33696433707219,0.007591286357274429,1
2017-08-22,2452.510009765625,2454.77001953125,2433.669921875,2433.75,2780990000,0.00994077978775465,2448.8550537109377,2450.2874072265627,42.10658258997231,0.00848898207464072,0
2017-08-23,2444.0400390625,2448.909912109375,2441.419921875,2444.8798828125,2796950000,-0.0034535927149730306,2445.8570556640625,2450.3612060546875,41.31030143360901,0.008524396907711519,0
2017-08-24,2438.969970703125,2450.389892578125,2436.18994140625,2447.909912109375,2849680000,-0.0020744620703185834,2445.933056640625,2450.38220703125,38.32918655389835,0.007171003713566026,1
2017-08-25,2443.050048828125,2453.9599609375,2442.219970703125,2444.719970703125,2593350000,0.0016728693563305974,2446.1060546875,2450.5940087890626,38.329279379624666,0.007179616798341366,1
2017-08-28,2444.239990234375,2449.1201171875,2439.030029296875,2447.35009765625,2682920000,0.00048707205438569545,2443.946044921875,2450.815810546875,40.254160391245065,0.006288859753907708,1
2017-08-29,2446.300048828125,2449.18994140625,2428.199951171875,2431.93994140625,2739460000,0.000842821736810162,2442.1150390625,2450.6726123046874,41.258855392839926,0.006311727820662458,1
2017-08-30,2457.590087890625,2460.31005859375,2443.77001953125,2446.06005859375,2637780000,0.004615148933961866,2441.063037109375,2451.0838134765627,57.22921740017376,0.00651026070983419,1
2017-08-31,2471.64990234375,2475.010009765625,2462.64990234375,2462.64990234375,3353860000,0.005720976220730423,2445.2270263671876,2451.804609375,60.45928547734471,0.004060329825784389,1
2017-09-01,2476.550048828125,2480.3798828125,2473.85009765625,2474.419921875,2712780000,0.001982540682532896,2450.3270263671875,2452.6456103515625,54.27133721247244,0.0038649367591466564,0
2017-09-05,2457.85009765625,2471.969970703125,2446.550048828125,2470.35009765625,3502190000,-0.007550806889900619,2453.2750244140625,2453.036611328125,47.63371408354171,0.004932058439527249,1
2017-09-06,2465.5400390625,2469.639892578125,2459.199951171875,2463.830078125,3400200000,0.0031287267736885838,2454.57802734375,2453.5660107421877,49.12600562903186,0.003970095816510417,0
2017-09-07,2465.10009765625,2468.6201171875,2460.2900390625,2468.06005859375,3365780000,-0.00017843612323464875,2456.684033203125,2454.4804150390623,66.04193500141747,0.003732268494346123,0
2017-09-08,2461.429931640625,2467.110107421875,2459.39990234375,2462.25,3308360000,-0.001488850703918465,2458.930029296875,2454.89521484375,66.5223139603907,0.0036853275225512323,1
2017-09-11,2488.110107421875,2488.949951171875,2474.52001953125,2474.52001953125,3293460000,0.01083929931877714,2463.43603515625,2456.26341796875,72.55357389741462,0.0048488178917597494,1
2017-09-12,2496.47998046875,2496.77001953125,2490.3701171875,2491.93994140625,3234280000,0.0033639480109453057,2468.6600341796875,2457.7248193359374,68.84370795239819,0.0048449807266871,1
2017-09-13,2498.3701171875,2498.3701171875,2492.139892578125,2493.889892578125,3371370000,0.0007571207193879381,2473.867041015625,2459.112021484375,74.67522675359811,0.004847580807314795,0
2017-09-14,2495.6201171875,2498.429931640625,2491.35009765625,2494.56005859375,3422470000,-0.0011007176162897148,2477.6700439453125,2460.373623046875,76.28282819129777,0.004857522063713976,1
2017-09-15,2500.22998046875,2500.22998046875,2493.159912109375,2495.669921875,4862970000,0.0018471814878802117,2480.5280517578126,2462.18322265625,76.39884850438574,0.0046371690676135745,1
2017-09-18,2503.8701171875,2508.320068359375,2499.919921875,2502.510009765625,3204700000,0.0014559207541648966,2483.26005859375,2463.7570263671873,76.92099119773033,0.004629774368323143,1
2017-09-19,2506.64990234375,2507.840087890625,2503.18994140625,2506.2900390625,3253760000,0.0011101954279371107,2488.1400390625,2465.34142578125,77.07000510314708,0.003503149781134318,1
2017-09-20,2508.239990234375,2508.85009765625,2496.669921875,2506.840087890625,3584570000,0.0006343478158390425,2492.4100341796875,2466.995625,74.88449082403743,0.003500552452420775,0
2017-09-21,2500.60009765625,2507.159912109375,2499.0,2507.159912109375,2965590000,-0.0030459176984141134,2495.9600341796877,2468.142626953125,65.18099929843248,0.0037799973405565897,1
2017-09-22,2502.219970703125,2503.469970703125,2496.5400390625,2497.260009765625,2877980000,0.0006477937229520947,2500.0390380859376,2469.2304248046876,63.94046425787155,0.003654526238276017,0
2017-09-25,2496.659912109375,2502.5400390625,2488.030029296875,2499.389892578125,3314530000,-0.002222050282888466,2500.8940185546876,2469.97822265625,74.58497913683084,0.0019354495288622015,1
2017-09-26,2496.840087890625,2503.510009765625,2495.1201171875,2501.0400390625,3070770000,7.216672978804795e-05,2500.930029296875,2470.7322265625,71.91261276351368,0.0016189522926920114,1
2017-09-27,2507.0400390625,2511.75,2495.909912109375,2503.300048828125,3485070000,0.004085143947080816,2501.797021484375,2471.6608251953126,75.8313935653837,0.0020680853330686828,1
2017-09-28,2510.06005859375,2510.81005859375,2502.929931640625,2503.409912109375,3173030000,0.001204615596159142,2503.241015625,2472.3854248046873,80.19378446631964,0.0020164454430130234,1
2017-09-29,2519.360107421875,2519.43994140625,2507.989990234375,2509.9599609375,3220260000,0.0037051100814438076,2505.1540283203126,2473.3036279296875,74.74271443041498,0.0022214555786507413,1
2017-10-02,2529.1201171875,2529.22998046875,2520.39990234375,2521.199951171875,3226370000,0.003874003457017716,2507.6790283203127,2474.4352294921873,75.28673455491837,0.002427135846306519,1
2017-10-03,2534.580078125,2535.1298828125,2528.85009765625,2530.340087890625,3073480000,0.0021588381272976687,2510.4720458984375,2475.7286328125,76.58202438901992,0.0024546096154471637,1
2017-10-04,2537.739990234375,2540.530029296875,2531.800048828125,2533.47998046875,3020770000,0.0012467201713795006,2513.4220458984373,2476.9408349609375,80.73555977581175,0.002449017983315361,1
2017-10-05,2552.070068359375,2552.510009765625,2540.02001953125,2540.860107421875,3059730000,0.005646787369921524,2518.56904296875,2478.425634765625,83.128894658175,0.0023248563580114765,0
2017-10-06,2549.330078125,2549.409912109375,2543.7900390625,2547.43994140625,2898270000,-0.0010736344069645076,2523.2800537109374,2479.903837890625,79.38974190615687,0.0024969169657012616,0
2017-10-09,2544.72998046875,2551.820068359375,2541.60009765625,2551.389892578125,2486940000,-0.0018044339160793177,2528.087060546875,2481.356435546875,74.05255366395262,0.002423282662995031,1
2017-10-10,2550.639892578125,2555.22998046875,2544.860107421875,2549.989990234375,2962610000,0.002322412261707374,2533.467041015625,2482.963232421875,75.39525171524329,0.0023364238713428583,1
2017-10-11,2555.239990234375,2555.239990234375,2547.949951171875,2550.6201171875,2991320000,0.0018035072962026,2538.2870361328123,2484.5410302734376,83.96305727457866,0.002234159788804627,0
2017-10-12,2550.929931640625,2555.330078125,2548.31005859375,2552.8798828125,3157280000,-0.0016867529508860502,2542.3740234375,2486.0082275390623,79.2973315868923,0.002505926263273257,1
2017-10-13,2553.169921875,2557.64990234375,2552.090087890625,2555.659912109375,3150470000,0.0008781073155288421,2545.7550048828125,2487.628427734375,85.40270355426533,0.0024017659284059504,1
2017-10-16,2557.639892578125,2559.469970703125,2552.639892578125,2555.570068359375,2918030000,0.0017507533144689447,2548.606982421875,2489.2446240234376,86.14728542647632,0.0022409922067169238,1
2017-10-17,2559.360107421875,2559.7099609375,2554.68994140625,2557.169921875,2901890000,0.0006725789853143649,2551.0849853515624,2490.8136279296873,84.59390264769598,0.002213872776520228,1
2017-10-18,2561.260009765625,2564.110107421875,2559.669921875,2562.8701171875,2999320000,0.0007423349056041584,2553.4369873046876,2492.5404296875,84.36227072976507,0.0022127550606721304,1
2017-10-19,2562.10009765625,2562.360107421875,2547.919921875,2553.389892578125,3019520000,0.00032799789456050554,2554.439990234375,2494.30203125,82.35903009600705,0.001464411677457635,1
2017-10-20,2575.2099609375,2575.43994140625,2567.56005859375,2567.56005859375,3394450000,0.0051168427389869375,2557.027978515625,2497.04203125,83.21065927338489,0.001989651919846091,0
2017-10-23,2564.97998046875,2578.2900390625,2564.330078125,2578.080078125,3214470000,-0.003972484039719171,2559.052978515625,2499.5152294921877,70.49611535422702,0.0024053787302480436,1
2017-10-24,2569.1298828125,2572.179931640625,2565.580078125,2568.659912109375,3435660000,0.001617908278173541,2560.9019775390625,2501.581025390625,70.88478469210402,0.0023656787893019,0
2017-10-25,2557.14990234375,2567.39990234375,2544.0,2566.52001953125,3885470000,-0.004663049754275228,2561.09296875,2503.4318212890626,53.48889462723306,0.0028685113815738092,1
2017-10-26,2560.39990234375,2567.070068359375,2559.800048828125,2560.080078125,3891750000,0.001270946219078306,2562.0399658203123,2505.2776171875,57.55000366327204,0.0028183265525710934,1
2017-10-27,2581.070068359375,2582.97998046875,2565.93994140625,2570.260009765625,3896100000,0.008073022498049642,2564.82998046875,2508.298818359375,70.32895293921622,0.003731666862251915,0
2017-10-30,2572.830078125,2580.030029296875,2568.25,2577.75,3660230000,-0.003192470570786421,2566.3489990234375,2511.2444189453126,62.09799145469792,0.003955641312452379,1
2017-10-31,2575.260009765625,2578.2900390625,2572.14990234375,2575.989990234375,3844420000,0.0009444586571358826,2567.9389892578124,2514.182216796875,61.17936720871643,0.003957134519744665,1
2017-11-01,2579.360107421875,2588.39990234375,2574.919921875,2583.2099609375,3841200000,0.0015921101716727115,2569.7489990234376,2516.71921875,65.9129916697641,0.003969003650601828,1
2017-11-02,2579.85009765625,2581.110107421875,2566.169921875,2579.4599609375,4050140000,0.00018996581088659426,2571.5239990234377,2519.435419921875,65.23187484668048,0.003970725323524582,1
2017-11-03,2587.840087890625,2588.419921875,2576.77001953125,2581.929931640625,3568710000,0.0030970753849743904,2572.78701171875,2522.412822265625,66.5752815251939,0.0037671131154306463,1
2017-11-06,2591.1298828125,2593.3798828125,2585.659912109375,2587.469970703125,3541970000,0.0012712512404724485,2575.402001953125,2525.3744189453123,67.14140815385629,0.003425507261410118,0
2017-11-07,2590.639892578125,2597.02001953125,2584.35009765625,2592.110107421875,3815190000,-0.00018910292286977715,2577.5530029296874,2528.3024169921873,66.09684323167468,0.0034381074698355434,1
2017-11-08,2594.3798828125,2595.469970703125,2585.02001953125,2588.7099609375,3898450000,0.001443655000098465,2581.2760009765625,2531.264013671875,67.1409828924647,0.0028430027315664457,0
2017-11-09,2584.6201171875,2586.5,2566.330078125,2584.0,3844100000,-0.003761887644002093,2583.6980224609374,2533.8046142578123,55.181257998257855,0.0032887631776399246,0
2017-11-10,2582.300048828125,2583.81005859375,2575.570068359375,2580.179931640625,3489740000,-0.0008976438525517549,2583.8210205078126,2536.0176171875,60.44640516908795,0.0021580713862731147,1
2017-11-13,2584.840087890625,2587.659912109375,2574.47998046875,2576.530029296875,3405200000,0.0009836343625724275,2585.022021484375,2538.18341796875,59.663085688199594,0.0018418494211223236,0
2017-11-14,2578.8701171875,2579.659912109375,2566.56005859375,2577.75,3643580000,-0.0023096092988857952,2585.3830322265626,2540.603818359375,64.42632626983973,0.002026399889518118,0
2017-11-15,2564.6201171875,2572.840087890625,2557.449951171875,2569.449951171875,3586590000,-0.005525675723266343,2583.909033203125,2542.585419921875,52.44565678745452,0.0026227492817724896,1
2017-11-16,2585.639892578125,2590.090087890625,2572.949951171875,2572.949951171875,3329730000,0.008196058063241196,2584.4880126953126,2544.9962158203125,52.63757137140184,0.003826270841564136,0
2017-11-17,2578.85009765625,2583.9599609375,2577.6201171875,2582.93994140625,3309800000,-0.0026259630899742037,2583.589013671875,2547.344619140625,53.53373804078029,0.003777610943038228,1
2017-11-20,2582.139892578125,2584.639892578125,2578.239990234375,2579.489990234375,3023940000,0.0012756828808564435,2582.6900146484377,2549.22521484375,53.99811586307092,0.003777821419913324,1
2017-11-21,2599.030029296875,2601.18994140625,2589.169921875,2589.169921875,3351230000,0.006541139295859866,2583.5290283203126,2551.2762158203127,59.95148269285877,0.004362207797230215,0
2017-11-22,2597.080078125,2600.93994140625,2595.22998046875,2600.31005859375,2764110000,-0.0007502611166068096,2583.7990478515626,2553.2504150390623,58.5901593051336,0.004355247532550491,1
2017-11-24,2602.419921875,2604.2099609375,2600.419921875,2600.419921875,1385890000,0.0020560951489239088,2585.5790283203123,2555.3864111328126,57.466200250544475,0.004164597730809881,0
2017-11-27,2601.419921875,2606.409912109375,2598.8701171875,2602.659912109375,3017720000,-0.0003842577408796899,2587.491015625,2557.4102099609377,55.39598002816541,0.004145914541735236,1
2017-11-28,2627.0400390625,2627.68994140625,2605.43994140625,2605.93994140625,3493340000,0.00984851271879017,2591.7110107421877,2559.8736083984377,65.10639677557282,0.00505133343271015,0
2017-11-29,2626.070068359375,2634.889892578125,2620.320068359375,2627.820068359375,4090630000,-0.000369225702197995,2596.431005859375,2562.26201171875,63.461215380690554,0.004918617338439418,1
2017-11-30,2647.580078125,2657.739990234375,2633.929931640625,2633.929931640625,4965700000,0.008190950433802913,2604.727001953125,2565.0488134765624,74.31647512757749,0.004538480772454597,0
2017-12-01,2642.219970703125,2650.6201171875,2605.52001953125,2645.10009765625,3950930000,-0.002024530803113933,2610.385009765625,2567.8812109375,72.61137459970003,0.004437540299651779,0
2017-12-04,2639.43994140625,2665.18994140625,2639.030029296875,2657.18994140625,4025840000,-0.0010521566439205543,2616.443994140625,2570.6256103515625,70.5665430080136,0.004273184073641543,0
2017-12-05,2629.570068359375,2648.719970703125,2627.72998046875,2639.780029296875,3547570000,-0.0037393815604747083,2621.18701171875,2573.2838134765625,68.55246348327154,0.004685482124813763,0
2017-12-06,2629.27001953125,2634.409912109375,2624.75,2626.239990234375,3253080000,-0.00011410565998426492,2624.2110107421877,2575.932412109375,76.34696817740421,0.004406581478738427,1
2017-12-07,2636.97998046875,2640.989990234375,2626.530029296875,2628.3798828125,3297060000,0.0029323579853828274,2628.2010009765627,2578.5312109375,73.4687591374473,0.004382442637794378,1
2017-12-08,2651.5,2651.64990234375,2644.10009765625,2646.2099609375,3126750000,0.005506306319651655,2633.1090087890625,2581.360009765625,81.01784098632011,0.0045602818063613035,1
2017-12-11,2659.989990234375,2660.330078125,2651.469970703125,2652.18994140625,3141480000,0.003201957471006933,2638.966015625,2584.172607421875,81.82489590444368,0.004503136100870069,1
2017-12-12,2664.110107421875,2669.719970703125,2659.780029296875,2661.72998046875,3568910000,0.001548922064604108,2642.6730224609373,2586.8724072265627,79.70606852160579,0.0036235625970692316,0
2017-12-13,2662.85009765625,2671.8798828125,2662.85009765625,2667.590087890625,3568360000,-0.0004729570906678582,2646.351025390625,2589.4378076171874,80.21128182124033,0.0036293597248098896,0
2017-12-14,2652.010009765625,2668.090087890625,2652.010009765625,2665.8701171875,3442760000,-0.004070859227173984,2646.7940185546877,2591.7232080078124,71.6834016896573,0.0031139979318899687,1
2017-12-15,2675.81005859375,2679.6298828125,2659.139892578125,2660.6298828125,5736910000,0.008974343513216354,2650.15302734375,2594.1980078125,77.11991427065978,0.004053004522414721,1
2017-12-18,2690.159912109375,2694.969970703125,2685.919921875,2685.919921875,3727770000,0.005362807225250732,2655.2250244140623,2597.0146044921876,75.07142095208542,0.004150857800655303,0
2017-12-19,2681.469970703125,2694.43994140625,2680.739990234375,2692.7099609375,3407680000,-0.0032302694598687065,2660.4150146484376,2599.749404296875,70.73348123078947,0.004076280034208374,0
2017-12-20,2679.25,2691.010009765625,2676.110107421875,2688.179931640625,3246230000,-0.0008278931807477186,2665.4130126953123,2602.3216064453127,63.85264003212206,0.004122694799709212,1
2017-12-21,2684.570068359375,2692.639892578125,2682.39990234375,2683.02001953125,3293130000,0.0019856558213586784,2670.172021484375,2604.9082080078124,68.53071253071253,0.00410700224194387,0
2017-12-22,2683.340087890625,2685.35009765625,2678.1298828125,2684.219970703125,2401030000,-0.0004581666477052604,2673.3560302734377,2607.5564111328126,69.47310055642072,0.003938218652656134,0
2017-12-26,2680.5,2682.739990234375,2677.9599609375,2679.090087890625,1970660000,-0.0010584151831672939,2675.40703125,2610.1030126953124,74.09397399441451,0.003928176857579376,1
2017-12-27,2682.6201171875,2685.639892578125,2678.909912109375,2682.10009765625,2202900000,0.0007909409391904099,2677.2580322265626,2612.6026171875,74.81163224801413,0.003918892789558114,1
2017-12-28,2687.5400390625,2687.659912109375,2682.68994140625,2686.10009765625,2174890000,0.0018339987251561052,2679.7270263671876,2615.1662158203126,74.14054376664009,0.003910095584687916,0
2017-12-29,2673.610107421875,2692.1201171875,2673.610107421875,2689.14990234375,2447760000,-0.005183153157965359,2681.8870361328127,2617.4132177734373,60.616575658180096,0.004080283659802624,1
2018-01-02,2695.81005859375,2695.889892578125,2682.360107421875,2683.72998046875,3397430000,0.008303361477520088,2683.8870361328127,2620.0874169921876,65.1985920074253,0.003934172644921387,1
2018-01-03,2713.06005859375,2714.3701171875,2697.77001953125,2697.85009765625,3544030000,0.006398818768781567,2686.17705078125,2622.8444189453126,68.68747122301488,0.004080023847958948,1
2018-01-04,2723.989990234375,2729.2900390625,2719.070068359375,2719.31005859375,3697340000,0.004028636080503967,2690.429052734375,2626.024619140625,71.7363265348635,0.003914724879072034,1
2018-01-05,2743.14990234375,2743.449951171875,2727.919921875,2731.330078125,3239280000,0.007033767443369587,2696.81904296875,2629.50501953125,80.59212736769818,0.004158913111545272,1
2018-01-08,2747.7099609375,2748.510009765625,2737.60009765625,2742.669921875,3246160000,0.0016623439316436617,2703.1330322265626,2633.316220703125,77.71355762498777,0.004163465973307261,1
2018-01-09,2751.2900390625,2759.139892578125,2747.860107421875,2751.14990234375,3467460000,0.0013029315960912946,2709.92802734375,2637.1340234375,75.69573436175519,0.0040683401979848734,0
2018-01-10,2748.22998046875,2750.800048828125,2736.06005859375,2745.550048828125,3579900000,-0.0011122268282528491,2716.701025390625,2640.4772216796873,79.4563931756144,0.004073618658824324,1
2018-01-11,2767.56005859375,2767.56005859375,2752.780029296875,2752.969970703125,3645690000,0.007033646478779465,2725.19501953125,2644.3718212890626,83.8533847956544,0.004255859542890813,1
2018-01-12,2786.239990234375,2787.85009765625,2769.639892578125,2770.179931640625,3587220000,0.006749602987881076,2735.0650146484377,2648.5914208984377,85.35360395542003,0.004371810778440882,0
2018-01-16,2776.419921875,2807.5400390625,2768.639892578125,2798.9599609375,4362880000,-0.003524487622672101,2745.34599609375,2652.5326171875,80.54198596809415,0.004017762849754713,1
2018-01-17,2802.56005859375,2807.0400390625,2778.3798828125,2784.989990234375,3790340000,0.009415051560751175,2756.02099609375,2656.98681640625,84.73928064192467,0.004169121957166349,0
2018-01-18,2798.030029296875,2805.830078125,2792.56005859375,2802.39990234375,3703300000,-0.0016163897301626484,2764.5179931640623,2661.190615234375,82.40211554622137,0.004399207043731212,1
2018-01-19,2810.300048828125,2810.330078125,2798.080078125,2802.60009765625,3724230000,0.004385235112838837,2773.1489990234377,2665.5740185546874,83.099624389287,0.004409029699838385,1
2018-01-22,2832.969970703125,2833.030029296875,2808.1201171875,2809.159912109375,3489480000,0.008066726499347698,2782.131005859375,2670.4206201171874,91.03401972938109,0.004521245705967924,1
2018-01-23,2839.1298828125,2842.239990234375,2830.590087890625,2835.050048828125,3541140000,0.0021743654797181655,2791.272998046875,2675.3156201171873,90.22670770850065,0.004504308717211524,0
2018-01-24,2837.5400390625,2852.969970703125,2824.81005859375,2845.419921875,4079270000,-0.0005599757022828333,2799.897998046875,2680.3740185546876,88.30625167163022,0.004632211920542475,1
2018-01-25,2839.25,2848.56005859375,2830.93994140625,2846.239990234375,3873100000,0.0006026209018938911,2809.0,2685.513017578125,87.60276733046278,0.004488411028308195,1
2018-01-26,2872.8701171875,2872.8701171875,2846.179931640625,2847.47998046875,3474680000,0.011841196508761032,2819.531005859375,2691.2736181640626,88.67161002762809,0.005145399704712747,0
2018-01-29,2853.530029296875,2870.6201171875,2851.47998046875,2867.22998046875,3587420000,-0.006731974332887192,2826.260009765625,2696.76681640625,78.99176076658716,0.005972777572083927,0
2018-01-30,2822.429931640625,2837.75,2818.27001953125,2832.739990234375,4012070000,-0.010898815620283941,2830.8610107421873,2701.9230126953125,66.93643540255485,0.007129475249954917,1
2018-01-31,2823.81005859375,2839.260009765625,2813.0400390625,2832.409912109375,4276270000,0.0004889853730833948,2832.9860107421873,2706.686416015625,68.13860940609027,0.006590119372517247,0
2018-02-01,2821.97998046875,2835.9599609375,2812.699951171875,2816.449951171875,3977380000,-0.0006480882520516484,2835.381005859375,2711.549013671875,64.25797191185163,0.006558110773625373,0
2018-02-02,2762.1298828125,2808.919921875,2759.969970703125,2808.919921875,4340220000,-0.02120854792396809,2830.5639892578124,2715.1488134765623,44.80409127499829,0.00940912304059234,0
2018-02-05,2648.93994140625,2763.389892578125,2638.169921875,2741.06005859375,5310840000,-0.04097922480422822,2812.160986328125,2716.14701171875,30.994716528428683,0.014925530630983612,1
2018-02-06,2695.139892578125,2701.0400390625,2593.070068359375,2614.780029296875,5917350000,0.017440920592313836,2797.7619873046874,2718.1082080078127,34.889136008868846,0.01660778554293723,0
2018-02-07,2681.659912109375,2727.669921875,2681.330078125,2690.949951171875,4646300000,-0.005001588416939429,2782.173974609375,2719.6930078125,34.03220813886645,0.01653313263146294,0
2018-02-08,2581.0,2685.27001953125,2580.56005859375,2685.010009765625,5333840000,-0.03753641975808808,2756.348974609375,2719.284609375,24.67864813028453,0.019157275637227213,1
2018-02-09,2619.550048828125,2638.669921875,2532.68994140625,2601.780029296875,5690110000,0.014936090208494734,2731.0169677734375,2719.1348095703124,27.230844245146983,0.019557992106747767,1
2018-02-12,2656.0,2672.610107421875,2622.449951171875,2636.75,4069220000,0.013914584754042503,2711.26396484375,2719.733408203125,31.64848069677545,0.020871336787122052,1
2018-02-13,2662.93994140625,2668.840087890625,2637.080078125,2646.27001953125,3503540000,0.0026129297463290957,2695.3149658203124,2720.04060546875,32.68887604363643,0.021024041026136992,1
2018-02-14,2698.6298828125,2702.10009765625,2648.8701171875,2651.2099609375,4011940000,0.013402458257245842,2682.7969482421877,2721.1688037109375,36.9380205697035,0.021820947836439182,1
2018-02-15,2731.199951171875,2731.510009765625,2689.820068359375,2713.4599609375,3696140000,0.012069112762299383,2673.7189453125,2723.00400390625,36.81476213306552,0.02242021080505401,1
2018-02-16,2732.219970703125,2754.419921875,2725.110107421875,2727.139892578125,3646920000,0.0003734693722488025,2670.7279541015623,2725.057001953125,38.31107301209717,0.021496130875831077,0
2018-02-20,2716.260009765625,2737.60009765625,2706.760009765625,2722.989990234375,3646920000,-0.005841389459353419,2677.4599609375,2726.7968017578123,39.46246126617564,0.016504970199436367,0
2018-02-21,2701.330078125,2747.75,2701.2900390625,2720.530029296875,3789040000,-0.0054965031281792864,2678.0789794921875,2728.0838037109374,38.162063897926416,0.015797722796740885,1
2018-02-22,2703.9599609375,2731.260009765625,2697.77001953125,2710.419921875,3720620000,0.0009735510790762625,2680.308984375,2729.1330029296873,38.61073650303597,0.015685704286318807,1
2018-02-23,2747.300048828125,2747.760009765625,2713.739990234375,2715.800048828125,3200360000,0.01602837635051313,2696.9389892578124,2730.8792041015627,48.52177535891536,0.008657642075105281,1
2018-02-26,2779.60009765625,2780.639892578125,2753.780029296875,2757.3701171875,3436590000,0.011757015343810906,2712.943994140625,2733.18900390625,65.52817089390624,0.008358374621885526,0
2018-02-27,2744.280029296875,2789.14990234375,2744.219970703125,2780.449951171875,3752070000,-0.012706888443829278,2721.7719970703124,2734.8176025390626,55.995041412899475,0.009684464474380306,0
2018-02-28,2713.830078125,2761.52001953125,2713.5400390625,2753.780029296875,4244570000,-0.011095788639207016,2726.8610107421873,2736.05400390625,53.76867692895546,0.01071108138501492,0
2018-03-01,2677.669921875,2730.889892578125,2659.64990234375,2715.219970703125,4514490000,-0.013324399541987275,2724.7650146484375,2736.091201171875,63.34077257614779,0.010868229948466382,1
2018-03-02,2691.25,2696.25,2647.320068359375,2658.889892578125,3891250000,0.005071602744632031,2720.77001953125,2736.1130029296874,60.62725032477049,0.010154701986673452,1
2018-03-05,2720.93994140625,2728.090087890625,2675.75,2681.06005859375,3733640000,0.011032026532745043,2719.6420166015623,2736.90240234375,59.822119616913916,0.010896827455108272,1
2018-03-06,2728.1201171875,2732.080078125,2711.260009765625,2730.179931640625,3389030000,0.002638858606169414,2720.82802734375,2737.8798046875,59.851295902703974,0.01075188750763907,0
2018-03-07,2726.800048828125,2730.60009765625,2701.739990234375,2710.179931640625,3406690000,-0.00048387472056610203,2723.3750244140624,2738.724404296875,54.7512437606083,0.01055697524937118,1
2018-03-08,2738.969970703125,2740.449951171875,2722.64990234375,2732.75,3206040000,0.004463078207817217,2726.876025390625,2739.837001953125,51.407355784282686,0.010613924313504278,1
2018-03-09,2786.570068359375,2786.570068359375,2751.5400390625,2752.909912109375,3376870000,0.01737883151892694,2730.80302734375,2741.9584033203123,58.42296673310662,0.010828035873183083,0
2018-03-12,2783.02001953125,2796.97998046875,2779.260009765625,2790.5400390625,3216960000,-0.001273985129042532,2731.14501953125,2743.9664013671877,60.76009138536339,0.01021992992614429,0
2018-03-13,2765.31005859375,2801.89990234375,2758.679931640625,2792.31005859375,3324290000,-0.006363576551088879,2733.2480224609376,2745.5218017578127,60.220428220428225,0.00950364256992415,0
2018-03-14,2749.47998046875,2777.110107421875,2744.3798828125,2774.06005859375,3394630000,-0.005724521948562322,2736.8130126953124,2747.03919921875,56.977302902887324,0.0088882044088763,0
2018-03-15,2747.330078125,2763.030029296875,2741.469970703125,2754.27001953125,3543710000,-0.000781930531963182,2743.7790283203126,2748.069599609375,50.00526810364544,0.007338581473177752,1
2018-03-16,2752.010009765625,2761.85009765625,2749.969970703125,2750.570068359375,5429140000,0.001703447167811456,2749.855029296875,2748.8485986328124,44.64041977821642,0.007289446289957137,0
2018-03-19,2712.919921875,2741.3798828125,2694.590087890625,2741.3798828125,3327460000,-0.014204195388793028,2749.05302734375,2748.627197265625,43.99600640545642,0.008223273551076249,1
2018-03-20,2716.93994140625,2724.219970703125,2710.050048828125,2715.050048828125,3272590000,0.0014818054520648882,2747.935009765625,2748.102998046875,50.66243281023781,0.008185933745249372,0
2018-03-21,2711.929931640625,2739.139892578125,2709.7900390625,2714.989990234375,3434780000,-0.0018439898833508828,2746.447998046875,2747.3873974609373,58.41437163089948,0.008199131036297288,0
2018-03-22,2643.68994140625,2695.679931640625,2641.590087890625,2691.360107421875,3765460000,-0.025162888405856454,2736.9199951171877,2745.2353955078124,40.79150878466786,0.01105496369437573,0
2018-03-23,2588.260009765625,2657.669921875,2585.889892578125,2646.7099609375,3829380000,-0.02096688071186603,2717.0889892578125,2742.03599609375,26.639230456428606,0.009566374992710269,1
2018-03-26,2658.550048828125,2661.360107421875,2601.81005859375,2619.35009765625,3538080000,0.02715725576151251,2704.6419921875,2739.8557958984375,39.97809635213525,0.014508898605696902,0
2018-03-27,2612.6201171875,2674.780029296875,2596.1201171875,2667.570068359375,3761320000,-0.017276308813847896,2689.372998046875,2736.3833984375,35.42507711591165,0.015066771533415105,0
2018-03-28,2605.0,2632.64990234375,2593.06005859375,2611.300048828125,3875720000,-0.00291665716625622,2674.925,2732.955,32.69793103274314,0.015089549172602927,1
2018-03-29,2640.8701171875,2659.070068359375,2609.719970703125,2614.409912109375,3572360000,0.013769718690019195,2664.27900390625,2729.721201171875,30.595081942693113,0.016230166193300682,0
2018-04-02,2581.8798828125,2638.300048828125,2553.800048828125,2633.449951171875,3635780000,-0.022337423560165104,2647.2659912109375,2725.3981982421874,26.658314464382457,0.017078487457467265,1
2018-04-03,2614.449951171875,2619.139892578125,2575.489990234375,2592.169921875,3395840000,0.012614865848792123,2637.418994140625,2721.4811962890626,33.07682490437763,0.017778530242426302,1
2018-04-04,2644.68994140625,2649.860107421875,2573.610107421875,2584.0400390625,3369230000,0.01156648273982852,2630.193994140625,2717.715595703125,38.6130056125822,0.018371671509049493,1
2018-04-05,2662.840087890625,2672.080078125,2649.580078125,2657.360107421875,3230430000,0.0068628636575538415,2625.285009765625,2714.1897998046875,41.127435673004896,0.01861303617838145,0
2018-04-06,2604.469970703125,2656.8798828125,2586.27001953125,2645.820068359375,3312390000,-0.021920248779842444,2621.3630126953126,2709.5283984375,36.07642066478476,0.018181505220748614,1
2018-04-09,2613.159912109375,2653.550048828125,2610.7900390625,2617.179931640625,3076140000,0.0033365488963206236,2623.8530029296876,2705.0065966796874,40.01242650786286,0.016842140896452903,1
2018-04-10,2656.8701171875,2665.449951171875,2635.780029296875,2638.409912109375,3579130000,0.0167269537832615,2623.685009765625,2700.6865966796877,44.428805750208994,0.015300556536188805,0
2018-04-11,2642.18994140625,2661.429931640625,2639.25,2643.889892578125,3054520000,-0.005525364482924067,2626.6419921875,2696.459794921875,43.64591799918765,0.014236926012126404,1
2018-04-12,2663.989990234375,2674.719970703125,2653.830078125,2653.830078125,3045330000,0.008250750063987677,2632.5409912109376,2693.29099609375,52.02054443331491,0.014314362228701806,0
2018-04-13,2656.300048828125,2680.260009765625,2645.050048828125,2676.89990234375,2988540000,-0.0028866254882486952,2634.083984375,2689.9407958984375,57.483488592655604,0.013795577906975744,1
2018-04-16,2677.840087890625,2686.489990234375,2665.159912109375,2670.10009765625,3020740000,0.008109038386684864,2643.6800048828127,2687.057998046875,52.37649230073281,0.011285334438921501,1
2018-04-17,2706.389892578125,2713.340087890625,2692.050048828125,2692.739990234375,3286190000,0.010661504701720004,2652.8739990234376,2685.9431982421875,62.06908470899215,0.011129979321886358,1
2018-04-18,2708.639892578125,2717.489990234375,2703.6298828125,2710.110107421875,3412030000,0.0008313658006817715,2659.268994140625,2687.137197265625,63.52645105950174,0.010779650063898654,0
2018-04-19,2693.1298828125,2702.840087890625,2681.89990234375,2701.159912109375,3375120000,-0.005726124690152989,2662.2979736328125,2687.0969970703127,57.20345998683525,0.010940247332671788,0
2018-04-20,2670.139892578125,2693.93994140625,2660.610107421875,2692.56005859375,3428260000,-0.00853653230061302,2668.8649658203126,2686.8665966796875,63.50613339470339,0.008299421090636486,1
2018-04-23,2670.2900390625,2682.860107421875,2657.989990234375,2675.39990234375,3030390000,5.623169212687351e-05,2674.577978515625,2688.6523974609377,59.486270433839856,0.008328519304799865,0
2018-04-24,2634.56005859375,2683.550048828125,2617.320068359375,2680.800048828125,3716020000,-0.01338056164164636,2672.34697265625,2688.95259765625,48.31061933642991,0.007924082288686005,1
2018-04-25,2639.39990234375,2645.300048828125,2612.669921875,2634.919921875,3563680000,0.001837059563023713,2672.06796875,2688.620595703125,45.90922066799885,0.007778457836951262,1
2018-04-26,2666.93994140625,2676.47998046875,2647.159912109375,2651.64990234375,3690920000,0.010434204774367295,2672.3629638671873,2688.700595703125,62.21690658645468,0.008063656335476099,1
2018-04-27,2669.909912109375,2677.35009765625,2659.010009765625,2675.469970703125,3234510000,0.0011136248915897262,2673.7239501953127,2688.1261962890626,61.352261583362306,0.007995767047679944,0
2018-04-30,2648.050048828125,2682.8701171875,2648.0400390625,2682.510009765625,3749510000,-0.008187490964434607,2670.7449462890627,2686.4631982421874,48.06662121359696,0.007942229397646097,1
2018-05-01,2654.800048828125,2655.27001953125,2625.409912109375,2642.9599609375,3562820000,0.0025490454770622506,2665.5859619140624,2684.9147998046874,52.863724821609765,0.0069624387868277215,0
2018-05-02,2635.669921875,2660.8701171875,2631.699951171875,2654.239990234375,4047020000,-0.007205863568357729,2658.28896484375,2683.302998046875,43.489632149820565,0.007074974330916956,0
2018-05-03,2629.72998046875,2637.139892578125,2594.6201171875,2628.080078125,3867530000,-0.0022536742393085563,2651.948974609375,2681.87099609375,43.84238738682669,0.006994963028406569,1
2018-05-04,2663.419921875,2670.929931640625,2615.320068359375,2621.449951171875,3335260000,0.012811178963797909,2651.2769775390625,2681.0601953125,46.836290556703595,0.00807394312023238,1
2018-05-07,2672.6298828125,2683.35009765625,2664.699951171875,2680.340087890625,3266810000,0.0034579455015175675,2651.5109619140626,2679.5667919921875,41.906396288722064,0.008158217988221321,0
2018-05-08,2671.919921875,2676.340087890625,2655.199951171875,2670.260009765625,3745100000,-0.0002656413228280252,2655.2469482421875,2677.4131884765625,41.13128911625998,0.006664636964698041,1
2018-05-09,2697.7900390625,2701.27001953125,2674.139892578125,2678.1201171875,3913650000,0.009682220255068819,2661.0859619140624,2676.483388671875,51.07189225371412,0.007161240889607328,1
2018-05-10,2723.070068359375,2726.110107421875,2704.5400390625,2705.02001953125,3380640000,0.009370643723504823,2666.698974609375,2676.6681884765626,62.04766117488064,0.007032322674100649,1
2018-05-11,2727.719970703125,2732.860107421875,2717.449951171875,2722.699951171875,2874850000,0.0017075955546570487,2672.47998046875,2677.669189453125,62.80947811966687,0.007025503328557395,1
2018-05-14,2730.1298828125,2742.10009765625,2725.469970703125,2738.469970703125,2994360000,0.0008834895573073265,2680.6879638671876,2678.446787109375,75.03799314332497,0.006059246843675566,0
2018-05-15,2711.449951171875,2718.590087890625,2701.909912109375,2718.590087890625,3291190000,-0.006842140279927467,2686.3529541015623,2678.2569873046873,67.59982299808327,0.006828529425483046,1
2018-05-16,2722.4599609375,2727.760009765625,2712.169921875,2712.6201171875,3248480000,0.004060561678767671,2695.0319580078126,2678.1437841796874,64.75343258483824,0.005994735801276636,0
2018-05-17,2720.1298828125,2731.9599609375,2711.360107421875,2719.7099609375,3478150000,-0.0008558723207806596,2704.0719482421873,2678.010380859375,63.39057989977619,0.005866787189971503,0
2018-05-18,2712.969970703125,2719.5,2709.179931640625,2717.35009765625,3383270000,-0.00263219493841671,2709.026953125,2677.490380859375,68.78254481755124,0.005096522375912761,1
2018-05-21,2733.010009765625,2739.18994140625,2725.699951171875,2735.389892578125,3053480000,0.007386752997235124,2715.0649658203124,2676.4191796875,71.01177217547809,0.005377371493364764,0
2018-05-22,2724.43994140625,2742.239990234375,2721.8798828125,2738.340087890625,3384140000,-0.0031357617896576873,2720.3169677734377,2675.247578125,75.28342873672557,0.005598578244955851,1
2018-05-23,2733.2900390625,2733.330078125,2709.5400390625,2713.97998046875,3333160000,0.0032484098921563564,2723.8669677734374,2674.607177734375,79.01492806838019,0.004944325322034569,0
2018-05-24,2727.760009765625,2731.969970703125,2707.3798828125,2730.93994140625,3285750000,-0.002023213496498033,2724.3359619140624,2674.1727783203123,71.40388123366508,0.00412822243222495,0
2018-05-25,2721.330078125,2727.360107421875,2714.989990234375,2723.60009765625,3015260000,-0.0023572204364039617,2723.69697265625,2673.6527783203123,66.50630045577765,0.004161059176457497,0
2018-05-29,2689.860107421875,2710.669921875,2676.81005859375,2705.110107421875,3743310000,-0.011564187290653005,2719.6699951171877,2672.4097802734377,55.031462474408926,0.005453244515270655,1
2018-05-30,2724.010009765625,2729.340087890625,2702.429931640625,2702.429931640625,3566490000,0.012695791223314323,2720.9260009765626,2672.63158203125,57.02722898282927,0.006677787764579087,0
2018-05-31,2705.27001953125,2722.5,2700.679931640625,2720.97998046875,4241100000,-0.006879559974886984,2719.2070068359376,2672.39818359375,45.056085146895484,0.0069182543373358255,1
2018-06-01,2734.6201171875,2736.929931640625,2718.699951171875,2718.699951171875,3694310000,0.010849230370481022,2720.6560302734374,2672.8519873046876,51.68526462285921,0.0078056438344337705,1
2018-06-04,2746.8701171875,2749.159912109375,2740.5400390625,2741.669921875,3410090000,0.004479598435997323,2724.046044921875,2674.9155908203124,53.901060263666345,0.007806586008611955,1
2018-06-05,2748.800048828125,2752.610107421875,2739.510009765625,2748.4599609375,3523550000,0.0007025929724704394,2725.625048828125,2678.1263916015623,59.4408994976735,0.007504993419091739,1
2018-06-06,2772.35009765625,2772.389892578125,2748.4599609375,2753.25,3662780000,0.008567392465728796,2730.416064453125,2680.402392578125,61.85883374303907,0.007765412486106204,0
2018-06-07,2770.3701171875,2779.89990234375,2760.159912109375,2774.840087890625,3742080000,-0.0007141884679080501,2734.124072265625,2683.557392578125,61.96196056547619,0.007782779310164834,1
2018-06-08,2779.030029296875,2779.389892578125,2763.590087890625,2765.840087890625,3138850000,0.0031259043893263616,2739.25107421875,2687.0379931640623,65.61703512854609,0.007702848910584131,1
2018-06-11,2782.0,2790.2099609375,2780.169921875,2780.179931640625,3262130000,0.001068707668436586,2745.31806640625,2689.8605908203126,62.598366368025516,0.007567938256622377,1
2018-06-12,2786.85009765625,2789.800048828125,2778.780029296875,2785.60009765625,3435700000,0.0017433852107295866,2755.0170654296876,2693.9599951171876,66.36258429900607,0.005846442322911582,0
2018-06-13,2775.6298828125,2791.469970703125,2774.64990234375,2787.93994140625,3820770000,-0.004026127868587581,2760.179052734375,2697.18359375,60.964322202777744,0.005311228474114882,1
2018-06-14,2782.489990234375,2789.06005859375,2776.52001953125,2783.2099609375,3540930000,0.002471549778432225,2767.9010498046873,2699.9395947265625,64.07590568426129,0.004327423549384514,0
2018-06-15,2779.659912109375,2782.81005859375,2761.72998046875,2777.780029296875,5451990000,-0.001017102715529128,2772.405029296875,2702.2759912109377,65.28477056754512,0.0034136111673837757,0
2018-06-18,2773.75,2774.989990234375,2757.1201171875,2765.7900390625,3316120000,-0.0021261277624751163,2775.093017578125,2705.661591796875,75.38268340067813,0.003442120948729492,0
2018-06-19,2762.590087890625,2765.050048828125,2743.18994140625,2752.010009765625,3671160000,-0.004023402292699374,2776.472021484375,2708.6501953125,63.55968271729095,0.0037911234337571426,1
2018-06-20,2767.320068359375,2774.860107421875,2763.909912109375,2769.72998046875,3332140000,0.0017121542893689945,2775.9690185546874,2710.8591943359374,74.191006123968,0.002606329474555028,0
2018-06-21,2749.760009765625,2769.280029296875,2744.389892578125,2769.280029296875,3336580000,-0.006345510515579966,2773.9080078125,2713.010595703125,56.50002830064086,0.003261052636428589,1
2018-06-22,2754.8798828125,2764.169921875,2752.679931640625,2760.7900390625,5468110000,0.0018619345065358228,2771.4929931640627,2714.8283935546874,53.66311163513586,0.003115749853925313,0
2018-06-25,2717.070068359375,2742.93994140625,2698.669921875,2742.93994140625,3663280000,-0.013724668973416176,2765.0,2716.0437939453127,39.07444769494603,0.0050224847637758835,1
2018-06-26,2723.06005859375,2732.909912109375,2715.60009765625,2722.1201171875,3568900000,0.0022045770199778936,2758.62099609375,2716.948193359375,30.693271926771146,0.005066149891041244,0
2018-06-27,2699.6298828125,2746.090087890625,2699.3798828125,2728.449951171875,3803990000,-0.008604355128821406,2751.02099609375,2716.8129931640624,26.27760293689026,0.005432930261038399,1
2018-06-28,2716.31005859375,2724.340087890625,2691.989990234375,2698.68994140625,3461100000,0.00617868985946779,2744.4030029296873,2716.966396484375,30.040788420750033,0.005932964847733616,1
2018-06-29,2718.3701171875,2743.260009765625,2718.030029296875,2727.1298828125,3586800000,0.0007584033300001014,2738.2740234375,2717.471201171875,29.63328217455043,0.006004694949071431,1
2018-07-02,2726.7099609375,2727.260009765625,2698.949951171875,2704.949951171875,3095040000,0.003067957412152822,2733.57001953125,2718.6026025390624,31.17092574587393,0.006233135725600456,0
2018-07-03,2713.219970703125,2736.580078125,2711.159912109375,2733.27001953125,1911460000,-0.00494735062681062,2728.6330078125,2719.461201171875,30.7341102062165,0.006278228693558954,1
2018-07-05,2736.610107421875,2737.830078125,2716.02001953125,2724.18994140625,2980160000,0.008620803683929923,2725.56201171875,2721.5022021484374,37.148492209383754,0.007039624128316,1
2018-07-06,2759.820068359375,2764.409912109375,2733.52001953125,2737.679931640625,2590250000,0.008481281595267509,2726.568017578125,2723.91060546875,45.0121039218671,0.0073643282161481045,1
2018-07-09,2784.169921875,2784.64990234375,2770.72998046875,2775.6201171875,3070060000,0.008822985887663393,2729.497021484375,2726.255205078125,52.397370307209414,0.007833026971588141,1
2018-07-10,2793.840087890625,2795.580078125,2786.239990234375,2788.56005859375,3080140000,0.003473267180873929,2737.1740234375,2728.73380859375,57.239491425727344,0.005859264238400165,0
2018-07-11,2774.02001953125,2785.909912109375,2770.77001953125,2779.820068359375,2986180000,-0.007094202866256172,2742.27001953125,2731.2532080078126,51.45070724819712,0.006649790457045312,1
2018-07-12,2798.2900390625,2799.219970703125,2781.530029296875,2783.139892578125,2834230000,0.008749042674663476,2752.13603515625,2734.1230078125,60.21125349700462,0.005824021076812346,1
2018-07-13,2801.31005859375,2804.530029296875,2791.68994140625,2796.929931640625,2619790000,0.0010792374947172778,2760.63603515625,2737.435810546875,59.85651973812416,0.005797415495550944,0
2018-07-16,2798.429931640625,2801.18994140625,2793.389892578125,2797.360107421875,2819860000,-0.001028135726814483,2768.6420166015623,2740.8098095703126,70.27906920137283,0.005904175338049596,1
2018-07-17,2809.550048828125,2814.18994140625,2789.239990234375,2789.340087890625,3064920000,0.00397369863071062,2776.926025390625,2743.732412109375,71.02019407290847,0.005913594717177356,1
2018-07-18,2815.6201171875,2816.760009765625,2805.889892578125,2811.35009765625,3111560000,0.0021605126279586884,2787.1660400390624,2746.592216796875,80.78777447425107,0.005239188977513959,0
2018-07-19,2804.489990234375,2812.050048828125,2799.77001953125,2809.3701171875,3278360000,-0.003952993120479142,2793.9540283203123,2749.2436181640624,74.11652531338763,0.005438398624713979,0
2018-07-20,2801.830078125,2809.699951171875,2800.010009765625,2804.550048828125,3243250000,-0.0009484477101494582,2798.155029296875,2751.3244189453126,72.75100161056316,0.005085680668663841,1
2018-07-23,2806.97998046875,2808.610107421875,2795.139892578125,2799.169921875,2928490000,0.0018380494891383492,2800.43603515625,2753.0026171875,72.2687151867184,0.004405990814128153,1
2018-07-24,2820.39990234375,2829.989990234375,2811.1201171875,2820.679931640625,3430410000,0.004780911145920941,2803.0920166015626,2754.8562158203126,79.74569644834179,0.004511463283775116,1
2018-07-25,2846.070068359375,2848.030029296875,2817.72998046875,2817.72998046875,3584400000,0.009101605057599604,2810.297021484375,2757.17501953125,79.99882238958564,0.0041965851657501186,0
2018-07-26,2837.43994140625,2845.570068359375,2835.260009765625,2835.489990234375,3667290000,-0.0030322960242857855,2814.21201171875,2759.6948193359376,73.12033765927771,0.003915114816266634,0
2018-07-27,2818.820068359375,2843.169921875,2808.340087890625,2842.35009765625,3434370000,-0.00656220869212365,2815.9630126953125,2761.622021484375,60.68587398940199,0.004659103986599333,0
2018-07-30,2802.60009765625,2821.739990234375,2798.110107421875,2819.0,3261190000,-0.005754170294581917,2816.380029296875,2763.27142578125,52.59662910777737,0.0050680802784156265,1
2018-07-31,2816.2900390625,2824.4599609375,2808.06005859375,2809.72998046875,3906890000,0.004884728797982518,2817.0540283203127,2765.3378271484376,63.00213575726263,0.005151740347428566,0
2018-08-01,2813.360107421875,2825.830078125,2805.85009765625,2821.169921875,3501350000,-0.0010403515262938923,2816.82802734375,2766.9448291015624,55.33604081625596,0.0051192913791476185,1
2018-08-02,2827.219970703125,2829.909912109375,2796.340087890625,2800.47998046875,3501380000,0.004926444803381669,2819.101025390625,2769.0004296875,58.52019197266525,0.005140691155796378,1
2018-08-03,2840.35009765625,2840.3798828125,2827.3701171875,2829.6201171875,3043690000,0.004644183009877123,2822.95302734375,2771.141630859375,62.914403389988586,0.005230423620843673,1
2018-08-06,2850.39990234375,2853.2900390625,2835.97998046875,2840.2900390625,2879020000,0.003538227451535869,2827.29501953125,2773.5944287109373,62.668213211144206,0.005274461668947405,1
2018-08-07,2858.449951171875,2863.429931640625,2855.919921875,2855.919921875,3185440000,0.0028241822564987196,2831.1000244140623,2776.336826171875,63.121104191878324,0.005176617613294679,0
2018-08-08,2857.699951171875,2862.43994140625,2853.090087890625,2856.7900390625,2978070000,-0.0002623799656497061,2832.2630126953127,2779.693623046875,67.40826530775252,0.004409297318497794,0
2018-08-09,2853.580078125,2862.47998046875,2851.97998046875,2857.18994140625,3066180000,-0.0014416744645237012,2833.8770263671877,2782.2850244140627,66.77041631723026,0.004298349859402238,0
2018-08-10,2833.280029296875,2842.199951171875,2825.81005859375,2838.89990234375,3265590000,-0.007113887913551609,2835.3230224609374,2784.845224609375,57.76088757609596,0.004402422166090123,0
2018-08-13,2821.929931640625,2843.39990234375,2819.8798828125,2835.4599609375,3173630000,-0.004005992185342366,2837.256005859375,2786.5914208984377,50.45708025853808,0.004153229188640669,1
2018-08-14,2839.9599609375,2843.110107421875,2826.580078125,2827.8798828125,2986500000,0.006389254777276809,2839.622998046875,2788.4532177734377,48.08736069991273,0.004344691745062847,0
2018-08-15,2818.3701171875,2827.949951171875,2802.489990234375,2827.949951171875,3656680000,-0.007602164835758152,2840.1239990234376,2789.844619140625,44.47857878009885,0.005092390055815842,1
2018-08-16,2840.68994140625,2850.489990234375,2831.43994140625,2831.43994140625,3232000000,0.007919408484583057,2841.47099609375,2791.211416015625,56.19931597763848,0.0054752805122834656,1
2018-08-17,2850.1298828125,2855.6298828125,2833.72998046875,2838.320068359375,3037640000,0.0033231157222237684,2842.448974609375,2792.806611328125,64.0115442192538,0.005378973379574833,1
2018-08-20,2857.050048828125,2859.760009765625,2850.6201171875,2853.929931640625,2757150000,0.0024280177746833775,2843.1139892578126,2794.36701171875,62.515386264582276,0.0053171151042448435,1
2018-08-21,2862.9599609375,2873.22998046875,2861.320068359375,2861.510009765625,3174010000,0.0020685364303643095,2843.564990234375,2795.9862109375,64.95597006464988,0.005281651804652106,0
2018-08-22,2861.820068359375,2867.5400390625,2856.050048828125,2860.989990234375,2701250000,-0.0003981517707819515,2843.977001953125,2797.4856103515626,61.29986477349561,0.0052830617525359705,0
2018-08-23,2856.97998046875,2868.780029296875,2854.030029296875,2860.2900390625,2724450000,-0.0016912621251551352,2844.3169921875,2799.1126123046874,55.74198334288701,0.005292033637274818,1
2018-08-24,2874.68994140625,2876.159912109375,2862.35009765625,2862.35009765625,2603010000,0.006198839704363079,2848.4579833984376,2800.956611328125,57.96552850527449,0.004928823197443443,1
2018-08-27,2896.739990234375,2898.25,2884.68994140625,2884.68994140625,2865070000,0.007670409427647185,2855.9389892578124,2803.298212890625,61.50060129645382,0.004872015705568814,1
2018-08-28,2897.52001953125,2903.77001953125,2893.5,2901.449951171875,2687770000,0.00026927832649970007,2861.6949951171873,2805.77361328125,61.957996020428666,0.004729714354147239,1
2018-08-29,2914.0400390625,2916.5,2898.39990234375,2900.6201171875,2805520000,0.005701434129840033,2871.2619873046874,2808.8026123046875,66.89770652343014,0.0034097455965259186,0
2018-08-30,2901.1298828125,2912.4599609375,2895.219970703125,2908.93994140625,2810450000,-0.004430329054144866,2877.3059814453127,2811.47880859375,69.78014391356646,0.003786145605047511,1
2018-08-31,2901.52001953125,2906.320068359375,2891.72998046875,2898.3701171875,2887220000,0.00013447750859452157,2882.4449951171873,2814.5140087890627,74.78669065240499,0.0038072127879892398,0
2018-09-04,2896.719970703125,2900.179931640625,2885.1298828125,2896.9599609375,3087420000,-0.0016543221469484948,2886.4119873046875,2817.350810546875,69.26418117970313,0.003948071338378784,0
2018-09-05,2888.60009765625,2894.2099609375,2876.919921875,2891.590087890625,3248780000,-0.002803126684318036,2888.9760009765623,2820.7814111328125,76.23456452348381,0.004150016112518284,0
2018-09-06,2878.050048828125,2892.050048828125,2867.2900390625,2888.639892578125,3144240000,-0.0036523050860121087,2890.5989990234375,2823.8812109375,65.3014452814869,0.004384077810951322,0
2018-09-07,2871.679931640625,2883.81005859375,2864.1201171875,2868.260009765625,2976580000,-0.002213344827027508,2892.068994140625,2827.3222119140623,59.05384364480057,0.004417040097312917,1
2018-09-10,2877.1298828125,2886.929931640625,2875.93994140625,2881.389892578125,2751100000,0.0018978268127400888,2892.31298828125,2830.5386083984376,58.541681812044985,0.003991791273117499,1
2018-09-11,2887.889892578125,2892.52001953125,2866.780029296875,2871.570068359375,2904500000,0.003739841510076891,2891.427978515625,2833.92900390625,60.184595989316016,0.0032954362158559946,1
2018-09-12,2888.919921875,2894.64990234375,2879.199951171875,2888.2900390625,3341280000,0.00035667194221011833,2890.56796875,2837.173203125,61.08101848616682,0.0032972321705533195,1
2018-09-13,2904.179931640625,2906.760009765625,2896.389892578125,2896.85009765625,3274090000,0.005282254329749936,2889.5819580078123,2840.99240234375,67.78439896898303,0.0032141852452683113,1
2018-09-14,2904.97998046875,2908.300048828125,2895.77001953125,2906.3798828125,3179410000,0.00027548183892078804,2889.9669677734373,2844.3597998046876,63.0796705729551,0.0028743731487680954,0
2018-09-17,2888.800048828125,2904.64990234375,2886.159912109375,2903.830078125,2967980000,-0.005569722252617426,2888.694970703125,2846.9393994140623,46.38832251673574,0.0033938441892407568,1
2018-09-18,2904.31005859375,2911.169921875,2890.429931640625,2890.739990234375,3091190000,0.005369014643958003,2889.4539794921875,2849.3422021484375,52.723633286849164,0.0038139760259553075,1
2018-09-19,2907.949951171875,2912.360107421875,2903.820068359375,2906.60009765625,3302460000,0.0012532727238796504,2891.38896484375,2851.6243994140623,47.275622473029266,0.0036637734150326315,1
2018-09-20,2930.75,2934.800048828125,2919.72998046875,2919.72998046875,3406520000,0.007840591898404803,2896.6589599609374,2854.7589990234374,62.173302295713604,0.003947515310882678,0
2018-09-21,2929.669921875,2940.909912109375,2927.110107421875,2936.760009765625,5652470000,-0.00036853301202766087,2902.457958984375,2857.3865966796875,61.50383321427289,0.0037773535952793794,0
2018-09-24,2919.3701171875,2923.7900390625,2912.6298828125,2921.830078125,3392030000,-0.0035156877607932513,2906.681982421875,2859.7477978515626,58.858104198612494,0.004163070495431196,0
2018-09-25,2915.56005859375,2923.949951171875,2913.699951171875,2921.75,3330880000,-0.0013050961134796202,2909.4489990234374,2862.090400390625,60.91142642583297,0.0041626259999451775,0
2018-09-26,2905.969970703125,2931.14990234375,2903.280029296875,2916.97998046875,3417540000,-0.003289278113945082,2911.15400390625,2864.018798828125,61.388441866764396,0.004375734451811573,1
2018-09-27,2914.0,2927.219970703125,2909.27001953125,2911.64990234375,3101360000,0.0027632870875580196,2912.1360107421874,2865.986396484375,67.03158068490647,0.004142346325970788,0
2018-09-28,2913.97998046875,2920.530029296875,2907.5,2910.030029296875,3461680000,-6.870120538793323e-06,2913.0360107421875,2868.1761962890623,65.50798732548915,0.004143837370818656,1
2018-10-01,2924.590087890625,2937.06005859375,2917.909912109375,2926.2900390625,3375890000,0.003641105118425747,2916.6150146484374,2870.631396484375,65.4644138657537,0.0036886150943924202,0
2018-10-02,2923.429931640625,2931.419921875,2919.3701171875,2923.800048828125,3432620000,-0.0003966902079042267,2918.527001953125,2872.9603955078123,64.52560295130148,0.003411379806412886,1
2018-10-03,2925.510009765625,2939.860107421875,2921.360107421875,2931.68994140625,3625510000,0.0007115197468861023,2920.2830078125,2875.06259765625,60.098478894077395,0.003405235942063541,0
2018-10-04,2901.610107421875,2919.780029296875,2883.919921875,2919.35009765625,3510370000,-0.008169482334351885,2917.3690185546875,2876.1733984375,48.690906814720115,0.0033902499603463932,0
2018-10-05,2885.570068359375,2909.639892578125,2869.2900390625,2902.5400390625,3340820000,-0.005527978766503461,2912.959033203125,2877.1360009765626,48.743885580604,0.0036659443256469005,0
2018-10-08,2884.429931640625,2889.449951171875,2862.080078125,2877.530029296875,3381820000,-0.00039511662920677093,2909.4650146484373,2878.4481982421876,41.29594988936753,0.003608565454412664,0
2018-10-09,2880.340087890625,2894.830078125,2874.27001953125,2882.510009765625,3531690000,-0.0014179036575431292,2905.943017578125,2880.002998046875,37.95910631846135,0.0036091156051269242,0
2018-10-10,2785.679931640625,2874.02001953125,2784.860107421875,2873.89990234375,4554260000,-0.0328642290012785,2893.914013671875,2879.3907958984373,11.109409422381404,0.010684906101262118,0
2018-10-11,2728.3701171875,2795.139892578125,2710.510009765625,2776.8701171875,4914090000,-0.02057300761734404,2875.351025390625,2877.69099609375,8.535962279635996,0.01151911730283849,1
2018-10-12,2767.1298828125,2775.77001953125,2729.43994140625,2770.5400390625,4024010000,0.014206197825152422,2860.666015625,2876.4891943359376,21.932130395485927,0.013168107541255336,0
2018-10-15,2750.7900390625,2775.989990234375,2749.030029296875,2763.830078125,3327160000,-0.005904978964482943,2843.2860107421875,2874.6979931640626,20.963586706798907,0.012806808822725762,1
2018-10-16,2809.919921875,2813.4599609375,2766.909912109375,2767.050048828125,3460260000,0.02149560016316343,2831.935009765625,2873.8883935546874,35.58974501729945,0.015471353748858085,0
2018-10-17,2809.2099609375,2816.93994140625,2781.81005859375,2811.669921875,3347090000,-0.00025266233815879335,2820.3050048828127,2872.90359375,33.925428248282884,0.015442787537785054,0
2018-10-18,2768.780029296875,2806.0400390625,2755.179931640625,2802.0,3639300000,-0.014391922356395415,2807.0219970703124,2871.1251953125,30.183412201312933,0.015754346964704152,0
2018-10-19,2767.780029296875,2797.77001953125,2760.27001953125,2775.659912109375,3593940000,-0.00036116989772350117,2795.2429931640627,2869.4091943359376,28.022386374368168,0.01580381635800804,0
2018-10-22,2755.8798828125,2778.93994140625,2749.219970703125,2773.93994140625,3331270000,-0.004299527548581317,2782.38798828125,2867.86119140625,27.20342377977687,0.01575174423586732,0
2018-10-23,2740.68994140625,2753.590087890625,2691.429931640625,2721.030029296875,4373710000,-0.005511829997012829,2768.4229736328125,2866.2363916015624,25.719866447286122,0.01571774138851867,0
2018-10-24,2656.10009765625,2742.590087890625,2651.889892578125,2737.8701171875,4738670000,-0.030864433977743855,2755.464990234375,2862.5591943359377,22.182646840617622,0.015329577052489907,1
2018-10-25,2705.570068359375,2722.699951171875,2667.840087890625,2674.8798828125,4663930000,0.018625040052811848,2753.1849853515623,2860.303193359375,31.041425595926867,0.01580846704866856,0
2018-10-26,2658.68994140625,2692.3798828125,2628.159912109375,2667.860107421875,4804330000,-0.017327264039978307,2742.3409912109373,2856.663193359375,28.313383847741875,0.015643124729499525,0
2018-10-29,2641.25,2706.85009765625,2603.5400390625,2682.64990234375,4701260000,-0.0065595995737004476,2731.3869873046874,2852.485595703125,27.605291237114585,0.015653909415692672,1
2018-10-30,2682.6298828125,2685.429931640625,2635.340087890625,2640.679931640625,5125600000,0.015666780052058682,2718.6579833984374,2848.9971923828125,39.27743824834993,0.014679565486807176,1
2018-10-31,2711.739990234375,2736.68994140625,2705.60009765625,2705.60009765625,5133380000,0.010851331974038647,2708.910986328125,2845.97279296875,48.16172363001628,0.015439180616756054,1
2018-11-01,2740.3701171875,2741.669921875,2708.85009765625,2717.580078125,4730250000,0.010557843693063784,2706.0699951171873,2843.5437939453127,46.97424430641822,0.015484493628797022,0
2018-11-02,2723.06005859375,2756.550048828125,2700.43994140625,2745.449951171875,4261230000,-0.0063166863793988615,2701.597998046875,2840.8653955078125,46.87140540230848,0.015574779504735615,1
2018-11-05,2738.31005859375,2744.27001953125,2717.93994140625,2726.3701171875,3650910000,0.005600317169601965,2699.841015625,2838.1377978515625,41.03285127655776,0.01569250842314639,1
2018-11-06,2755.449951171875,2756.820068359375,2737.080078125,2738.39990234375,3543800000,0.006259295774170726,2701.3170166015625,2835.3119970703124,43.534107866564796,0.015718576196716516,1
2018-11-07,2813.889892578125,2815.14990234375,2774.1298828125,2774.1298828125,3929080000,0.021208856064105275,2717.09599609375,2833.63939453125,55.200224253866175,0.01239212926630786,0
2018-11-08,2806.830078125,2814.75,2794.989990234375,2806.3798828125,3673550000,-0.0025089163835961825,2727.2219970703127,2831.4951953125,54.43962653056354,0.011758532793554159,0
2018-11-09,2781.010009765625,2794.10009765625,2764.239990234375,2794.10009765625,4029030000,-0.00919901370610332,2739.45400390625,2829.0927978515624,52.76940585828093,0.010334932694652335,0
2018-11-12,2726.219970703125,2775.989990234375,2722.0,2773.929931640625,3701570000,-0.01970148934024063,2747.9510009765627,2825.586796875,48.53337899640552,0.012511756077445499,0
2018-11-13,2722.179931640625,2754.60009765625,2714.97998046875,2730.050048828125,4112820000,-0.0014819196931705747,2751.906005859375,2822.09599609375,58.00463131371383,0.011772958956055065,0
2018-11-14,2701.580078125,2746.800048828125,2685.75,2737.89990234375,4449060000,-0.007567410690302756,2750.8900146484375,2818.355595703125,49.480321009811036,0.011591480546140835,1
2018-11-15,2730.199951171875,2735.3798828125,2670.75,2693.52001953125,4204960000,0.010593753366266334,2749.872998046875,2815.39859375,59.77902256849039,0.01159522807044536,1
2018-11-16,2736.27001953125,2746.75,2712.159912109375,2718.5400390625,3996970000,0.0022233054237545957,2751.193994140625,2812.6903955078124,63.41106565737316,0.011416900748652288,0
2018-11-19,2690.72998046875,2733.159912109375,2681.090087890625,2730.739990234375,3806940000,-0.01664310858849427,2746.435986328125,2808.9623974609376,51.12997313512541,0.012442780785680901,0
2018-11-20,2641.889892578125,2669.43994140625,2631.52001953125,2654.60009765625,4370820000,-0.01815124083246611,2735.07998046875,2804.0423974609375,40.764231694451944,0.013089460536953203,1
2018-11-21,2649.929931640625,2670.72998046875,2649.820068359375,2657.739990234375,3237400000,0.0030432907461763747,2718.683984375,2799.26259765625,37.35313898666156,0.010103190029090336,0
2018-11-23,2632.56005859375,2647.550048828125,2631.090087890625,2633.360107421875,1651680000,-0.006554842390161242,2701.256982421875,2793.8302001953125,37.346891405711325,0.01003131015243472,1
2018-11-26,2673.449951171875,2674.35009765625,2649.969970703125,2649.969970703125,3523520000,0.0155323683669224,2690.5009765625,2789.199599609375,41.53835667661041,0.012087175774246135,1
2018-11-27,2682.169921875,2682.530029296875,2655.889892578125,2663.75,3494380000,0.003261692144003847,2686.0959716796874,2785.0669970703125,40.22514838703795,0.010864959316252084,1
2018-11-28,2743.7900390625,2744.0,2684.3798828125,2691.449951171875,3984540000,0.022973979644221654,2688.256982421875,2781.8565966796873,40.728017675373245,0.013355115151287705,0
2018-11-29,2737.800048828125,2753.75,2722.93994140625,2736.969970703125,3599200000,-0.0021831080910337253,2691.8789794921877,2778.4535986328124,40.8436081391877,0.013082862885760877,1
2018-11-30,2760.169921875,2760.8798828125,2732.760009765625,2737.760009765625,4668310000,0.008170747552017188,2694.8759765625,2775.0419970703124,47.210160440041705,0.01291523261952498,1
2018-12-03,2790.3701171875,2800.179931640625,2773.3798828125,2790.5,4221580000,0.010941426132194287,2700.285986328125,2772.2560009765625,59.192938385806805,0.013283434911579814,0
2018-12-04,2700.06005859375,2785.929931640625,2697.179931640625,2782.429931640625,4515710000,-0.03236490314939877,2701.218994140625,2767.8697998046873,47.45853709711714,0.016322923429568172,0
2018-12-06,2695.949951171875,2696.14990234375,2621.530029296875,2663.510009765625,5180430000,-0.0015222281477752508,2706.625,2763.47759765625,49.32764999664714,0.01500965672879189,0
2018-12-07,2633.080078125,2708.5400390625,2623.139892578125,2691.260009765625,4242240000,-0.023320118765389863,2704.9400146484377,2758.0197998046874,39.278951598254245,0.01701297331478848,1
2018-12-10,2637.719970703125,2647.510009765625,2583.22998046875,2630.860107421875,4162880000,0.0017621539947350051,2705.456005859375,2752.49419921875,39.08661528021477,0.016887268147479956,0
2018-12-11,2636.780029296875,2674.35009765625,2621.300048828125,2664.43994140625,3963440000,-0.00035634616892232795,2701.789013671875,2746.9502001953124,43.37077451711552,0.016022830484469622,1
2018-12-12,2651.070068359375,2685.43994140625,2650.260009765625,2658.22998046875,4029300000,0.005419503676349802,2698.6790283203127,2741.4797998046874,51.23270210977547,0.01610486526037943,0
2018-12-13,2650.5400390625,2670.18994140625,2637.27001953125,2658.699951171875,3978340000,-0.00019993032368359476,2689.3540283203124,2736.022001953125,50.08361075329976,0.013760918899105535,0
2018-12-14,2599.949951171875,2635.070068359375,2593.840087890625,2629.679931640625,4064370000,-0.019086709555430348,2675.5690185546873,2729.51080078125,45.90397394656224,0.014611481908270696,0
2018-12-17,2545.93994140625,2601.1298828125,2530.5400390625,2590.75,4661420000,-0.020773480559224233,2654.1460205078124,2722.3973974609376,34.49500811941327,0.0145670669454815,1
2018-12-18,2546.159912109375,2573.989990234375,2528.7099609375,2559.89990234375,4519190000,8.640058610476231e-05,2629.725,2715.6091943359374,33.1123262191111,0.01335709622344917,0
2018-12-19,2506.9599609375,2585.2900390625,2488.9599609375,2547.050048828125,5152830000,-0.01539571453679811,2610.414990234375,2708.059794921875,18.860274809866027,0.01091943400892737,0
2018-12-20,2467.419921875,2509.6298828125,2441.179931640625,2496.77001953125,5619780000,-0.01577210632742365,2587.5619873046876,2699.8013916015625,17.331196862313845,0.011005518602536972,0
2018-12-21,2416.6201171875,2504.409912109375,2408.550048828125,2465.3798828125,7657890000,-0.020588228309714296,2565.9159912109376,2692.4201953125,11.158868887789708,0.010631590353883663,0
2018-12-24,2351.10009765625,2410.340087890625,2351.10009765625,2400.56005859375,2613670000,-0.027112254452099527,2537.25400390625,2684.874794921875,4.009864395238353,0.01142880975834938,1
2018-12-26,2467.699951171875,2467.760009765625,2346.580078125,2363.1201171875,4249740000,0.04959374278953943,2520.34599609375,2678.8861962890624,26.941979611485365,0.022415578239715416,1
2018-12-27,2488.830078125,2489.10009765625,2397.93994140625,2442.5,4139010000,0.008562680784222065,2504.1219970703123,2673.6469970703124,30.11825979846479,0.022620563128893635,0
2018-12-28,2485.739990234375,2520.27001953125,2472.889892578125,2498.77001953125,3728440000,-0.0012415825080966947,2487.6419921875,2667.1633984375,34.02297389955339,0.02259291747413218,1
2018-12-31,2506.85009765625,2509.239990234375,2482.820068359375,2498.93994140625,3461920000,0.00849248413140935,2478.3320068359376,2661.116201171875,36.2983589511315,0.02252454330721424,1
2019-01-02,2510.030029296875,2519.489990234375,2467.469970703125,2476.9599609375,3733160000,0.0012684969251244294,2474.741015625,2655.941201171875,36.79164830646892,0.02170053844809754,0
2019-01-03,2447.889892578125,2493.139892578125,2443.9599609375,2491.919921875,3858830000,-0.02475673039503723,2464.914013671875,2649.5433984375,30.74706102264568,0.022923156290216896,1
2019-01-04,2531.93994140625,2538.070068359375,2474.330078125,2474.330078125,4234140000,0.03433571464262353,2467.41201171875,2645.064599609375,40.297452178921894,0.025366949277458934,1
2019-01-07,2549.68994140625,2566.159912109375,2524.56005859375,2535.610107421875,4133120000,0.007010434848680358,2475.639013671875,2641.244599609375,45.654804947990215,0.024679229240223043,1
2019-01-08,2574.409912109375,2579.820068359375,2547.56005859375,2568.110107421875,4120060000,0.009695285023358924,2491.4179931640624,2639.6107958984376,52.59265715064505,0.02320102565839426,1
2019-01-09,2584.9599609375,2595.320068359375,2568.889892578125,2580.0,4088740000,0.004098045450532162,2514.8039794921874,2637.19859375,53.468129001960094,0.02004957970001636,1
2019-01-10,2596.639892578125,2597.820068359375,2562.02001953125,2573.510009765625,3721300000,0.004518418782931244,2527.6979736328126,2635.9575927734377,58.43078192829099,0.014339372486072385,0
2019-01-11,2596.260009765625,2596.27001953125,2577.39990234375,2588.110107421875,3447460000,-0.00014629784190933748,2538.440966796875,2635.05779296875,63.07490365933485,0.01437675553812242,0
2019-01-14,2582.610107421875,2589.320068359375,2570.409912109375,2580.31005859375,3689370000,-0.005257525167898014,2548.127978515625,2633.0573974609374,68.2186337880299,0.014603898106274526,1
2019-01-15,2610.300048828125,2613.080078125,2585.10009765625,2585.10009765625,3601180000,0.010721688622945758,2558.4729736328127,2631.0285986328126,81.02556369708373,0.014698061007858448,1
2019-01-16,2616.10009765625,2625.760009765625,2612.679931640625,2614.75,3882180000,0.0022219854881162515,2569.07998046875,2628.5431982421874,74.17569174597998,0.01468038230008787,1
2019-01-17,2635.9599609375,2645.06005859375,2606.360107421875,2609.280029296875,3802410000,0.0075914003822110665,2587.8869873046874,2626.8011962890623,74.06836738443155,0.010567973600549013,1
2019-01-18,2670.7099609375,2675.469970703125,2647.580078125,2651.27001953125,4009010000,0.01318305304897005,2601.7639892578127,2625.4491943359376,77.41840924537192,0.005493881341648154,0
2019-01-22,2632.89990234375,2657.8798828125,2617.27001953125,2657.8798828125,3923950000,-0.014157306164566674,2610.0849853515624,2622.998193359375,67.80315360297485,0.00820022387867722,1
2019-01-23,2638.699951171875,2653.18994140625,2612.860107421875,2643.47998046875,3358770000,0.0022029127742235755,2616.5139892578127,2619.49439453125,68.03969999096358,0.007881675953276015,1
2019-01-24,2642.330078125,2647.199951171875,2627.010009765625,2638.840087890625,3449230000,0.0013757255543636049,2622.2510009765624,2616.20439453125,82.61107412257319,0.007867257187867311,1
2019-01-25,2664.760009765625,2672.3798828125,2657.330078125,2657.43994140625,3821000000,0.008488694060713842,2629.0630126953124,2613.87939453125,78.08038170626085,0.008092782694480318,0
2019-01-28,2643.85009765625,2644.969970703125,2624.06005859375,2644.969970703125,3630820000,-0.007846827493937836,2633.822021484375,2612.2319970703124,69.6445561842049,0.008727020084196067,0
2019-01-29,2640.0,2650.929931640625,2631.050048828125,2644.889892578125,3518070000,-0.0014562465775435074,2639.5610107421876,2610.5883984375,64.98929324241237,0.008461673078261895,1
2019-01-30,2681.050048828125,2690.43994140625,2648.340087890625,2653.6201171875,3883270000,0.01554926091974429,2646.6360107421874,2610.1777978515624,69.27276804907692,0.00911249677392341,1
2019-01-31,2704.10009765625,2708.949951171875,2678.64990234375,2685.489990234375,4953800000,0.008597395948725328,2655.4360107421876,2609.65580078125,70.61310544619417,0.009295338906734835,1
2019-02-01,2706.530029296875,2716.659912109375,2696.8798828125,2702.320068359375,3782490000,0.0008986100931438479,2662.493017578125,2609.0610009765624,70.9870267457205,0.009196665958861,1
2019-02-04,2724.8701171875,2724.989990234375,2698.75,2706.489990234375,3369450000,0.006776236617404008,2667.909033203125,2609.7438037109373,76.60058560849323,0.008586898810805573,1
2019-02-05,2737.699951171875,2738.97998046875,2724.030029296875,2728.340087890625,3597620000,0.00470842037697472,2678.3890380859375,2611.6600048828127,75.22370369797487,0.006434993651002125,0
2019-02-06,2731.610107421875,2738.080078125,2724.14990234375,2735.050048828125,3486590000,-0.0022244379802809355,2687.6800537109375,2613.2936083984373,72.84342950064263,0.006713264409364795,0
2019-02-07,2706.050048828125,2719.320068359375,2687.260009765625,2717.530029296875,4114040000,-0.009357140143940179,2694.05205078125,2614.763408203125,63.555502252726555,0.007849978666194959,1
2019-02-08,2707.8798828125,2708.070068359375,2681.830078125,2692.360107421875,3649510000,0.0006762010869560964,2698.3640380859374,2615.4520068359375,58.23765444790488,0.0075616326105003755,1
2019-02-11,2709.800048828125,2718.050048828125,2703.7900390625,2712.39990234375,3395330000,0.0007091030986317026,2704.959033203125,2616.004609375,70.2667505691082,0.006817340981400294,1
2019-02-12,2744.72998046875,2748.18994140625,2722.610107421875,2722.610107421875,3843020000,0.0128902247439735,2715.43203125,2616.023408203125,74.22437748840095,0.007381356149313877,1
2019-02-13,2753.030029296875,2761.85009765625,2748.6298828125,2750.300048828125,3684910000,0.003023994668760688,2722.630029296875,2616.3280078125,74.76289871408801,0.006149023965222375,0
2019-02-14,2745.72998046875,2757.89990234375,2731.22998046875,2743.5,3845390000,-0.002651641555101225,2726.793017578125,2616.039208984375,69.42751870097766,0.00597051172729424,1
2019-02-15,2775.60009765625,2775.659912109375,2760.239990234375,2760.239990234375,3648680000,0.01087875260858695,2733.7000244140627,2615.74380859375,80.30824495150887,0.006646341869687034,1
2019-02-19,2779.760009765625,2787.330078125,2767.2900390625,2769.280029296875,3535270000,0.0014987433214488366,2739.189013671875,2617.3378076171875,82.10513328136304,0.006480307143479615,1
2019-02-20,2784.699951171875,2789.8798828125,2774.06005859375,2779.050048828125,3904830000,0.0017771107537685182,2743.889013671875,2619.1128076171876,78.54585895098086,0.006410872258680995,0
2019-02-21,2774.8798828125,2781.580078125,2764.550048828125,2780.239990234375,3598260000,-0.003526436790880272,2748.2159912109373,2621.9488037109377,71.02538589401803,0.0065123470858589935,1
2019-02-22,2792.669921875,2794.199951171875,2779.110107421875,2780.669921875,3429350000,0.006411102394986878,2756.877978515625,2625.047802734375,73.44836798683596,0.0053766547184227464,1
2019-02-25,2796.110107421875,2813.489990234375,2794.989990234375,2804.35009765625,3860260000,0.0012318625699112573,2765.7010009765627,2628.234404296875,71.10438969917101,0.005350842497835362,0
2019-02-26,2793.89990234375,2803.1201171875,2789.469970703125,2792.360107421875,3676200000,-0.0007904570968998437,2774.110986328125,2631.0910009765626,67.7667579979161,0.005449268806267587,0
2019-02-27,2792.3798828125,2795.760009765625,2775.1298828125,2787.5,3771790000,-0.0005440493877303387,2778.8759765625,2633.9277978515624,69.78304167653515,0.004293969454483789,0
2019-02-28,2784.489990234375,2793.72998046875,2782.510009765625,2788.110107421875,4445780000,-0.0028255083152146643,2782.02197265625,2637.6185986328123,78.8551003179279,0.004492099680085783,1
2019-03-01,2803.68994140625,2808.02001953125,2787.3798828125,2798.219970703125,3994950000,0.00689532059343434,2787.81796875,2642.7735986328125,81.25113477458997,0.004608323253076391,0
2019-03-04,2792.81005859375,2816.8798828125,2767.659912109375,2814.3701171875,3949730000,-0.003880558492514008,2789.53896484375,2647.7066015625,75.58085820002799,0.003772203259235433,0
2019-03-05,2789.64990234375,2796.43994140625,2782.969970703125,2794.409912109375,3631380000,-0.001131532823106185,2790.5279541015625,2653.360400390625,67.21327425680329,0.0037961133889080237,0
2019-03-06,2771.449951171875,2790.27001953125,2768.68994140625,2790.27001953125,3800180000,-0.006524098653592381,2789.2029541015627,2659.4410009765625,56.56071847206425,0.00432324307416142,0
2019-03-07,2748.929931640625,2767.25,2739.090087890625,2766.530029296875,3932150000,-0.00812571755868352,2786.607958984375,2666.087197265625,51.02825968597559,0.004891956362305735,0
2019-03-08,2743.070068359375,2744.1298828125,2722.27001953125,2730.7900390625,3424300000,-0.0021316888487414865,2781.6479736328124,2673.9265966796875,37.63963539415168,0.004158838439343514,1
2019-03-11,2783.300048828125,2784.0,2747.610107421875,2747.610107421875,3764850000,0.014666041867757107,2780.3669677734374,2680.2385986328127,51.0557186458843,0.006659059842298096,1
2019-03-12,2791.52001953125,2798.320068359375,2786.72998046875,2787.340087890625,3432340000,0.0029533182046204143,2780.1289794921877,2686.2923974609375,51.99486982465711,0.006741843639591705,1
2019-03-13,2810.919921875,2821.239990234375,2799.780029296875,2799.780029296875,3782250000,0.006949583813841809,2781.9829833984377,2692.79599609375,59.982283171717995,0.007090128167783975,0
2019-03-14,2808.47998046875,2815.0,2803.4599609375,2810.3798828125,3505670000,-0.0008680223820187738,2784.381982421875,2698.82859375,54.78599808435915,0.0070090115535477,1
2019-03-15,2822.47998046875,2830.72998046875,2810.7900390625,2810.7900390625,5969780000,0.00498490290027398,2786.260986328125,2705.0775927734376,57.502962673783564,0.006851101889550125,1
2019-03-18,2832.93994140625,2835.409912109375,2821.989990234375,2822.610107421875,3620770000,0.0037059469012648005,2790.273974609375,2712.77859375,60.60988879747339,0.006707380600664183,0
2019-03-19,2832.570068359375,2852.419921875,2823.27001953125,2840.760009765625,3650740000,-0.0001305615560248663,2794.5659912109377,2718.7911962890626,60.991174691434686,0.006671985519186717,0
2019-03-20,2824.22998046875,2843.5400390625,2812.429931640625,2831.340087890625,3779160000,-0.0029443536044478913,2799.843994140625,2724.2819970703126,60.84136014695363,0.006274992121414715,1
2019-03-21,2854.8798828125,2860.31005859375,2817.3798828125,2819.719970703125,3612620000,0.010852481049954399,2810.4389892578124,2729.891396484375,63.14385942036981,0.0057519927703203666,0
2019-03-22,2800.7099609375,2846.159912109375,2800.469970703125,2844.52001953125,4253730000,-0.018974501239482744,2816.202978515625,2734.206396484375,51.65950716360594,0.009147073299158596,0
2019-03-25,2798.360107421875,2809.7900390625,2785.02001953125,2796.010009765625,3406110000,-0.000839020658475631,2817.708984375,2738.24080078125,51.8359751710822,0.008029919579030806,1
2019-03-26,2818.4599609375,2829.8701171875,2803.989990234375,2812.659912109375,3288570000,0.007182725862306283,2820.402978515625,2742.6847998046874,59.830241445959786,0.008277038354055036,0
2019-03-27,2805.3701171875,2825.56005859375,2787.719970703125,2819.719970703125,3422400000,-0.0046443248906916645,2819.847998046875,2747.14,62.286755991134875,0.00816099025731552,1
2019-03-28,2815.43994140625,2819.7099609375,2798.77001953125,2809.39990234375,3185460000,0.003589481529391092,2820.543994140625,2751.2427978515625,65.47099244370355,0.00823982779946206,1
2019-03-29,2834.39990234375,2836.030029296875,2819.22998046875,2828.27001953125,3752520000,0.0067342800173637585,2821.735986328125,2755.6087939453123,62.016771406623356,0.00836842261020061,1
2019-04-01,2867.18994140625,2869.39990234375,2848.6298828125,2848.6298828125,3560090000,0.011568600124275408,2825.160986328125,2760.2333935546876,65.95140016839488,0.009049640002361215,1
2019-04-02,2867.239990234375,2872.89990234375,2858.75,2868.239990234375,3267210000,1.745570720723677e-05,2828.627978515625,2764.163994140625,62.92698726505123,0.00904727089575483,1
2019-04-03,2873.39990234375,2885.25,2865.169921875,2876.090087890625,3570000000,0.002148376881724312,2833.544970703125,2768.973994140625,64.65070203392594,0.008927207267169147,1
2019-04-04,2879.389892578125,2881.280029296875,2867.139892578125,2873.989990234375,3038740000,0.0020846350796801527,2835.9959716796875,2773.78779296875,63.3247856114746,0.008347070526611641,1
2019-04-05,2892.739990234375,2893.239990234375,2882.989990234375,2884.159912109375,3155970000,0.004636432770241061,2845.198974609375,2778.7959912109377,63.81451380938147,0.004605606400150525,1
2019-04-08,2895.77001953125,2895.949951171875,2880.780029296875,2888.4599609375,3056460000,0.0010474599539205265,2854.9399658203124,2783.41619140625,64.42266870656351,0.004455804737742483,0
2019-04-09,2878.199951171875,2886.8798828125,2873.330078125,2886.580078125,3032480000,-0.006067494393846573,2860.91396484375,2788.1031884765625,61.81844815806047,0.005136178392761938,1
2019-04-10,2888.2099609375,2889.7099609375,2879.1298828125,2881.3701171875,3092230000,0.0034778715639784963,2869.19794921875,2793.0673876953124,58.0240179805712,0.004558897381823655,1
2019-04-11,2888.320068359375,2893.419921875,2881.989990234375,2891.919921875,2970650000,3.8123067008344336e-05,2876.4859619140625,2797.2127880859375,78.51341322522872,0.004638894181250334,1
2019-04-12,2907.409912109375,2910.5400390625,2898.3701171875,2900.860107421875,3726050000,0.006609324208602496,2883.786962890625,2801.278984375,82.00388631107111,0.004626578376590728,0
2019-04-15,2905.580078125,2909.60009765625,2896.47998046875,2908.320068359375,3114530000,-0.0006293691084816588,2887.6259765625,2805.2599853515626,78.63916532905297,0.0034430208357693875,1
2019-04-16,2907.06005859375,2916.06005859375,2900.7099609375,2912.260009765625,3403120000,0.0005093580038946222,2891.6079833984377,2808.9037841796876,86.19123253963014,0.00342555488478039,0
2019-04-17,2900.449951171875,2918.0,2895.449951171875,2916.0400390625,3648100000,-0.0022738117853239315,2894.31298828125,2812.1587841796877,81.01875194868825,0.003597261201630767,1
2019-04-18,2905.030029296875,2908.39990234375,2891.89990234375,2904.81005859375,3507100000,0.0015790922795098083,2896.877001953125,2815.6271826171874,78.79333167454591,0.0035829623760754784,1
2019-04-22,2907.969970703125,2909.510009765625,2896.35009765625,2898.780029296875,3010130000,0.001012017561471401,2898.4,2819.6655810546877,71.97198698268127,0.0033370583822267164,1
2019-04-23,2933.679931640625,2936.31005859375,2908.530029296875,2909.989990234375,3674480000,0.008841205788409079,2902.1909912109377,2824.18158203125,78.04320585640916,0.004255111294624972,0
2019-04-24,2927.25,2936.830078125,2926.050048828125,2934.0,3468480000,-0.002191763174733685,2907.09599609375,2828.5305810546874,72.6775484353859,0.0036406561746667094,0
2019-04-25,2926.169921875,2933.10009765625,2912.840087890625,2928.989990234375,3440010000,-0.0003689736527457965,2910.8919921875,2832.1593798828126,70.54999174186574,0.0036348298785262175,1
2019-04-26,2939.8798828125,2939.8798828125,2917.56005859375,2925.81005859375,3264390000,0.0046852921407636305,2916.0479736328125,2835.896376953125,70.64280994951687,0.0037490706638142724,1
2019-04-29,2943.030029296875,2949.52001953125,2939.35009765625,2940.580078125,3150390000,0.001071522174355355,2919.6099853515625,2839.8423779296877,70.67366123206592,0.0033430196192397693,1
2019-04-30,2945.830078125,2948.219970703125,2924.110107421875,2937.139892578125,3939760000,0.0009514170090862972,2923.6349853515626,2843.2469775390623,83.97473477647637,0.003282498611207768,0
2019-05-01,2923.72998046875,2954.1298828125,2923.360107421875,2952.330078125,3669330000,-0.007502163081421376,2925.3019775390626,2846.126376953125,65.91111908240667,0.00432966686219897,0
2019-05-02,2917.52001953125,2931.679931640625,2900.5,2922.159912109375,3802290000,-0.0021239857917741967,2927.008984375,2848.7827783203124,62.402292914901246,0.004318938578292053,1
2019-05-03,2945.639892578125,2947.85009765625,2929.2099609375,2929.2099609375,3357180000,0.009638279380647763,2931.069970703125,2852.197978515625,65.0808601454635,0.005187491229570262,0
2019-05-06,2932.469970703125,2937.320068359375,2898.2099609375,2908.889892578125,3203260000,-0.004470988428756373,2933.519970703125,2854.9939794921875,59.73635870208993,0.005512776232649291,0
2019-05-07,2884.050048828125,2913.030029296875,2862.60009765625,2913.030029296875,3793060000,-0.016511651392423388,2928.556982421875,2856.7527783203127,43.78208773649759,0.007047130750684274,0
2019-05-08,2879.419921875,2897.9599609375,2873.280029296875,2879.610107421875,3543110000,-0.0016054253132695706,2923.773974609375,2858.4631787109374,44.255661380177735,0.007044859795742208,0
2019-05-09,2870.719970703125,2875.969970703125,2836.39990234375,2859.840087890625,3659050000,-0.0030214249424966866,2918.2289794921876,2860.02998046875,40.83451597082364,0.0070423036340774015,1
2019-05-10,2881.39990234375,2891.31005859375,2825.389892578125,2863.10009765625,3566780000,0.0037202972597878414,2912.3809814453125,2861.9681787109375,43.184013046892915,0.0069481916880353425,0
2019-05-13,2811.8701171875,2840.18994140625,2801.429931640625,2840.18994140625,3900270000,-0.02413055719884427,2899.264990234375,2862.1317822265623,24.48792590176072,0.009729933325703538,1
2019-05-14,2834.409912109375,2852.5400390625,2820.1201171875,2820.1201171875,3354860000,0.008015944543135589,2888.1229736328123,2862.963779296875,31.784603328342058,0.010403332783278166,1
2019-05-15,2850.9599609375,2858.679931640625,2815.080078125,2820.3798828125,3140900000,0.00583897507464215,2880.8459716796874,2864.18998046875,36.08818014646113,0.010726120848903682,1
2019-05-16,2876.320068359375,2892.14990234375,2855.800048828125,2855.800048828125,3338470000,0.008895287120600504,2876.7259765625,2866.2873828125,38.72891929826385,0.01131491441740038,0
2019-05-17,2859.530029296875,2885.47998046875,2854.22998046875,2858.60009765625,3316040000,-0.005837333350761975,2868.114990234375,2868.499384765625,35.87616536832577,0.010683755761400083,0
2019-05-20,2840.22998046875,2853.860107421875,2831.2900390625,2841.93994140625,3293750000,-0.0067493779153879885,2858.8909912109375,2870.4425830078126,33.0823085828718,0.010744846997684568,1
2019-05-21,2864.360107421875,2868.8798828125,2854.02001953125,2854.02001953125,3223050000,0.008495835590448308,2856.9219970703125,2872.0637841796874,40.55010006411875,0.010181934491774446,0
2019-05-22,2856.27001953125,2865.469970703125,2851.110107421875,2856.06005859375,3194000000,-0.0028243962306494508,2854.6070068359377,2873.3587841796875,40.30884379809267,0.010202083006908398,0
2019-05-23,2822.239990234375,2836.699951171875,2805.489990234375,2836.699951171875,3899320000,-0.01191414994527018,2849.7590087890626,2873.585185546875,30.83375803134271,0.010791669738662826,1
2019-05-24,2826.06005859375,2841.360107421875,2820.18994140625,2832.409912109375,2889230000,0.0013535590072402126,2844.2250244140623,2873.936787109375,32.97823066234368,0.010686270177457128,0
2019-05-28,2802.389892578125,2840.510009765625,2801.580078125,2830.030029296875,4146980000,-0.008375676922946718,2843.277001953125,2873.5349853515627,35.81403870687549,0.007818989401205798,0
2019-05-29,2783.02001953125,2792.030029296875,2766.06005859375,2790.25,3701110000,-0.0069119122568113145,2838.1380126953127,2872.5365869140624,34.06929473906749,0.00746997827975243,1
2019-05-30,2788.860107421875,2799.0,2776.739990234375,2786.93994140625,3276030000,0.0020984713906617714,2831.92802734375,2871.6623876953126,36.34304138575986,0.007130749880927051,0
2019-05-31,2752.06005859375,2768.97998046875,2750.52001953125,2766.14990234375,3982670000,-0.01319537280847849,2819.5020263671877,2870.2189892578126,30.15166047236542,0.006730023695971271,0
2019-06-03,2744.449951171875,2763.070068359375,2728.81005859375,2751.530029296875,3952360000,-0.0027652403144732274,2807.9940185546875,2868.010390625,37.22622132464705,0.006726530437976021,1
2019-06-04,2803.27001953125,2804.489990234375,2762.639892578125,2762.639892578125,3814130000,0.021432370568193138,2804.2980224609373,2868.061591796875,44.81314571860556,0.010389546647860728,1
2019-06-05,2826.14990234375,2827.280029296875,2800.919921875,2818.090087890625,3570760000,0.008161854781411959,2800.477001953125,2868.6173876953126,45.95282396683946,0.010355178769299405,1
2019-06-06,2843.489990234375,2852.10009765625,2822.449951171875,2828.510009765625,3445140000,0.006135586748687638,2799.1989990234374,2869.11798828125,44.50065351565247,0.01059295859524054,1
2019-06-07,2873.340087890625,2884.969970703125,2852.8701171875,2852.8701171875,3244380000,0.01049769746289475,2804.3090087890623,2870.4773876953127,52.216341512343746,0.010251095628795908,1
2019-06-10,2886.72998046875,2904.77001953125,2885.510009765625,2885.830078125,3209890000,0.0046600444669098184,2810.3760009765624,2871.9031884765627,57.60697305863708,0.010286812875186076,0
2019-06-11,2885.719970703125,2910.610107421875,2878.530029296875,2903.27001953125,3551000000,-0.00034988023558091275,2818.7090087890624,2872.92958984375,53.78023235315467,0.009666684559901568,0
2019-06-12,2879.840087890625,2888.570068359375,2874.679931640625,2882.72998046875,3039870000,-0.0020375791387226005,2828.391015625,2873.1825927734376,54.204281492591136,0.009225501126090335,1
2019-06-13,2891.639892578125,2895.239990234375,2881.989990234375,2886.239990234375,3100640000,0.004097381912668174,2838.668994140625,2873.6705908203126,63.44542028349365,0.009214279965657596,0
2019-06-14,2886.97998046875,2894.449951171875,2879.6201171875,2886.820068359375,2992810000,-0.001611511904139773,2852.160986328125,2873.9421923828127,61.764239969223105,0.007411011741297463,1
2019-06-17,2889.669921875,2897.27001953125,2887.300048828125,2889.75,2828400000,0.0009317492412306283,2866.6829833984375,2874.14779296875,68.34078766592688,0.007075060909707128,1
2019-06-18,2917.75,2930.7900390625,2905.43994140625,2906.7099609375,3441540000,0.009717399870633026,2878.1309814453125,2874.6479931640624,77.3119873935689,0.004636912041511594,1
2019-06-19,2926.4599609375,2931.739990234375,2911.429931640625,2920.550048828125,3300220000,0.002985163546397107,2888.1619873046875,2875.2617919921877,77.57293551186703,0.004406403571491192,1
2019-06-20,2954.179931640625,2958.06005859375,2931.5,2949.60009765625,3943060000,0.009472185190685156,2899.2309814453124,2876.7813916015625,92.03130251482219,0.004741513312648013,0
2019-06-21,2950.4599609375,2964.14990234375,2946.8701171875,2952.7099609375,5003540000,-0.0012592227925193322,2906.94296875,2878.0263916015624,93.54478809627756,0.0043474684001665155,0
2019-06-24,2945.35009765625,2954.919921875,2944.050048828125,2951.419921875,3136960000,-0.0017318870104667816,2912.80498046875,2879.1669921875,88.85380085724586,0.004488435431576196,0
2019-06-25,2917.3798828125,2946.52001953125,2916.010009765625,2945.780029296875,3579430000,-0.009496397343734198,2915.9709716796874,2879.3663916015626,74.272370609021,0.005773357520258517,0
2019-06-26,2913.780029296875,2932.590087890625,2912.989990234375,2926.070068359375,3511350000,-0.0012339337557076835,2919.3649658203126,2879.530390625,70.17631888770534,0.005730157635408815,1
2019-06-27,2924.919921875,2929.300048828125,2918.570068359375,2919.659912109375,3162500000,0.003823175554131808,2922.69296875,2879.887587890625,66.58736925741509,0.005715320437570592,1
2019-06-28,2941.760009765625,2943.97998046875,2929.050048828125,2932.93994140625,5422650000,0.0057574526279098315,2928.1709716796877,2880.7137890625,67.31272322285803,0.0057928495300694815,1
2019-07-01,2964.330078125,2977.929931640625,2952.219970703125,2971.409912109375,3524860000,0.007672301032188189,2935.6369873046874,2881.8997900390623,71.77691959122666,0.0060543708468946454,1
2019-07-02,2973.010009765625,2973.2099609375,2955.919921875,2964.659912109375,3224490000,0.002928125887423194,2941.16298828125,2883.2005908203123,75.41604839934253,0.005521077100180537,1
2019-07-03,2995.820068359375,2995.840087890625,2977.9599609375,2978.080078125,1963570000,0.007672378673070135,2948.0989990234375,2884.4433935546876,76.80913034081713,0.005815346083997246,0
2019-07-05,2990.409912109375,2994.030029296875,2967.969970703125,2984.25,2434680000,-0.00180590159841032,2951.7219970703127,2885.706591796875,76.51369027130207,0.005358541557179099,0
2019-07-08,2975.949951171875,2980.760009765625,2970.090087890625,2979.77001953125,2922360000,-0.004835444424841517,2954.27099609375,2886.7021923828124,70.85871791390983,0.005654485142683435,1
2019-07-09,2979.6298828125,2981.89990234375,2963.43994140625,2965.52001953125,3033330000,0.0012365569653400854,2957.698974609375,2887.4971923828125,66.9608346984443,0.0055798506057449255,1
2019-07-10,2993.070068359375,3002.97998046875,2984.6201171875,2989.300048828125,3157800000,0.0045106896075925995,2965.2679931640623,2888.4979931640623,67.7959004235768,0.0041890017006092515,1
2019-07-11,2999.909912109375,3002.330078125,2988.800048828125,2999.6201171875,3155710000,0.002285226738359958,2973.8809814453125,2889.57958984375,63.75172162656635,0.003976101863051023,1
2019-07-12,3013.77001953125,3013.919921875,3001.8701171875,3003.360107421875,2984140000,0.004620174547884881,2982.7659912109375,2891.380390625,67.94399481853812,0.004004007962527791,1
2019-07-15,3014.300048828125,3017.800048828125,3008.77001953125,3017.800048828125,2876100000,0.00017586919155743175,2990.0199951171876,2893.3159912109377,70.06338295323926,0.003966412800319126,0
2019-07-16,3004.0400390625,3015.02001953125,3001.14990234375,3012.1298828125,3297030000,-0.003403778522185874,2993.9909912109374,2894.483994140625,78.11448558158396,0.0038905805790899763,0
2019-07-17,2984.419921875,3005.260009765625,2984.25,3005.10009765625,3185650000,-0.006531243569450895,2995.131982421875,2895.5229931640624,70.75929659417847,0.004554429527685445,1
2019-07-18,2995.110107421875,2998.280029296875,2973.090087890625,2978.8701171875,3369820000,0.003581997784064761,2995.060986328125,2897.7441943359377,70.68180412141233,0.003974756589195874,0
2019-07-19,2976.610107421875,3006.02001953125,2975.860107421875,3004.260009765625,3285890000,-0.00617673452276668,2993.681005859375,2899.687998046875,60.1692379589999,0.004409882548588292,1
2019-07-22,2985.030029296875,2990.7099609375,2976.64990234375,2981.929931640625,3016200000,0.002828694915066654,2994.589013671875,2901.97419921875,56.58393552966099,0.004225894051732247,1
2019-07-23,3005.469970703125,3005.89990234375,2988.56005859375,2994.739990234375,3333810000,0.006847482673755456,2997.1730224609373,2904.4556005859376,59.60578676476963,0.004707260827659775,1
2019-07-24,3019.56005859375,3019.590087890625,2996.820068359375,2998.77001953125,3433220000,0.004688147952890187,2999.822021484375,2908.6093994140624,57.40761337406394,0.0047228035717057715,0
2019-07-25,3003.669921875,3016.31005859375,2997.239990234375,3016.260009765625,3657050000,-0.005262401280453521,3000.1980224609374,2911.994599609375,53.88354443413212,0.0050659701695403864,1
2019-07-26,3025.860107421875,3027.97998046875,3012.590087890625,3013.25,3260170000,0.007387691099234761,3001.40703125,2915.4926025390623,63.98429954004055,0.0054025223292428655,0
2019-07-29,3020.969970703125,3025.610107421875,3014.300048828125,3024.469970703125,3224490000,-0.0016161146071345112,3002.0740234375,2918.3856005859375,61.50503267467601,0.005440866293532832,0
2019-07-30,3013.179931640625,3017.18994140625,3000.93994140625,3007.659912109375,3632770000,-0.0025786549148275606,3002.9880126953126,2921.4585986328125,55.778339609511356,0.005385537514737409,0
2019-07-31,2980.3798828125,3017.39990234375,2958.080078125,3016.219970703125,4626330000,-0.010885526112695776,3002.5840087890624,2924.2615966796875,45.116783321796014,0.006125876940542261,0
2019-08-01,2953.56005859375,3013.590087890625,2945.22998046875,2980.320068359375,4793810000,-0.00899879386967306,2998.42900390625,2926.045595703125,35.86160401025495,0.00655807025176714,0
2019-08-02,2932.050048828125,2945.5,2914.110107421875,2943.89990234375,3882810000,-0.007282739927037873,2993.972998046875,2927.5611962890625,32.41849998643144,0.0066566040331922875,0
2019-08-05,2844.739990234375,2898.070068359375,2822.1201171875,2898.070068359375,4542850000,-0.0297778200029859,2979.943994140625,2928.0111962890624,24.38582235150487,0.0109250260563976,1
2019-08-06,2881.77001953125,2884.39990234375,2847.419921875,2861.179931640625,4156640000,0.013017017169932643,2967.5739990234374,2929.1253955078123,34.369809502708534,0.01179236326191213,1
2019-08-07,2883.97998046875,2892.169921875,2825.7099609375,2858.64990234375,4512720000,0.0007668762331907164,2954.0159912109375,2930.757197265625,32.629967388425754,0.011528772206100166,1
2019-08-08,2938.090087890625,2938.719970703125,2894.469970703125,2896.2099609375,4118530000,0.018762303409984193,2947.4580078125,2933.8585986328126,44.58228317526594,0.013663233448605493,0
2019-08-09,2918.64990234375,2935.75,2900.14990234375,2930.510009765625,3356850000,-0.00661660635492356,2936.7369873046873,2936.45439453125,40.94456090147735,0.013293066869531127,0
2019-08-12,2882.699951171875,2907.580078125,2873.139892578125,2907.070068359375,3328570000,-0.012317322177972212,2922.9099853515627,2939.0671923828127,33.93191964713657,0.013550914795313035,1
2019-08-13,2926.320068359375,2943.31005859375,2877.050048828125,2880.719970703125,3857190000,0.015131688322181258,2914.2239990234375,2942.7045947265624,38.67239150694082,0.014930280150902035,0
2019-08-14,2840.60009765625,2894.14990234375,2839.639892578125,2894.14990234375,4325150000,-0.029292752911742603,2900.2460205078123,2943.4511962890624,33.06262983219189,0.01702314543579125,1
2019-08-15,2847.60009765625,2856.669921875,2825.510009765625,2846.199951171875,4041720000,0.0024642680276520945,2889.6500244140625,2943.8802001953127,30.8816128557566,0.017084417506000153,1
2019-08-16,2888.679931640625,2893.6298828125,2864.739990234375,2864.739990234375,3524080000,0.014426124657807904,2885.3130126953124,2944.7839990234374,36.833933491755715,0.017911619994596582,1
2019-08-19,2923.64990234375,2931.0,2913.47998046875,2913.47998046875,3221050000,0.012105865492430645,2893.20400390625,2945.7901953125,41.546913747009725,0.015218395281613832,0
2019-08-20,2900.510009765625,2923.6298828125,2899.60009765625,2919.010009765625,3067710000,-0.007914727601131322,2895.0780029296875,2946.0657958984375,42.31887379076622,0.015102881917229803,1
2019-08-21,2924.429931640625,2928.72998046875,2917.909912109375,2922.0400390625,3016540000,0.00824679859557964,2899.122998046875,2946.8399951171873,47.18282756591787,0.015287818854089197,0
2019-08-22,2922.949951171875,2939.080078125,2904.510009765625,2930.93994140625,2893660000,-0.0005060748601761755,2897.608984375,2947.7021923828124,49.08446033905965,0.014033095884537989,0
2019-08-23,2847.110107421875,2927.010009765625,2834.969970703125,2911.070068359375,3942520000,-0.025946336754618105,2890.4550048828123,2946.8115966796877,50.24408542889441,0.01615171441427613,1
2019-08-26,2878.3798828125,2879.27001953125,2856.0,2866.699951171875,2859790000,0.010982987735216332,2890.022998046875,2946.6395947265623,49.646676376323505,0.01623613605475195,0
2019-08-27,2869.159912109375,2898.7900390625,2860.590087890625,2893.139892578125,3537490000,-0.003203180635808267,2884.306982421875,2946.22939453125,48.47768069187623,0.015344476561105365,1
2019-08-28,2887.93994140625,2890.030029296875,2853.050048828125,2861.280029296875,3102480000,0.006545480165679685,2889.040966796875,2945.633193359375,44.44540589652553,0.012060036499583964,1
2019-08-29,2924.580078125,2930.5,2905.669921875,2910.3701171875,3177150000,0.012687291793508804,2896.73896484375,2945.595595703125,50.632714875598204,0.01255332799101873,1
2019-08-30,2926.4599609375,2940.429931640625,2913.320068359375,2937.090087890625,3009910000,0.0006427872591217021,2900.5169677734375,2945.0411962890626,55.034986839554925,0.011865804911551002,0
2019-09-03,2906.27001953125,2914.389892578125,2891.85009765625,2909.010009765625,3427830000,-0.00689910050906084,2898.7789794921873,2944.1573974609373,47.56158754383204,0.011469532615154604,1
2019-09-04,2937.780029296875,2938.840087890625,2921.860107421875,2924.669921875,3167900000,0.010842079212828093,2902.5059814453125,2944.00599609375,63.61371628540414,0.011660951824872904,1
2019-09-05,2976.0,2985.860107421875,2960.60009765625,2960.60009765625,3902600000,0.013009813642266721,2907.66298828125,2945.1783984375,66.54044676812063,0.01206472891000137,1
2019-09-06,2978.7099609375,2985.030029296875,2972.510009765625,2980.330078125,3209340000,0.0009106051537297599,2913.2389892578126,2946.4769970703123,62.8699163441303,0.012042735791088909,0
2019-09-09,2978.429931640625,2989.429931640625,2969.389892578125,2988.429931640625,4031120000,-9.401025965849463e-05,2926.3709716796875,2947.547197265625,58.69305304265961,0.007180304709449251,1
2019-09-10,2979.389892578125,2979.389892578125,2957.010009765625,2971.010009765625,4393040000,0.0003223043548219451,2936.47197265625,2948.299794921875,63.46535346698719,0.0069039087804490615,1
2019-09-11,3000.929931640625,3000.929931640625,2975.31005859375,2981.409912109375,3934370000,0.007229681189480308,2949.648974609375,2949.0317919921877,63.16606833124924,0.006562192411746552,1
2019-09-12,3009.570068359375,3020.739990234375,3000.919921875,3009.080078125,3796990000,0.002879153101061016,2961.8119873046876,2949.7629931640627,64.5492152848857,0.006538813066031025,0
2019-09-13,3007.389892578125,3017.330078125,3002.89990234375,3012.2099609375,3557010000,-0.0007244143620946941,2970.09296875,2949.9943896484374,85.77354057276375,0.005942071820738008,0
2019-09-16,2997.9599609375,3002.18994140625,2990.669921875,2996.409912109375,4285860000,-0.0031355866640028207,2977.24296875,2950.145390625,79.57265163682031,0.006209435631926254,1
2019-09-17,3005.699951171875,3006.2099609375,2993.72998046875,2995.669921875,3673250000,0.0025817523700197853,2987.1859619140623,2950.740390625,84.01592082406808,0.005280353850722511,1
2019-09-18,3006.72998046875,3007.830078125,2978.570068359375,3001.5,3458800000,0.00034269198975556137,2994.08095703125,2951.282392578125,82.46513043060516,0.00463684545898902,1
2019-09-19,3006.7900390625,3021.989990234375,3003.159912109375,3010.360107421875,3265660000,1.997472142156731e-05,2997.1599609375,2951.5567919921873,78.0829046656392,0.002748016633877576,0
2019-09-20,2992.070068359375,3016.3701171875,2984.679931640625,3008.419921875,6103440000,-0.0048955765157830955,2998.4959716796875,2951.3999951171877,70.60486869848572,0.003328808958463502,0
2019-09-23,2991.780029296875,2999.14990234375,2982.22998046875,2983.5,3187250000,-9.693591923765066e-05,2999.8309814453123,2950.9601953125,80.69048307527842,0.0033288624652765566,0
2019-09-24,2966.60009765625,3007.97998046875,2957.72998046875,3002.429931640625,3872800000,-0.008416371322106486,2998.552001953125,2950.0061962890627,60.83622337232208,0.00435548175766211,1
2019-09-25,2984.8701171875,2989.820068359375,2952.860107421875,2968.35009765625,3331200000,0.006158571742003405,2996.9460205078126,2949.6227978515626,53.923779407825954,0.004154968910173725,0
2019-09-26,2977.6201171875,2987.280029296875,2963.7099609375,2985.72998046875,3084910000,-0.002428916406865711,2993.751025390625,2949.4868017578124,49.53651405408998,0.004007686702557853,0
2019-09-27,2961.7900390625,2987.31005859375,2945.530029296875,2985.469970703125,3246480000,-0.005316352490240539,2989.1910400390625,2948.820400390625,43.75005731200287,0.004222348868041967,1
2019-09-30,2976.739990234375,2983.85009765625,2967.070068359375,2967.070068359375,3249130000,0.005047606675254723,2987.06904296875,2948.822998046875,49.09934878286788,0.004645897277226267,0
2019-10-01,2940.25,2992.530029296875,2938.699951171875,2983.68994140625,3560750000,-0.012258373372913245,2980.5240478515625,2947.9273974609373,31.278594875858502,0.005725691273219732,0
2019-10-02,2887.610107421875,2924.780029296875,2874.929931640625,2924.780029296875,3914180000,-0.017903202985502964,2968.612060546875,2945.5702001953123,20.406695560068343,0.007471845930567883,1
2019-10-03,2910.6298828125,2911.1298828125,2855.93994140625,2885.3798828125,3515130000,0.00797191259701524,2958.996044921875,2943.3915966796876,28.677797372659867,0.008322939903398588,1
2019-10-04,2952.010009765625,2953.739990234375,2918.56005859375,2918.56005859375,3005600000,0.014216897585460186,2954.9900390625,2942.3583984375,41.12420761538092,0.009932621637874686,0
2019-10-07,2938.7900390625,2959.75,2935.679931640625,2944.22998046875,2959050000,-0.004478294673592398,2949.6910400390625,2940.6169970703127,37.34348085102452,0.009970095655368147,0
2019-10-08,2893.06005859375,2925.469970703125,2892.659912109375,2920.39990234375,3370700000,-0.015560819201407838,2942.3370361328125,2938.058798828125,31.608581545379707,0.010728739918054743,1
2019-10-09,2919.39990234375,2929.320068359375,2907.409912109375,2911.10009765625,2735350000,0.0091044925499415,2935.7900146484376,2936.1831982421877,36.96873807727816,0.011027811905468678,1
2019-10-10,2938.1298828125,2948.4599609375,2917.1201171875,2918.550048828125,3234400000,0.006415695380997066,2931.8409912109373,2935.3381982421874,42.051713382638304,0.011353756944706275,1
2019-10-11,2970.27001953125,2993.280029296875,2963.070068359375,2963.070068359375,3581320000,0.010938977513132997,2932.6889892578124,2935.6723974609376,47.10240207431242,0.011863245043409586,0
2019-10-14,2966.14990234375,2972.840087890625,2962.93994140625,2965.81005859375,2559270000,-0.0013871187334510982,2931.62998046875,2936.35439453125,49.935706565321986,0.011754111228381773,1
2019-10-15,2995.679931640625,3003.280029296875,2973.610107421875,2973.610107421875,3345090000,0.009955676641137279,2937.1729736328125,2939.373193359375,51.49567178386821,0.011333307233910973,0
2019-10-16,2989.68994140625,2997.5400390625,2985.199951171875,2989.679931640625,3230320000,-0.0019995427986508885,2947.38095703125,2941.531591796875,51.6758530450641,0.009146155299020733,1
2019-10-17,2997.949951171875,3008.2900390625,2991.7900390625,3000.77001953125,3103470000,0.0027628315736780706,2956.1129638671873,2943.8109912109376,55.12848657516639,0.009011638698450454,0
2019-10-18,2986.199951171875,3000.0,2976.31005859375,2996.840087890625,3268970000,-0.003919344949506964,2959.5319580078126,2944.7731884765626,51.3539768089365,0.00829952955017982,1
2019-10-21,3006.719970703125,3007.330078125,2995.35009765625,2996.47998046875,3271960000,0.006871616056117524,2966.324951171875,2946.53458984375,59.96940276810477,0.008214904941180072,0
2019-10-22,2995.989990234375,3014.570068359375,2995.0400390625,3010.72998046875,3527540000,-0.003568666378412577,2976.6179443359374,2948.800390625,68.59258514683955,0.00584974406852402,1
2019-10-23,3004.52001953125,3004.780029296875,2991.2099609375,2994.010009765625,3413600000,0.0028471487971184484,2985.1299560546877,2950.3643896484373,66.94950064787963,0.005510540620877564,1
2019-10-24,3010.2900390625,3016.070068359375,3000.419921875,3014.780029296875,3696510000,0.0019204463587332299,2992.3459716796874,2953.7581884765623,62.07325227010421,0.005372758765338421,1
2019-10-25,3022.550048828125,3027.389892578125,3001.93994140625,3003.320068359375,3379060000,0.004072700506109195,2997.573974609375,2957.2571875,67.4209564741403,0.004540528501073613,1
2019-10-28,3039.419921875,3044.080078125,3032.1201171875,3032.1201171875,3524970000,0.005581337868471481,3004.9009765625,2960.2719873046876,84.593891522826,0.004539353779061059,0
2019-10-29,3036.889892578125,3047.8701171875,3034.81005859375,3035.389892578125,3594430000,-0.0008324053147991117,3009.02197265625,2962.536787109375,81.29224142751804,0.0037757199226586807,1
2019-10-30,3046.77001953125,3050.10009765625,3025.9599609375,3039.739990234375,3779660000,0.00325337015914573,3014.72998046875,2965.4619873046877,80.36670151523009,0.003616329547889484,0
2019-10-31,3037.56005859375,3046.89990234375,3023.18994140625,3046.89990234375,4149310000,-0.0030228605633046968,3018.6909912109377,2967.72458984375,71.5742080116223,0.003913374795979185,1
2019-11-01,3066.909912109375,3066.949951171875,3050.719970703125,3050.719970703125,3956290000,0.009662312168146059,3026.7619873046874,2970.6037890625,77.80661435657373,0.004236334067765879,1
2019-11-04,3078.27001953125,3085.199951171875,3074.8701171875,3078.9599609375,4178040000,0.003704089049704651,3033.9169921875,2975.2269873046876,75.33282710962739,0.003999792004196467,0
2019-11-05,3074.6201171875,3083.949951171875,3072.14990234375,3080.800048828125,4490590000,-0.001185699214361291,3041.7800048828126,2979.1517919921876,76.43001714014807,0.003664116415886725,1
2019-11-06,3076.780029296875,3078.340087890625,3065.889892578125,3075.10009765625,4465510000,0.0007024972279667807,3049.006005859375,2983.3041943359376,75.49982783620115,0.003710516763039225,1
2019-11-07,3085.179931640625,3097.77001953125,3080.22998046875,3087.02001953125,4151990000,0.0027300951851503275,3056.4949951171875,2987.248994140625,82.72720521282022,0.003708072305852282,1
2019-11-08,3093.080078125,3093.090087890625,3073.580078125,3081.25,3508160000,0.0025606760900243053,3063.547998046875,2990.618994140625,81.15447283360196,0.003665889334091577,0
2019-11-11,3087.010009765625,3088.330078125,3075.820068359375,3080.330078125,3041120000,-0.0019624672514313435,3068.3070068359375,2993.8299951171875,83.97792270760347,0.00369520280330812,1
2019-11-12,3091.840087890625,3102.610107421875,3084.72998046875,3089.280029296875,3495560000,0.0015646460846321375,3073.8020263671874,2997.541396484375,83.52275602994023,0.0035991965264057205,1
2019-11-13,3094.0400390625,3098.06005859375,3078.800048828125,3084.179931640625,3513720000,0.0007115345908383919,3078.5290283203126,3000.6665966796877,83.05836095906253,0.003574876924485059,1
2019-11-14,3096.6298828125,3098.199951171875,3083.260009765625,3090.75,3282090000,0.0008370427393644686,3084.4360107421876,3003.0791943359377,81.6581147713733,0.0032171800951300406,1
2019-11-15,3120.4599609375,3120.4599609375,3104.60009765625,3107.919921875,3359800000,0.007695488006902673,3089.791015625,3005.9141943359373,82.68798991609879,0.0027126722627711696,1
2019-11-18,3122.030029296875,3124.169921875,3112.06005859375,3117.909912109375,3440140000,0.0005031528617669423,3094.1670166015624,3008.7861962890624,84.60981167428862,0.002642555849730979,0
2019-11-19,3120.179931640625,3127.639892578125,3113.469970703125,3127.449951171875,3613670000,-0.0005925944462060739,3098.722998046875,3011.6019970703123,81.92568966505775,0.0025836818721687556,0
2019-11-20,3108.4599609375,3118.969970703125,3091.409912109375,3114.659912109375,4041010000,-0.003756184245747196,3101.8909912109375,3013.75259765625,80.17531244934517,0.003070637204475115,0
2019-11-21,3103.5400390625,3110.110107421875,3094.550048828125,3108.489990234375,3744010000,-0.0015827522106851566,3103.727001953125,3015.6319970703125,69.68302403622883,0.0031078390800683775,1
2019-11-22,3110.2900390625,3112.8701171875,3099.260009765625,3111.409912109375,3235270000,0.0021749356911917594,3105.447998046875,3017.69,68.10269151138716,0.003083065041259087,1
2019-11-25,3133.639892578125,3133.830078125,3117.43994140625,3117.43994140625,3514310000,0.007507291353015866,3110.110986328125,3020.4035986328126,77.28862308975687,0.0036285232188623985,1
2019-11-26,3140.52001953125,3142.68994140625,3131.0,3134.85009765625,4600450000,0.0021955703874654287,3114.9789794921876,3023.1,78.23849440268239,0.003635130519893748,1
2019-11-27,3153.6298828125,3154.260009765625,3143.409912109375,3145.489990234375,3035470000,0.004174424362754614,3120.9379638671876,3026.037998046875,79.11027956649853,0.0037085334065746836,0
2019-11-29,3140.97998046875,3150.300048828125,3139.340087890625,3147.179931640625,1743420000,-0.004011219709926239,3125.3729736328123,3028.721796875,69.57977893186327,0.004155220071930811,0
2019-12-02,3113.8701171875,3144.31005859375,3110.780029296875,3143.85009765625,3285750000,-0.008631020716408422,3124.7139892578125,3031.1577978515625,59.36808690720894,0.004603518969108426,0
2019-12-03,3093.199951171875,3094.969970703125,3070.330078125,3087.409912109375,3671580000,-0.00663809511563529,3121.8309814453123,3033.1861962890625,50.42709352504746,0.005017304605656714,1
2019-12-04,3112.760009765625,3119.3798828125,3102.530029296875,3103.5,3702980000,0.00632356747139462,3121.0889892578125,3036.10939453125,55.30131127547571,0.005518484438439825,1
2019-12-05,3117.429931640625,3119.449951171875,3103.760009765625,3119.2099609375,3360480000,0.0015002511791302187,3121.985986328125,3038.7605908203127,55.821781609902295,0.005393621758591253,1
2019-12-06,3145.909912109375,3150.60009765625,3134.6201171875,3134.6201171875,3483310000,0.009135724328457329,3126.2229736328127,3042.12638671875,56.94254450519809,0.006007674064955749,0
2019-12-09,3135.9599609375,3148.8701171875,3135.4599609375,3141.860107421875,3400470000,-0.00316282139344648,3128.7899658203123,3045.60978515625,53.63383812329714,0.006163623254454813,0
2019-12-10,3132.52001953125,3142.1201171875,3126.090087890625,3135.360107421875,3346310000,-0.0010969340964486207,3128.677978515625,3048.7253857421874,53.19262093682217,0.005713502968116292,1
2019-12-11,3141.6298828125,3143.97998046875,3133.2099609375,3135.75,3257650000,0.002908158040315856,3128.78896484375,3052.7529833984377,58.69919323857088,0.005748556618661874,1
2019-12-12,3168.570068359375,3176.280029296875,3138.469970703125,3141.22998046875,4003200000,0.008575225775086182,3130.2829833984374,3058.3721826171877,65.28897537008018,0.0062462720536372515,1
2019-12-13,3168.800048828125,3182.679931640625,3156.510009765625,3166.64990234375,3757650000,7.258178414493166e-05,3133.064990234375,3063.5355859375,64.19114886622161,0.006049668775136981,1
2019-12-16,3191.449951171875,3197.7099609375,3183.6298828125,3183.6298828125,4070200000,0.007147785279833618,3140.8229736328126,3068.324384765625,64.0691508956391,0.005299119354158649,1
2019-12-17,3192.52001953125,3198.219970703125,3191.030029296875,3195.39990234375,3842940000,0.00033529222633799094,3150.75498046875,3073.398984375,63.02346513004388,0.004338093394283555,0
2019-12-18,3191.139892578125,3198.47998046875,3191.139892578125,3195.2099609375,4029950000,-0.00043230017186479675,3158.59296875,3079.3605810546874,59.98084915919494,0.004319096607185319,1
2019-12-19,3205.3701171875,3205.47998046875,3192.320068359375,3192.320068359375,3784360000,0.004459292004863613,3167.3869873046874,3085.0799853515623,66.99035755882869,0.004344411191133819,1
2019-12-20,3221.219970703125,3225.64990234375,3216.030029296875,3223.330078125,6457480000,0.004944781081796634,3174.9179931640624,3090.741787109375,80.11550194443798,0.003837227705811176,1
2019-12-23,3224.010009765625,3227.780029296875,3222.300048828125,3226.050048828125,3064530000,0.0008661436002121992,3183.722998046875,3095.8165869140626,90.78889271217459,0.003374807312779515,0
2019-12-24,3223.3798828125,3226.429931640625,3220.510009765625,3225.449951171875,1296530000,-0.00019544819997963092,3192.808984375,3100.9611865234374,89.11036034091948,0.003270217920831446,1
2019-12-26,3239.909912109375,3240.080078125,3227.199951171875,3227.199951171875,2164540000,0.005128166675301138,3202.6369873046874,3105.8457861328125,89.95294949636529,0.003347671712833023,1
2019-12-27,3240.02001953125,3247.929931640625,3234.3701171875,3247.22998046875,2429150000,3.398471712534601e-05,3209.781982421875,3110.8523876953127,87.67104545641114,0.002844507327563871,0
2019-12-30,3221.2900390625,3240.919921875,3216.570068359375,3240.090087890625,3021720000,-0.005780822450430323,3215.0309814453126,3115.319189453125,81.91330835141235,0.0037857063594250832,1
2019-12-31,3230.780029296875,3231.719970703125,3212.030029296875,3215.179931640625,2894760000,0.0029460216619106028,3218.9639892578125,3120.210791015625,85.15803395314626,0.0033112347210166406,1
2020-01-02,3257.85009765625,3258.139892578125,3235.530029296875,3244.669921875,3459930000,0.008378802677341701,3225.4969970703123,3125.2333935546876,86.84835480584944,0.003979186513328347,0
2020-01-03,3234.85009765625,3246.14990234375,3222.340087890625,3226.360107421875,3484700000,-0.007059870562045378,3229.868017578125,3130.010595703125,71.55300943310846,0.004884671399749114,1
2020-01-06,3246.280029296875,3246.840087890625,3214.639892578125,3217.550048828125,3702460000,0.0035333728907271933,3233.9590087890624,3134.8457958984377,73.48441121362544,0.004828097797119937,0
2020-01-07,3237.179931640625,3244.909912109375,3232.429931640625,3241.860107421875,3435910000,-0.0028032386528962228,3235.5550048828127,3139.38359375,65.10130962401118,0.004796135576987058,1
2020-01-08,3253.050048828125,3267.070068359375,3236.669921875,3238.590087890625,3726840000,0.004902451368978156,3238.4590087890624,3143.99359375,68.20882521860344,0.004995626477682053,1
2020-01-09,3274.699951171875,3275.580078125,3263.669921875,3266.030029296875,3641230000,0.006655262605488987,3243.591015625,3148.6991943359376,72.40450679737741,0.00528858387634457,0
2020-01-10,3265.35009765625,3282.989990234375,3260.860107421875,3281.81005859375,3214580000,-0.002855178689662563,3246.1350341796874,3153.2683984375,66.51430292242624,0.005298261563906663,1
2020-01-13,3288.1298828125,3288.1298828125,3268.429931640625,3271.1298828125,3459390000,0.006976215252569862,3250.9460205078126,3158.095595703125,67.74516037548933,0.0056317740537896325,0
2020-01-14,3283.14990234375,3294.25,3277.18994140625,3285.35009765625,3687620000,-0.001514532772802224,3257.1320068359373,3163.007392578125,65.50437858187968,0.005161826822600537,1
2020-01-15,3289.2900390625,3298.659912109375,3280.68994140625,3282.27001953125,3721490000,0.0018701968845122874,3262.9830078125,3167.4549951171875,66.79410966982599,0.005149167886960883,1
2020-01-16,3316.81005859375,3317.110107421875,3302.820068359375,3302.969970703125,3540580000,0.00836655302646827,3268.87900390625,3172.2257958984374,68.55519673693672,0.005147432292493411,1
2020-01-17,3329.6201171875,3329.8798828125,3318.860107421875,3323.659912109375,3726220000,0.003862162248501333,3278.356005859375,3177.3257958984377,70.37107345535928,0.004111434749741321,0
2020-01-21,3320.7900390625,3329.7900390625,3316.610107421875,3321.030029296875,4104840000,-0.0026519776473655776,3285.8070068359375,3182.20599609375,73.6882179665722,0.004456258608327954,1
2020-01-22,3321.75,3337.77001953125,3320.0400390625,3330.02001953125,3623780000,0.0002890760711180551,3294.264013671875,3186.9373974609375,72.57431513032184,0.004161830455042312,1
2020-01-23,3325.5400390625,3326.8798828125,3301.8701171875,3315.77001953125,3766710000,0.0011409766124783616,3301.5130126953127,3191.5865966796873,68.99162680081321,0.004099119615815606,0
2020-01-24,3295.469970703125,3333.179931640625,3281.530029296875,3333.10009765625,3708780000,-0.009042160974207403,3303.5900146484373,3195.7557958984376,66.35898733309878,0.005094185761828549,0
2020-01-27,3243.6298828125,3258.85009765625,3234.5,3247.159912109375,3831050000,-0.015730711659182384,3301.4179931640624,3198.791591796875,49.41287954592412,0.007248516918040499,1
2020-01-28,3276.239990234375,3285.780029296875,3253.219970703125,3255.35009765625,3531570000,0.010053584595046017,3300.22900390625,3202.4355908203124,57.83708426567809,0.00766151294268102,0
2020-01-29,3273.39990234375,3293.469970703125,3271.889892578125,3289.4599609375,3600250000,-0.0008668741908683941,3299.25400390625,3205.9709912109374,54.30830317371218,0.007653173319586512,1
2020-01-30,3283.659912109375,3285.909912109375,3242.800048828125,3256.449951171875,3790350000,0.003134358792605374,3298.6909912109377,3209.234990234375,51.99304876724231,0.00770275046138697,0
2020-01-31,3225.52001953125,3282.330078125,3214.679931640625,3282.330078125,4529700000,-0.01770582037552626,3289.5619873046876,3211.3047900390625,42.72032155810035,0.008831611768230274,1
2020-02-03,3248.919921875,3268.43994140625,3235.659912109375,3235.659912109375,3760460000,0.007254613892351713,3281.4919677734374,3213.87958984375,42.849866973440996,0.00917247592366743,1
2020-02-04,3297.590087890625,3306.919921875,3280.610107421875,3280.610107421875,3996900000,0.014980414164082134,3279.17197265625,3217.6621923828125,52.27132213397602,0.010690466110703387,1
2020-02-05,3334.68994140625,3337.580078125,3313.75,3324.909912109375,4121480000,0.01125059589785371,3280.465966796875,3222.2851904296876,56.507261084088604,0.01133963094779521,1
2020-02-06,3345.780029296875,3347.9599609375,3334.389892578125,3344.919921875,3887250000,0.003325672876785646,3282.4899658203126,3226.994990234375,54.35756081474611,0.01137547743370198,0
2020-02-07,3327.7099609375,3341.419921875,3322.1201171875,3335.5400390625,3733920000,-0.005400853672730133,3285.71396484375,3230.8763916015623,49.71715670183892,0.011084776354167755,1
2020-02-10,3352.090087890625,3352.260009765625,3317.77001953125,3318.280029296875,3462730000,0.007326397804890528,3296.5599853515623,3235.10779296875,54.4306675946975,0.009495225054783677,1
2020-02-11,3357.75,3375.6298828125,3352.719970703125,3365.8701171875,3762940000,0.0016884725532351208,3304.710986328125,3239.1901953125,55.029051009452665,0.009201517686110033,1
2020-02-12,3379.449951171875,3381.469970703125,3369.719970703125,3370.5,3930910000,0.006462646466197652,3315.3159912109377,3243.9595947265625,57.17210785233997,0.009195560383042735,0
2020-02-13,3373.93994140625,3385.090087890625,3360.52001953125,3365.89990234375,3500890000,-0.0016304457368023773,3324.343994140625,3249.1609912109375,61.16945822325919,0.00932371616692933,1
2020-02-14,3380.159912109375,3380.68994140625,3366.14990234375,3378.080078125,3419700000,0.0018435333204338544,3339.8079833984375,3254.9001904296874,72.33436346542933,0.006021686767329666,0
2020-02-18,3370.2900390625,3375.010009765625,3355.610107421875,3369.0400390625,3750400000,-0.002919942636890105,3351.9449951171873,3260.050791015625,66.62190768200526,0.006392159608487507,1
2020-02-19,3386.14990234375,3393.52001953125,3378.830078125,3380.389892578125,3614200000,0.004705785881164548,3360.8009765625,3265.4251904296875,69.05013331925342,0.005063961422309854,0
2020-02-20,3373.22998046875,3389.14990234375,3341.02001953125,3380.449951171875,4019180000,-0.00381551976362815,3364.65498046875,3269.971591796875,64.99885938367471,0.004426998680403631,0
2020-02-21,3337.75,3360.760009765625,3328.449951171875,3360.5,3908780000,-0.01051810302712286,3363.8519775390623,3274.007392578125,70.33669908547807,0.005665375649119231,0
2020-02-24,3225.889892578125,3259.81005859375,3214.64990234375,3257.610107421875,4851160000,-0.03351362667122315,3353.669970703125,3275.8747900390626,46.83991930539931,0.011977449147038962,0
2020-02-25,3128.2099609375,3246.989990234375,3118.77001953125,3238.93994140625,5596760000,-0.030279995565056117,3331.2819580078126,3275.6063916015623,29.51375580602202,0.014081052174466164,0
2020-02-26,3116.389892578125,3182.510009765625,3108.989990234375,3139.89990234375,5484650000,-0.0037785406053220116,3307.145947265625,3274.5627880859374,21.877238968157656,0.01381864857200814,0
2020-02-27,2978.760009765625,3097.070068359375,2977.389892578125,3062.5400390625,7064710000,-0.04416324258407911,3267.076953125,3270.7619873046874,14.343425143474107,0.017085692190467155,0
2020-02-28,2954.219970703125,2959.719970703125,2855.840087890625,2916.89990234375,8569570000,-0.008238340444361891,3225.1049560546876,3266.0173876953127,14.16534749527652,0.016747022764912373,1
2020-03-02,3090.22998046875,3090.9599609375,2945.18994140625,2974.280029296875,6381330000,0.046039229006110016,3196.111962890625,3263.9715869140623,29.30808636371178,0.024944676426833033,0
2020-03-03,3003.3701171875,3136.719970703125,2976.6298828125,3096.4599609375,6376510000,-0.028107896121075893,3159.419970703125,3260.21619140625,25.18207290575978,0.025565936508032457,1
2020-03-04,3130.1201171875,3130.969970703125,3034.3798828125,3045.75,5073020000,0.04220259077449118,3133.8169921875,3258.71119140625,34.778575374039065,0.030438138923124844,0
2020-03-05,3023.93994140625,3083.0400390625,2999.830078125,3075.699951171875,5579290000,-0.033922077046888544,3098.88798828125,3254.7655908203124,30.971635844680975,0.03151227262993283,0
2020-03-06,2972.3701171875,2985.929931640625,2901.5400390625,2954.199951171875,6555240000,-0.01705385200037013,3062.35,3249.73279296875,28.871641872604997,0.031582048572732446,0
2020-03-09,2746.56005859375,2863.889892578125,2734.429931640625,2863.889892578125,8441290000,-0.07596969747745097,3014.4170166015624,3240.196396484375,23.592465308815832,0.03727354113608644,1
2020-03-10,2882.22998046875,2882.590087890625,2734.0,2813.47998046875,7642040000,0.04939630628156144,2989.8190185546873,3233.0427978515627,30.630083292135836,0.041945154463270976,0
2020-03-11,2741.3798828125,2825.60009765625,2707.219970703125,2825.60009765625,7431200000,-0.048868445131273974,2952.318017578125,3223.0699951171873,27.887390900472255,0.04389560654037579,0
2020-03-12,2480.639892578125,2660.949951171875,2478.860107421875,2630.860107421875,8850810000,-0.09511268097833658,2902.506005859375,3208.2569921875,24.08930867537137,0.050517843794438425,1
2020-03-13,2711.02001953125,2711.330078125,2492.3701171875,2569.989990234375,8299070000,0.09287124972971839,2878.1860107421876,3197.8617919921876,35.476085171606684,0.06140367254989692,0
2020-03-16,2386.1298828125,2562.97998046875,2380.93994140625,2508.590087890625,7805450000,-0.11984055240393443,2807.7760009765625,3180.4273876953125,31.445216641361753,0.06761890331394278,1
2020-03-17,2529.18994140625,2553.929931640625,2367.0400390625,2425.659912109375,8370250000,0.05995484974402432,2760.3579833984377,3166.3141845703126,36.222045199706564,0.07250160211067143,0
2020-03-18,2398.10009765625,2453.570068359375,2280.52001953125,2436.5,8799300000,-0.051830762729157875,2687.1559814453126,3149.3505859375,36.333556014146,0.07037776741092532,1
2020-03-19,2409.389892578125,2466.969970703125,2319.780029296875,2393.47998046875,7956100000,0.0047078080405855705,2625.7009765625,3132.79478515625,37.09636683022503,0.07083363725046345,0
2020-03-20,2304.919921875,2453.010009765625,2295.56005859375,2431.93994140625,9053950000,-0.04335951230846191,2558.95595703125,3113.8321826171873,31.118812897081753,0.07119241609348456,0
2020-03-23,2237.39990234375,2300.72998046875,2191.860107421875,2290.7099609375,7411380000,-0.02929386782180443,2508.03994140625,3093.086181640625,31.41092653918193,0.06880973077196455,1
2020-03-24,2447.330078125,2449.7099609375,2344.43994140625,2344.43994140625,7563150000,0.09382773976227554,2464.549951171875,3076.72578125,34.072640443064884,0.07482646704604044,1
2020-03-25,2475.56005859375,2571.419921875,2407.530029296875,2457.77001953125,8300010000,0.011535011448221999,2437.96796875,3060.474384765625,36.7252509607238,0.07410612182913075,1
2020-03-26,2630.070068359375,2637.010009765625,2500.719970703125,2501.2900390625,7766990000,0.062414163303876835,2452.910986328125,3047.4127880859373,42.107228709612805,0.07008291454649064,0
2020-03-27,2541.469970703125,2615.909912109375,2520.02001953125,2555.8701171875,6201670000,-0.033687352562252526,2435.9559814453123,3032.45638671875,44.95157945648269,0.06425858621275007,1
2020-03-30,2626.64990234375,2631.800048828125,2545.280029296875,2558.97998046875,5751120000,0.03351600948370015,2460.0079833984373,3018.65318359375,43.548369602194576,0.05051952552680224,0
2020-03-31,2584.590087890625,2641.389892578125,2571.14990234375,2614.68994140625,6576210000,-0.016012721914555605,2465.547998046875,3003.7525830078125,45.834379261142324,0.04794943778705289,0
2020-04-01,2470.5,2522.75,2447.489990234375,2498.080078125,5964000000,-0.04414243033166543,2472.78798828125,2986.7467822265626,49.70783460229334,0.04702201519110425,1
2020-04-02,2526.89990234375,2533.219970703125,2455.7900390625,2458.5400390625,6464190000,0.02282934723487151,2484.5389892578123,2970.8497802734373,44.10370270294782,0.04740209571904928,0
2020-04-03,2488.64990234375,2538.179931640625,2459.9599609375,2514.919921875,6096970000,-0.015137125124949469,2502.9119873046875,2954.1119775390625,54.021403201784764,0.044928081054814634,1
2020-04-06,2663.679931640625,2676.85009765625,2574.570068359375,2578.280029296875,6403840000,0.07033131865275055,2545.539990234375,2941.4761767578125,55.146367635350806,0.046609605716717094,0
2020-04-07,2659.409912109375,2756.889892578125,2657.669921875,2738.64990234375,7050410000,-0.0016030527844311804,2566.7479736328123,2929.79177734375,61.074046736496825,0.03855775598204433,1
2020-04-08,2749.97998046875,2760.75,2663.300048828125,2685.0,5875710000,0.03405645287963033,2594.1899658203124,2919.2665771484376,63.52503192067966,0.039371152008588324,1
2020-04-09,2789.820068359375,2818.570068359375,2762.360107421875,2776.989990234375,7899550000,0.014487410153376512,2610.1649658203123,2909.59498046875,70.29753764416441,0.03514164930655967,0
2020-04-13,2761.6298828125,2782.4599609375,2721.169921875,2782.4599609375,5319530000,-0.010104660822607414,2632.18095703125,2899.1543798828125,72.69098399322328,0.03286539015694101,1
2020-04-14,2846.06005859375,2851.85009765625,2805.10009765625,2805.10009765625,5615730000,0.030572589146256046,2654.12197265625,2891.5651806640626,69.36239640654728,0.03263201019665694,0
2020-04-15,2783.360107421875,2801.8798828125,2761.5400390625,2795.639892578125,5208000000,-0.022030438529415775,2673.998974609375,2882.253984375,64.46265197124697,0.033185638107708436,1
2020-04-16,2799.550048828125,2806.510009765625,2764.320068359375,2799.340087890625,5228810000,0.005816689462164515,2706.9039794921873,2872.29318359375,59.15316087907474,0.027799523314594343,1
2020-04-17,2874.56005859375,2879.219970703125,2830.8798828125,2842.429931640625,5804810000,0.026793594848223412,2741.6699951171877,2863.0905859375,68.25730988517597,0.02798415568065379,0
2020-04-20,2823.159912109375,2868.97998046875,2820.429931640625,2845.6201171875,5228630000,-0.01788104803401469,2775.12099609375,2852.63818359375,61.18529170375851,0.02830577441667455,0
2020-04-21,2736.56005859375,2785.5400390625,2727.10009765625,2784.81005859375,5121010000,-0.030674795694063395,2782.4090087890627,2840.815185546875,58.23265626888811,0.023142556667449802,1
2020-04-22,2799.31005859375,2815.10009765625,2775.949951171875,2787.889892578125,5084920000,0.022930247703843776,2796.3990234375,2829.7595849609374,68.86178301595598,0.02389519502189693,0
2020-04-23,2797.800048828125,2844.89990234375,2794.260009765625,2810.419921875,5773530000,-0.0005394221197431159,2801.1810302734375,2818.5605859375,66.58422434117134,0.021687131682451566,1
2020-04-24,2836.739990234375,2842.7099609375,2791.760009765625,2812.639892578125,5382810000,0.013918057304545428,2805.8730224609376,2807.70638671875,71.29172584034085,0.02165123980867205,1
2020-04-27,2878.47998046875,2887.719970703125,2852.889892578125,2854.64990234375,5203930000,0.014714069804799612,2817.5580322265623,2797.7971875,65.69853606348353,0.02154701821123503,0
2020-04-28,2863.389892578125,2921.14990234375,2860.7099609375,2909.9599609375,5691160000,-0.005242380698498916,2819.291015625,2787.461787109375,64.67565389498475,0.019594331991598584,1
2020-04-29,2939.510009765625,2954.860107421875,2912.159912109375,2918.4599609375,6645640000,0.026583916282167053,2834.906005859375,2778.8461865234376,63.9255771836616,0.019335018843521852,0
2020-04-30,2912.429931640625,2930.909912109375,2892.469970703125,2930.909912109375,6544980000,-0.009212446303987654,2846.193994140625,2769.371787109375,59.18081419879156,0.019895895528287553,0
2020-05-01,2830.7099609375,2869.090087890625,2821.610107421875,2869.090087890625,4759810000,-0.028059034078492195,2841.808984375,2758.52138671875,54.788712562162274,0.020508045306774907,1
2020-05-04,2842.739990234375,2844.239990234375,2797.85009765625,2815.010009765625,4735930000,0.004249827591976452,2843.7669921875,2748.6211865234377,49.744169360297356,0.01970380606209167,1
2020-05-05,2868.43994140625,2898.22998046875,2863.550048828125,2868.8798828125,5140290000,0.009040556385797371,2856.95498046875,2741.4721875,56.9523285882835,0.016358370468158075,0
2020-05-06,2848.419921875,2891.110107421875,2847.64990234375,2883.139892578125,4892570000,-0.006979410390386298,2861.865966796875,2735.87638671875,53.96857747718134,0.015388487204315923,1
2020-05-07,2881.18994140625,2901.919921875,2876.47998046875,2878.260009765625,5178790000,0.011504630788313985,2870.2049560546875,2731.1723876953124,50.5780494471109,0.015650025746648165,1
2020-05-08,2929.800048828125,2932.159912109375,2902.8798828125,2908.830078125,4876030000,0.016871538638701944,2879.5109619140626,2730.1931884765627,59.34324874460216,0.015903693497894413,1
2020-05-11,2930.18994140625,2944.25,2903.43994140625,2915.4599609375,4819730000,0.00013307822091168653,2884.6819580078127,2729.712587890625,69.98367256436487,0.015406381741818055,0
2020-05-12,2870.1201171875,2945.820068359375,2869.590087890625,2939.5,5119630000,-0.020500317528877154,2885.35498046875,2725.310390625,57.34864285815633,0.016876527796030612,0
2020-05-13,2820.0,2874.139892578125,2793.14990234375,2865.860107421875,6151650000,-0.01746272460422804,2873.4039794921873,2721.64298828125,52.09275500007135,0.01490557194124909,1
2020-05-14,2852.5,2852.800048828125,2766.639892578125,2794.5400390625,5651130000,0.01152482269503552,2867.410986328125,2716.0905859375,51.503931941098,0.015535443562553054,1
2020-05-15,2863.699951171875,2865.010009765625,2816.780029296875,2829.949951171875,5507700000,0.0039263632504382695,2870.7099853515624,2712.8857861328124,48.5022876733815,0.012577872855176466,1
2020-05-18,2953.909912109375,2968.090087890625,2913.860107421875,2913.860107421875,6373670000,0.03150119163168075,2881.8269775390627,2712.51658203125,57.96074271923874,0.015835060881794216,0
2020-05-19,2922.93994140625,2964.2099609375,2922.35009765625,2948.590087890625,4984330000,-0.010484399194493177,2887.2769775390625,2716.0441796875,48.41704352774623,0.016334324277676258,1
2020-05-20,2971.610107421875,2980.2900390625,2953.6298828125,2953.6298828125,5005380000,0.01665110025908012,2899.59599609375,2717.8317822265626,55.42957336986468,0.016597562832522478,0
2020-05-21,2948.510009765625,2978.5,2938.570068359375,2969.949951171875,4976620000,-0.007773596407737116,2906.3280029296875,2721.974384765625,62.11037326360566,0.016794764226053582,1
2020-05-22,2955.449951171875,2956.760009765625,2933.590087890625,2948.050048828125,3970860000,0.002353711326488428,2908.8929931640623,2731.4705859375,61.7096387021238,0.016018048067325086,1
2020-05-26,2991.77001953125,3021.719970703125,2988.169921875,3004.080078125,5848500000,0.012289184036080147,2915.0510009765626,2737.0855859375,62.536343882365436,0.01640269536997318,1
2020-05-27,3036.1298828125,3036.25,2969.75,3015.64990234375,6398000000,0.014827297215913804,2931.6519775390625,2750.0855859375,68.18084652571463,0.014684068891959232,0
2020-05-28,3029.72998046875,3068.669921875,3023.39990234375,3046.610107421875,5447020000,-0.0021079145460738413,2952.6249755859376,2760.09638671875,65.16148292570121,0.012650813393295946,1
2020-05-29,3044.31005859375,3049.169921875,2998.610107421875,3025.169921875,7297550000,0.004812335824971425,2971.8059814453127,2773.0205859375,62.5606093796781,0.012577886162177193,1
2020-06-01,3055.72998046875,3062.179931640625,3031.5400390625,3038.780029296875,4684170000,0.003751234813537785,2991.008984375,2785.9473876953125,63.445152275477476,0.012582142901075257,1
2020-06-02,3080.820068359375,3081.070068359375,3051.639892578125,3064.780029296875,5197150000,0.008210832780053412,3003.7,2801.465390625,74.39333718112292,0.009142309811374628,1
2020-06-03,3122.8701171875,3130.93994140625,3098.89990234375,3098.89990234375,6005560000,0.013648979133831007,3023.693017578125,2819.174794921875,85.73182266986035,0.0079238667923371,0
2020-06-04,3112.35009765625,3128.909912109375,3090.409912109375,3111.56005859375,6451290000,-0.0033687022311144066,3037.7670166015623,2832.4751953125,82.33333090304612,0.007645008736789268,1
2020-06-05,3193.929931640625,3211.719970703125,3163.840087890625,3163.840087890625,8639300000,0.026211650818398713,3062.3090087890623,2846.8425927734374,84.96643524981232,0.008944895033513225,1
2020-06-08,3232.389892578125,3233.1298828125,3196.0,3199.919921875,8498300000,0.012041579421169235,3090.0030029296877,2858.8889892578127,83.11611168014939,0.008780981073431567,0
2020-06-09,3207.179931640625,3222.7099609375,3193.110107421875,3213.320068359375,6410930000,-0.007799170822611612,3111.543994140625,2872.2031884765624,84.27055988687228,0.0101448474477703,0
2020-06-10,3190.139892578125,3223.27001953125,3181.489990234375,3213.419921875,6598870000,-0.0053130910724373814,3126.9449951171873,2883.47298828125,78.52349249930214,0.010418799080045948,0
2020-06-11,3002.10009765625,3123.530029296875,2999.489990234375,3123.530029296875,7037320000,-0.05894405927443824,3124.1820068359375,2891.8231884765623,54.88952160406514,0.022835754603493505,1
2020-06-12,3041.31005859375,3088.419921875,2984.469970703125,3071.0400390625,5845330000,0.013060843963234703,3123.8820068359373,2903.2393896484373,57.39816772374912,0.023202014613325852,1
2020-06-15,3066.590087890625,3079.760009765625,2965.659912109375,2993.760009765625,5757480000,0.008312217041285264,3124.968017578125,2914.033193359375,56.57193220978683,0.023325174499872047,1
2020-06-16,3124.739990234375,3153.449951171875,3076.06005859375,3131.0,5845810000,0.01896239819380252,3129.360009765625,2926.7549951171877,57.599109580924335,0.023953973978772008,0
2020-06-17,3113.489990234375,3141.159912109375,3108.030029296875,3136.1298828125,4560450000,-0.0036002995561740248,3128.4219970703125,2935.7511962890626,57.12390804645435,0.023615086488564953,1
2020-06-18,3115.340087890625,3120.0,3093.510009765625,3101.639892578125,4448690000,0.0005942198825281686,3128.72099609375,2944.8697998046873,56.17491710929519,0.02358632213114234,0
2020-06-19,3097.739990234375,3155.530029296875,3083.110107421875,3140.2900390625,8346650000,-0.005649494809462974,3119.102001953125,2951.825,53.61326800292468,0.021788515162451286,1
2020-06-22,3117.860107421875,3120.919921875,3079.389892578125,3094.419921875,4686690000,0.006495095537691675,3107.6490234375,2958.38580078125,53.21327363529696,0.021435518431967133,1
2020-06-23,3131.2900390625,3154.89990234375,3127.1201171875,3138.699951171875,4711850000,0.004307419569164139,3100.0600341796876,2965.77900390625,50.76860607022289,0.021500491989301533,0
2020-06-24,3050.330078125,3115.010009765625,3032.1298828125,3114.39990234375,5597680000,-0.025855145939064572,3086.079052734375,2969.864404296875,44.9836576010717,0.022776798162976186,1
2020-06-25,3083.760009765625,3086.25,3024.010009765625,3046.60009765625,4847690000,0.010959447267809841,3094.2450439453123,2975.87240234375,40.336476729474626,0.012550868785755311,0
2020-06-26,3009.050048828125,3073.72998046875,3004.6298828125,3073.199951171875,8107850000,-0.024226905044785974,3091.01904296875,2980.06240234375,31.58112399439139,0.014532597930927522,1
2020-06-29,3053.239990234375,3053.889892578125,2999.739990234375,3018.590087890625,4473970000,0.014685678433118632,3089.684033203125,2983.6360009765626,37.689921064057756,0.015113083266133831,1
2020-06-30,3100.2900390625,3111.510009765625,3047.830078125,3050.199951171875,4705850000,0.015409875731554612,3087.2390380859374,2989.178603515625,43.14405631924172,0.014643591660087059,1
2020-07-01,3115.860107421875,3128.43994140625,3101.169921875,3105.919921875,4449230000,0.005022132820864389,3087.4760498046876,2996.7646044921876,61.78127571048808,0.014706773467154934,1
2020-07-02,3130.010009765625,3165.81005859375,3124.52001953125,3143.639892578125,4197720000,0.004541250844364075,3088.9430419921873,3003.378603515625,59.68890123915744,0.01477211798561778,1
2020-07-06,3179.719970703125,3182.590087890625,3155.2900390625,3155.2900390625,4759160000,0.01588172586745884,3097.1410400390623,3011.017001953125,61.731329317740844,0.015323883165774113,0
2020-07-07,3145.320068359375,3184.14990234375,3142.929931640625,3166.43994140625,4571330000,-0.010818532028197159,3099.8870361328127,3017.188603515625,52.2446753667276,0.01582026877352176,1
2020-07-08,3169.93994140625,3171.800048828125,3136.530029296875,3153.070068359375,4937310000,0.007827461915415501,3103.7520263671877,3023.017802734375,55.982532027978976,0.015940966750687166,0
2020-07-09,3152.050048828125,3179.780029296875,3115.699951171875,3176.169921875,4843650000,-0.005643606159361103,3113.9240234375,3028.791005859375,53.762580386857834,0.013145615430729467,1
2020-07-10,3185.0400390625,3186.820068359375,3136.219970703125,3152.469970703125,4524190000,0.01046620127324438,3124.0520263671874,3033.7016064453123,58.67415232096845,0.013114838140193003,0
2020-07-13,3155.219970703125,3235.320068359375,3149.429931640625,3205.080078125,4902440000,-0.009362541127788226,3138.6690185546877,3038.5574072265626,53.641884166826124,0.01015476582242071,1
2020-07-14,3197.52001953125,3200.949951171875,3127.659912109375,3141.110107421875,4507140000,0.013406370782667931,3153.097021484375,3045.8936083984377,56.1121500380773,0.010023612155390951,1
2020-07-15,3226.56005859375,3238.280029296875,3200.760009765625,3225.97998046875,4686830000,0.009082050740923053,3165.7240234375,3053.570009765625,67.98743686786882,0.009454045148426791,0
2020-07-16,3215.570068359375,3220.389892578125,3198.590087890625,3208.360107421875,3972860000,-0.0034061012455366413,3175.69501953125,3060.5126123046875,64.09945304273705,0.009728487904846147,1
2020-07-17,3224.72998046875,3233.52001953125,3205.64990234375,3224.2099609375,4012850000,0.002848612194617406,3185.1670166015624,3068.0388134765626,76.83389638168786,0.0097172275572479,1
2020-07-20,3251.840087890625,3258.610107421875,3215.159912109375,3224.2900390625,3979340000,0.0084069387471426,3192.3790283203125,3075.45181640625,75.80563909297398,0.008869113238609777,1
2020-07-21,3257.300048828125,3277.2900390625,3247.77001953125,3268.52001953125,4556610000,0.0016790373419135474,3203.5770263671875,3082.00181640625,72.87377106204568,0.00760923476339261,1
2020-07-22,3276.02001953125,3279.320068359375,3253.10009765625,3254.860107421875,4267160000,0.005747082068739751,3214.1850341796876,3088.91841796875,73.12046544380058,0.007506444638716706,0
2020-07-23,3235.659912109375,3279.989990234375,3222.659912109375,3271.639892578125,4296760000,-0.012319859824193036,3222.5460205078125,3096.2292138671874,64.17853721316396,0.008608485795742549,0
2020-07-24,3215.6298828125,3227.260009765625,3200.050048828125,3218.580078125,3689410000,-0.006190400054688405,3225.6050048828124,3104.1418115234374,55.23636200521618,0.008540289418910694,1
2020-07-27,3239.409912109375,3241.429931640625,3214.25,3219.840087890625,3970310000,0.007395138795039502,3234.0239990234377,3111.880009765625,64.15864180023482,0.007903776383358919,0
2020-07-28,3218.43994140625,3243.719970703125,3216.169921875,3234.27001953125,4053180000,-0.006473392152297919,3236.1159912109374,3118.9748095703126,57.37934129156303,0.0073849343850063715,1
2020-07-29,3258.43994140625,3264.739990234375,3227.219970703125,3227.219970703125,4478200000,0.01242838167815008,3239.3039794921874,3125.06541015625,65.16691250328034,0.007868122754127564,0
2020-07-30,3246.219970703125,3250.919921875,3204.1298828125,3231.760009765625,4264920000,-0.003750251937389204,3242.3689697265627,3131.5310107421874,59.270804584774,0.007890313808444169,1
2020-07-31,3271.1201171875,3272.169921875,3220.260009765625,3270.449951171875,5007530000,0.007670504990141325,3247.0079833984373,3137.5212109375,67.82858194409496,0.008160114642284572,1
2020-08-03,3294.610107421875,3302.72998046875,3284.530029296875,3288.260009765625,4438940000,0.00718102343932614,3251.2849853515627,3144.443212890625,65.85246655755034,0.008052642291998535,1
2020-08-04,3306.510009765625,3306.840087890625,3286.3701171875,3289.919921875,4414380000,0.0036119303819721615,3256.2059814453123,3151.4644140625,63.82786102339895,0.008084904999379184,1
2020-08-05,3327.77001953125,3330.77001953125,3317.3701171875,3317.3701171875,4535060000,0.006429743053199433,3261.3809814453125,3158.1844140625,68.73996374101986,0.008127240042417744,1
2020-08-06,3349.159912109375,3351.030029296875,3318.139892578125,3323.169921875,4278930000,0.00642769555966427,3272.7309814453124,3164.4450146484373,69.96692713862943,0.006573767418755492,1
2020-08-07,3351.280029296875,3352.5400390625,3328.719970703125,3340.050048828125,4110030000,0.0006330295486443038,3286.29599609375,3170.876015625,67.34820438294457,0.005763462163779512,1
2020-08-10,3360.469970703125,3363.2900390625,3335.43994140625,3356.0400390625,4327920000,0.002742218294476073,3298.402001953125,3177.1992138671876,67.76769436726786,0.005659735861335544,0
2020-08-11,3333.68994140625,3381.010009765625,3326.43994140625,3370.340087890625,4880540000,-0.007969132154236114,3309.927001953125,3182.7584130859377,59.6635100793156,0.00596946724794482,1
2020-08-12,3380.35009765625,3387.889892578125,3355.4599609375,3355.4599609375,3772250000,0.013996549490237653,3322.118017578125,3188.749013671875,73.7438211682429,0.006243213412299051,0
2020-08-13,3373.429931640625,3387.239990234375,3363.35009765625,3372.949951171875,3438730000,-0.002047174350497949,3334.839013671875,3193.7602099609376,77.05944756525298,0.0060373120027104625,0
2020-08-14,3372.85009765625,3378.510009765625,3361.639892578125,3368.659912109375,3200060000,-0.00017188262276812694,3345.01201171875,3198.9702099609376,74.8602955557476,0.005997664953751473,1
2020-08-17,3381.989990234375,3387.590087890625,3379.219970703125,3380.860107421875,3460330000,0.0027098425110787527,3353.75,3202.7314111328124,81.87488164106624,0.005822349145101303,1
2020-08-18,3389.780029296875,3395.06005859375,3370.14990234375,3387.0400390625,3669550000,0.002303389154016955,3362.077001953125,3205.8792138671874,79.2725408832546,0.005812681977068768,0
2020-08-19,3374.85009765625,3399.5400390625,3369.659912109375,3392.510009765625,3679480000,-0.0044043954214108005,3366.785009765625,3209.2326171875,78.32638169800548,0.006006413221097337,1
2020-08-20,3385.510009765625,3390.800048828125,3354.68994140625,3360.47998046875,3431040000,0.0031586327691348615,3370.42001953125,3213.14001953125,76.87608484413235,0.005788718124928489,1
2020-08-21,3397.159912109375,3399.9599609375,3379.31005859375,3386.010009765625,3505010000,0.0034411070444764214,3375.0080078125,3221.0412158203126,75.51374439363826,0.005831761544718642,1
2020-08-24,3431.280029296875,3432.090087890625,3413.1298828125,3418.090087890625,3743410000,0.010043718303008653,3382.089013671875,3228.840615234375,77.95153283905026,0.006446513413511286,1
2020-08-25,3443.6201171875,3444.2099609375,3425.840087890625,3435.949951171875,3627650000,0.0035963511532906,3393.08203125,3236.3812158203127,77.03366945821227,0.005388806510811443,1
2020-08-26,3478.72998046875,3481.070068359375,3444.14990234375,3449.969970703125,3780530000,0.010195626139483993,3402.92001953125,3243.461015625,78.41573619661465,0.004627906934954023,1
2020-08-27,3484.550048828125,3501.3798828125,3468.35009765625,3485.139892578125,3955890000,0.0016730440109038458,3414.03203125,3250.882216796875,78.76042410869525,0.004327363012507417,1
2020-08-28,3508.010009765625,3509.22998046875,3484.320068359375,3494.68994140625,3868510000,0.00673256535528588,3427.5480224609373,3258.735615234375,79.99269444102548,0.004270359578223337,0
2020-08-31,3500.31005859375,3514.77001953125,3493.25,3509.72998046875,4348280000,-0.0021949627140287475,3439.380029296875,3266.7870166015623,86.71989669643818,0.004689129726269433,1
2020-09-01,3526.64990234375,3528.030029296875,3494.60009765625,3507.43994140625,4101490000,0.007525003016613407,3453.0670166015625,3274.9628125,85.41346558432656,0.004835157961914619,1
2020-09-02,3580.840087890625,3588.110107421875,3535.22998046875,3543.760009765625,4295640000,0.015365910154807594,3473.666015625,3283.9538134765626,90.85618157789948,0.005063977893975102,0
2020-09-03,3455.06005859375,3564.85009765625,3427.409912109375,3564.739990234375,4911830000,-0.03512584371534122,3480.6210205078123,3292.0484130859377,60.844789005646355,0.013999766702667069,0
2020-09-04,3426.9599609375,3479.14990234375,3349.6298828125,3453.60009765625,4438720000,-0.008133027264274895,3483.601025390625,3298.912412109375,55.649635896199584,0.014352878020069787,0
2020-09-08,3331.840087890625,3379.969970703125,3329.27001953125,3371.8798828125,4694330000,-0.027756342102360998,3473.65703125,3305.368212890625,44.03074647738534,0.016512178883441524,1
2020-09-09,3398.9599609375,3424.77001953125,3366.840087890625,3369.820068359375,3932520000,0.02014498633677464,3469.191015625,3312.2826123046875,52.24273723224505,0.0179890229949546,0
2020-09-10,3339.18994140625,3425.550048828125,3329.25,3412.56005859375,4208630000,-0.01758479659017942,3455.23701171875,3317.0606103515624,46.051951997569496,0.01818498413470712,1
2020-09-11,3340.969970703125,3368.949951171875,3310.469970703125,3352.699951171875,3710090000,0.0005330721905940639,3440.87900390625,3321.5628076171874,45.12874370123537,0.018149458516721628,1
2020-09-14,3383.5400390625,3402.929931640625,3363.56005859375,3363.56005859375,3839580000,0.012741829089357504,3428.4320068359375,3326.633408203125,45.921053125621874,0.01863899256263682,1
2020-09-15,3401.199951171875,3419.47998046875,3389.25,3407.72998046875,4057190000,0.005219359577689042,3418.52099609375,3331.0630078125,46.40823493272818,0.01884076662090042,0
2020-09-16,3385.489990234375,3428.919921875,3384.449951171875,3411.22998046875,4718900000,-0.004618946596211537,3404.4050048828126,3335.86640625,41.83709107013316,0.018496200362378652,0
2020-09-17,3357.010009765625,3375.169921875,3328.820068359375,3346.860107421875,4379840000,-0.008412365876402483,3382.0219970703124,3339.6078076171875,39.26032493435774,0.017225993302345744,0
2020-09-18,3319.469970703125,3362.27001953125,3292.39990234375,3357.3798828125,7076400000,-0.011182581807410497,3368.46298828125,3342.9562060546873,34.49148805081866,0.014166305944779644,0
2020-09-21,3281.06005859375,3285.570068359375,3229.10009765625,3285.570068359375,4836070000,-0.011571097930805796,3353.872998046875,3344.8766064453125,32.83273091801365,0.014321195027747988,1
2020-09-22,3315.570068359375,3320.31005859375,3270.949951171875,3295.75,3974510000,0.010517945160813724,3352.24599609375,3348.0836083984377,33.68124461362898,0.012314495607282686,0
2020-09-23,3236.919921875,3323.35009765625,3232.570068359375,3320.110107421875,4378650000,-0.023721455093028143,3336.0419921875,3348.8716064453124,24.380200310268137,0.011982966542161674,1
2020-09-24,3246.590087890625,3278.699951171875,3209.449951171875,3226.139892578125,4601920000,0.0029874591429570607,3326.7820068359374,3349.27220703125,31.221969618001722,0.011291689703735036,1
2020-09-25,3298.4599609375,3306.8798828125,3228.43994140625,3236.659912109375,3803330000,0.0159767237756141,3322.531005859375,3350.9300048828127,38.90059510503963,0.012752351584574781,1
2020-09-28,3351.60009765625,3360.739990234375,3332.909912109375,3333.89990234375,3950910000,0.016110590199083896,3319.33701171875,3353.4674072265625,51.84026273031989,0.01319845046597485,0
2020-09-29,3335.469970703125,3357.919921875,3327.5400390625,3350.919921875,3661590000,-0.0048126645432444715,3312.764013671875,3355.1400048828127,43.466634375218256,0.013064809826954092,1
2020-09-30,3363.0,3393.56005859375,3340.469970703125,3341.2099609375,4738640000,0.008253718228220741,3310.5150146484375,3357.25400390625,52.62427400987647,0.013394168162343243,1
2020-10-01,3380.800048828125,3397.179931640625,3361.389892578125,3385.8701171875,4076340000,0.005292907769290922,3312.8940185546876,3359.3496044921876,54.24021582621623,0.013204134782344926,0
2020-10-02,3348.419921875,3369.10009765625,3323.68994140625,3338.93994140625,3975180000,-0.009577652178616392,3315.789013671875,3361.6048046875,46.17827964667976,0.013051377314325131,1
2020-10-05,3408.60009765625,3409.570068359375,3367.27001953125,3367.27001953125,3692720000,0.01797270867614209,3328.543017578125,3365.464208984375,50.7370653075219,0.013245604286441474,0
2020-10-06,3360.969970703125,3431.56005859375,3354.5400390625,3408.739990234375,4453390000,-0.013973515692226712,3333.0830078125,3367.89541015625,47.70377788142336,0.01412129154026491,1
2020-10-07,3419.43994140625,3426.260009765625,3384.56005859375,3384.56005859375,3814750000,0.01739675486921799,3351.335009765625,3371.91541015625,55.53544300125683,0.01176742895706242,1
2020-10-08,3446.830078125,3447.280029296875,3428.14990234375,3434.280029296875,3867640000,0.008010123642494982,3371.3590087890625,3375.683212890625,61.499555816163,0.011752478363205995,1
2020-10-09,3477.139892578125,3482.340087890625,3458.070068359375,3459.669921875,3944090000,0.00879353312061526,3389.227001953125,3380.301611328125,67.96718786842396,0.011289764747803261,1
2020-10-12,3534.219970703125,3549.85009765625,3499.610107421875,3500.02001953125,3435760000,0.01641581296364758,3407.4889892578126,3385.5636083984373,69.23952748773993,0.011322464083550754,0
2020-10-13,3511.929931640625,3534.010009765625,3500.860107421875,3534.010009765625,3611100000,-0.006306918994084421,3425.1349853515626,3389.9100048828127,76.86322242959272,0.011480639124205173,0
2020-10-14,3488.669921875,3527.93994140625,3480.550048828125,3515.469970703125,3858510000,-0.006623141753502759,3437.7019775390627,3393.553203125,73.03500880691098,0.01199722488994506,0
2020-10-15,3483.340087890625,3489.080078125,3440.889892578125,3453.719970703125,3724550000,-0.0015277553060997207,3447.9559814453123,3396.6646044921877,69.30174918270708,0.012092638072221336,1
2020-10-16,3483.81005859375,3515.760009765625,3480.449951171875,3493.5,4688030000,0.00013491955745537076,3461.4949951171875,3399.357607421875,65.50848205131729,0.011331070590913825,0
2020-10-19,3426.919921875,3502.419921875,3419.929931640625,3493.659912109375,4091080000,-0.016329861778318078,3463.3269775390627,3400.8704052734374,59.79099522969352,0.011822508428331106,1
2020-10-20,3443.1201171875,3476.929931640625,3435.64990234375,3439.3798828125,3917850000,0.004727334073110212,3471.5419921875,3402.523408203125,58.79125706950239,0.010685703246868709,0
2020-10-21,3435.56005859375,3464.860107421875,3433.06005859375,3439.909912109375,4103960000,-0.0021956999281005363,3473.15400390625,3404.560810546875,56.14672311971609,0.009358279475922682,1
2020-10-22,3453.489990234375,3460.530029296875,3415.340087890625,3438.5,4172060000,0.005218925396392127,3473.8199951171873,3406.0236083984373,62.189372340805186,0.009149005253536962,1
2020-10-23,3465.389892578125,3466.4599609375,3440.449951171875,3464.89990234375,3651600000,0.003445761353703114,3472.6449951171876,3407.8628076171876,57.41942521630462,0.008740032252246113,0
2020-10-26,3400.969970703125,3441.419921875,3364.860107421875,3441.419921875,4002210000,-0.018589516294535646,3459.3199951171873,3408.425205078125,55.00625782227785,0.008298324833145503,0
2020-10-27,3390.679931640625,3409.510009765625,3388.7099609375,3403.14990234375,3962400000,-0.0030256189119989285,3447.1949951171873,3408.59900390625,45.906864942283114,0.008253135721181092,0
2020-10-28,3271.030029296875,3342.47998046875,3268.889892578125,3342.47998046875,5139970000,-0.035287878760604796,3425.431005859375,3406.22400390625,30.183944877629685,0.013050866206189372,1
2020-10-29,3310.110107421875,3341.050048828125,3259.820068359375,3277.169921875,4911860000,0.011947330894238384,3408.1080078125,3404.9292041015624,31.53755398510168,0.014244360147824726,0
2020-10-30,3269.9599609375,3304.929931640625,3233.93994140625,3293.590087890625,4843930000,-0.012129550130175693,3386.722998046875,3402.618203125,19.654596824973183,0.014281493911808482,1
2020-11-02,3310.239990234375,3330.139892578125,3279.739990234375,3296.199951171875,4314690000,0.01231820260127181,3375.0550048828127,3400.8798046875,27.758554961102064,0.014889002931556703,1
2020-11-03,3369.159912109375,3389.489990234375,3336.25,3336.25,4241380000,0.01779929009643455,3367.658984375,3399.63740234375,37.7819133190331,0.016194265377065364,1
2020-11-04,3443.43994140625,3486.25,3405.169921875,3406.4599609375,4790400000,0.02204704770168342,3368.44697265625,3399.633798828125,46.42484788797589,0.017895242804541668,1
2020-11-05,3510.449951171875,3529.050048828125,3485.739990234375,3485.739990234375,4858150000,0.01946019413896294,3374.14296875,3400.2681982421873,52.13269178824633,0.018864058095879464,0
2020-11-06,3509.43994140625,3521.580078125,3484.340087890625,3508.340087890625,4842460000,-0.00028771518741854685,3378.5479736328125,3400.76599609375,57.25539794119643,0.01886478001722189,1
2020-11-09,3550.5,3645.989990234375,3547.47998046875,3583.0400390625,8570510000,0.01169988923568721,3393.5009765625,3401.6157958984377,59.04571517888728,0.017689156073005075,0
2020-11-10,3545.530029296875,3557.219970703125,3511.909912109375,3543.260009765625,6037470000,-0.0013997945931910616,3408.985986328125,3402.5201953125,59.304507977794955,0.01762010744475794,1
2020-11-11,3572.659912109375,3581.159912109375,3557.0,3563.219970703125,4635560000,0.007651855318760337,3439.148974609375,3403.4403955078124,59.92834635227039,0.010680554632757881,0
2020-11-12,3537.010009765625,3569.02001953125,3518.580078125,3562.669921875,4909660000,-0.009978532303877019,3461.83896484375,3402.5637939453127,55.73971216524085,0.012138894108310129,1
2020-11-13,3585.14990234375,3593.659912109375,3552.570068359375,3552.570068359375,4719580000,0.013610335409063534,3493.357958984375,3405.1655908203124,65.15585152910366,0.010285859531149103,1
2020-11-16,3626.909912109375,3628.510009765625,3600.159912109375,3600.159912109375,5295510000,0.011648051240012336,3525.024951171875,3409.16458984375,68.48175047522416,0.010266117004523012,0
2020-11-17,3609.530029296875,3623.110107421875,3588.679931640625,3610.31005859375,4812180000,-0.004791925698091615,3549.061962890625,3414.718388671875,81.52826933064824,0.010648216770364698,0
2020-11-18,3567.7900390625,3619.090087890625,3567.330078125,3612.090087890625,5284810000,-0.011563829610944043,3561.49697265625,3418.094990234375,73.88226232503918,0.010663562901664847,1
2020-11-19,3581.8701171875,3585.219970703125,3543.840087890625,3559.409912109375,4363370000,0.003946442467421596,3568.6389892578127,3422.94859375,80.37634229640035,0.009116903403963128,0
2020-11-20,3557.5400390625,3581.22998046875,3556.85009765625,3579.31005859375,4236370000,-0.006792562915180156,3573.4489990234374,3427.2799951171874,74.85628890922877,0.009525412176488043,1
2020-11-23,3577.590087890625,3589.81005859375,3552.77001953125,3566.820068359375,5057550000,0.005635930617216234,3576.1580078125,3431.16099609375,72.72511903849266,0.008974134571701068,1
2020-11-24,3635.409912109375,3642.31005859375,3594.52001953125,3594.52001953125,6280290000,0.016161668273416252,3585.14599609375,3435.8451953125,71.70969257792677,0.0101392340464909,0
2020-11-25,3629.64990234375,3635.5,3617.760009765625,3635.5,4910440000,-0.001584418237524976,3590.8449951171874,3440.7283935546875,65.6479815496996,0.010043355406321681,1
2020-11-27,3638.35009765625,3644.31005859375,3629.330078125,3638.550048828125,2778390000,0.002396979198154181,3600.97900390625,3446.3551953125,66.58777241763227,0.009179431587869841,0
2020-11-30,3621.6298828125,3634.179931640625,3594.389892578125,3634.179931640625,6308410000,-0.004595548640170977,3604.627001953125,3452.3983935546876,59.76441899716198,0.008598905041211169,1
2020-12-01,3662.449951171875,3678.449951171875,3645.8701171875,3645.8701171875,5418480000,0.011271187194776155,3608.181005859375,3460.02619140625,64.61206496746257,0.00854795186961161,1
2020-12-02,3669.010009765625,3670.9599609375,3644.840087890625,3653.780029296875,5041250000,0.0017911667548251575,3614.12900390625,3467.094990234375,62.69400453143636,0.008301557198586187,0
2020-12-03,3666.719970703125,3682.72998046875,3657.169921875,3668.280029296875,5065340000,-0.000624157213091503,3624.0219970703124,3475.6909912109377,68.7360702819516,0.006979940337359568,1
2020-12-04,3699.1201171875,3699.199951171875,3670.93994140625,3670.93994140625,5099620000,0.008836275129611826,3635.7469970703123,3484.741591796875,67.24675290129322,0.00723872296320803,0
2020-12-07,3691.9599609375,3697.409912109375,3678.8798828125,3694.72998046875,4804500000,-0.0019356376714373402,3649.1889892578124,3492.611591796875,60.99521227822432,0.006627167715606545,1
2020-12-08,3702.25,3708.449951171875,3678.830078125,3683.050048828125,4584390000,0.002787148065356293,3661.65498046875,3499.62458984375,66.0570217681196,0.006597553926310112,0
2020-12-09,3672.820068359375,3712.389892578125,3660.5400390625,3705.97998046875,5232800000,-0.007949201604598555,3665.39599609375,3506.371591796875,68.99889505104758,0.005792656535931019,0
2020-12-10,3668.10009765625,3678.489990234375,3645.179931640625,3659.1298828125,4658480000,-0.0012851080682624305,3669.241015625,3512.47359375,66.1448657939004,0.005778348447633045,0
2020-12-11,3663.4599609375,3665.909912109375,3633.39990234375,3656.080078125,4375470000,-0.0012649972997506032,3671.752001953125,3518.1267919921875,71.4100020726616,0.0058008531673911954,0
2020-12-14,3647.489990234375,3697.610107421875,3645.840087890625,3675.27001953125,4623850000,-0.004359258971957769,3674.3380126953125,3524.108193359375,64.36609739502528,0.005777305109072622,1
2020-12-15,3694.6201171875,3695.2900390625,3659.6201171875,3666.409912109375,4387080000,0.012921249154708825,3677.555029296875,3529.82859375,62.72839204234732,0.0061250278907232095,1
2020-12-16,3701.169921875,3711.27001953125,3688.570068359375,3696.25,4067040000,0.0017727951669590514,3680.7710205078124,3536.6325927734374,65.3225975178047,0.006124730889464537,1
2020-12-17,3722.47998046875,3725.1201171875,3710.8701171875,3713.64990234375,4192810000,0.005757654753379748,3686.347021484375,3542.6933935546876,67.10021457395854,0.006279956959692264,0
2020-12-18,3709.409912109375,3726.699951171875,3685.840087890625,3722.389892578125,7097100000,-0.0035111185091528663,3687.3760009765624,3547.944990234375,68.11088152951713,0.005884811149135851,0
2020-12-21,3694.919921875,3702.89990234375,3636.47998046875,3684.280029296875,4748580000,-0.0039062790518439305,3687.6719970703125,3552.3005908203127,57.51583163705287,0.005999622076957222,0
2020-12-22,3687.260009765625,3698.260009765625,3676.159912109375,3698.080078125,4053310000,-0.002073092860288006,3686.172998046875,3555.3613916015624,54.202931796816316,0.005954106709473476,1
2020-12-23,3690.010009765625,3711.239990234375,3689.280029296875,3693.419921875,3779160000,0.000745811250824957,3687.8919921875,3558.9229931640625,55.35230169844519,0.00532964558061821,1
2020-12-24,3703.06005859375,3703.820068359375,3689.320068359375,3694.030029296875,1883780000,0.0035365890047962534,3691.38798828125,3563.2107958984375,50.993829365323734,0.005370191518948068,1
2020-12-28,3735.360107421875,3740.510009765625,3723.030029296875,3723.030029296875,3535460000,0.008722529021144565,3698.5780029296875,3568.2511962890626,59.71528599831891,0.005819919159186167,0
2020-12-29,3727.0400390625,3756.1201171875,3723.31005859375,3750.010009765625,3393290000,-0.00222738052560012,3706.5330078125,3573.1157958984377,55.59872256052508,0.0055974878223773025,1
2020-12-30,3732.0400390625,3744.6298828125,3730.2099609375,3736.18994140625,3154850000,0.0013415471654707467,3710.275,3579.2181982421876,65.03348625160986,0.004133395362857206,1
2020-12-31,3756.070068359375,3760.199951171875,3726.8798828125,3733.27001953125,3179040000,0.006438845522919845,3715.7650146484375,3585.477197265625,70.33797185280011,0.00447738525599086,0
2021-01-04,3700.64990234375,3769.989990234375,3662.7099609375,3764.610107421875,5015000000,-0.014754827521051062,3713.5820068359376,3590.778994140625,56.96309691197417,0.006529598477170072,1
2021-01-05,3726.860107421875,3737.830078125,3695.070068359375,3698.02001953125,4591020000,0.007082595157549276,3715.3270263671875,3596.246396484375,64.31172531348446,0.006850657049994943,1
2021-01-06,3748.139892578125,3783.0400390625,3705.340087890625,3712.199951171875,6064110000,0.005709842747752214,3720.6490234375,3601.901396484375,60.64264554097052,0.006839784266618137,1
2021-01-07,3803.7900390625,3811.550048828125,3764.7099609375,3764.7099609375,5099160000,0.014847403800101189,3732.3020263671874,3609.9577978515626,67.07259218822855,0.00788399053299209,1
2021-01-08,3824.679931640625,3826.68994140625,3783.60009765625,3815.050048828125,4773040000,0.005491862685268911,3745.7690185546876,3618.6377978515625,67.02649409050568,0.007866395507336059,0
2021-01-11,3799.610107421875,3817.860107421875,3789.02001953125,3803.139892578125,4465430000,-0.006554750898592476,3755.4240234375,3629.2093994140623,64.4495965407949,0.008499898706246806,1
2021-01-12,3801.18994140625,3810.780029296875,3776.510009765625,3801.6201171875,4994950000,0.0004157884466327033,3762.0070068359373,3639.03099609375,67.75843611594335,0.00823800128058157,1
2021-01-13,3809.840087890625,3820.9599609375,3791.5,3802.22998046875,4602510000,0.0022756417379066196,3770.28701171875,3649.8285986328124,70.41638880304484,0.008116848037375725,0
2021-01-14,3795.5400390625,3823.60009765625,3792.860107421875,3814.97998046875,5198480000,-0.0037534511943366766,3776.63701171875,3659.534599609375,66.92541245441211,0.008335728131615214,0
2021-01-15,3768.25,3788.72998046875,3749.6201171875,3788.72998046875,5369820000,-0.007190027975370938,3777.8550048828124,3667.5164013671874,59.998756792704924,0.008588771007565199,1
2021-01-19,3798.909912109375,3804.530029296875,3780.3701171875,3781.8798828125,5014440000,0.008136379515524483,3787.681005859375,3674.62580078125,59.796483051293976,0.007021025668859939,1
2021-01-20,3851.85009765625,3859.75,3816.219970703125,3816.219970703125,4566190000,0.013935625421946263,3800.1800048828127,3681.4538037109373,66.9132972761235,0.00779406694787474,1
2021-01-21,3853.070068359375,3861.449951171875,3845.050048828125,3857.4599609375,4501760000,0.0003167233075522802,3810.6730224609373,3688.32640625,66.57082173712195,0.007797794326423995,0
2021-01-22,3841.469970703125,3852.31005859375,3830.409912109375,3844.239990234375,5110890000,-0.0030106116552376383,3814.441015625,3694.1458056640627,62.10452444657299,0.006697439845613568,1
2021-01-25,3855.360107421875,3859.22998046875,3797.159912109375,3851.679931640625,7000840000,0.0036158389430824833,3817.509033203125,3700.3424072265625,74.85462414074689,0.006583133719023,0
2021-01-26,3849.6201171875,3870.89990234375,3847.780029296875,3862.9599609375,6137500000,-0.0014888337468982327,3822.5100341796874,3705.881611328125,71.11019494472075,0.006132149075361202,0
2021-01-27,3750.77001953125,3836.830078125,3732.47998046875,3836.830078125,9976520000,-0.025677883699462,3817.4680419921874,3710.1568115234377,50.3570337268117,0.010533999960469385,1
2021-01-28,3787.3798828125,3830.5,3755.75,3755.75,6992770000,0.009760625975629766,3815.222021484375,3714.2014111328126,47.650926964014616,0.011067457343531222,0
2021-01-29,3714.239990234375,3778.050048828125,3694.1201171875,3778.050048828125,6643370000,-0.019311475173124593,3807.0920166015626,3715.9480126953126,36.247954044122125,0.012562609501066104,1
2021-02-01,3773.860107421875,3784.320068359375,3725.6201171875,3731.169921875,5436230000,0.016051767614439383,3807.65302734375,3719.2346142578126,47.047630031138276,0.013619965562286467,1
2021-02-02,3826.31005859375,3843.090087890625,3791.840087890625,3791.840087890625,5514090000,0.013898223484416938,3810.3930419921876,3724.4050146484374,52.57927694413389,0.014104720731290165,1
2021-02-03,3830.169921875,3847.510009765625,3816.679931640625,3840.27001953125,4864870000,0.0010087690809532646,3808.2250244140623,3729.3710107421875,52.10815967237967,0.013339621744686921,1
2021-02-04,3871.739990234375,3872.419921875,3836.659912109375,3836.659912109375,4879240000,0.010853322230420792,3810.0920166015626,3735.655009765625,57.47879273501713,0.013817439362336887,1
2021-02-05,3886.830078125,3894.56005859375,3874.929931640625,3878.300048828125,4879470000,0.003897495164625342,3814.62802734375,3741.8398095703124,61.923821719097994,0.013791197998280592,1
2021-02-08,3915.590087890625,3915.77001953125,3892.590087890625,3892.590087890625,4648360000,0.007399348360373592,3820.651025390625,3747.4434130859377,61.777778653999135,0.013914335001671673,0
2021-02-09,3911.22998046875,3918.35009765625,3902.639892578125,3910.489990234375,4568320000,-0.0011135249921484514,3826.81201171875,3753.0750146484374,56.64560939489489,0.013905463870307902,0
2021-02-10,3909.8798828125,3931.5,3884.93994140625,3920.780029296875,4837070000,-0.00034518493235935477,3842.722998046875,3758.5056103515626,56.356124106305344,0.010175674793457235,1
2021-02-11,3916.3798828125,3925.989990234375,3890.389892578125,3916.39990234375,4590960000,0.0016624551635393559,3855.622998046875,3764.4006103515626,58.47799453241179,0.01000566889824153,1
2021-02-12,3934.830078125,3937.22998046875,3905.780029296875,3911.64990234375,4135060000,0.0047110331133788375,3877.6820068359375,3769.848212890625,58.90219668962303,0.006048090218032178,0
2021-02-16,3932.590087890625,3950.429931640625,3923.85009765625,3939.610107421875,5058990000,-0.0005692724183511411,3893.5550048828127,3775.119814453125,59.36772119972546,0.005133077377746629,0
2021-02-17,3931.330078125,3933.610107421875,3900.429931640625,3918.5,4730650000,-0.0003204020092266724,3904.0570068359375,3780.4120166015623,76.14839914975823,0.003966516189317066,0
2021-02-18,3913.969970703125,3921.97998046875,3885.030029296875,3915.860107421875,4793650000,-0.004415835627354592,3912.43701171875,3784.709013671875,69.41503243745596,0.0045537669956615566,0
2021-02-19,3906.7099609375,3930.409912109375,3903.070068359375,3921.159912109375,4845320000,-0.0018548966445751658,3915.9340087890623,3789.004013671875,86.99487092853556,0.003518712362218609,0
2021-02-22,3876.5,3902.919921875,3874.7099609375,3885.550048828125,5917100000,-0.0077328394581538396,3914.9010009765625,3792.489013671875,72.2433443982261,0.004263092664931655,1
2021-02-23,3881.3701171875,3895.97998046875,3805.590087890625,3857.070068359375,6296610000,0.0012563181187927874,3911.47900390625,3796.6600146484375,65.03218048801297,0.003390365547013517,1
2021-02-24,3925.429931640625,3928.64990234375,3859.60009765625,3873.7099609375,6012790000,0.01135161376597904,3912.8989990234377,3801.806611328125,71.326176236851,0.005134599377009176,0
2021-02-25,3829.340087890625,3925.02001953125,3814.0400390625,3915.800048828125,6547470000,-0.02447880752512621,3904.84501953125,3805.1242138671873,42.370285629935786,0.009405631086724276,0
2021-02-26,3811.14990234375,3861.080078125,3789.5400390625,3839.659912109375,6526070000,-0.004750214169902844,3894.322021484375,3808.397412109375,36.53188091211959,0.009343624872922753,1
2021-03-01,3901.820068359375,3914.5,3842.510009765625,3842.510009765625,5114820000,0.023790763506800205,3891.0210205078124,3812.5414111328123,47.9919509996454,0.012451741843208812,0
2021-03-02,3870.2900390625,3906.409912109375,3868.570068359375,3903.639892578125,5536010000,-0.008080851690870694,3884.791015625,3815.9238134765624,44.468181404327815,0.012662908827026736,0
2021-03-03,3819.719970703125,3874.469970703125,3818.860107421875,3863.989990234375,6173660000,-0.01306622187199813,3873.6300048828125,3817.86861328125,39.247745431612934,0.013160058864702359,0
2021-03-04,3768.469970703125,3843.669921875,3723.340087890625,3818.530029296875,7195400000,-0.013417213930100202,3859.0800048828123,3819.049814453125,34.06179248832072,0.013584020129883391,1
2021-03-05,3841.93994140625,3851.68994140625,3730.18994140625,3793.580078125,6851070000,0.01949596819778221,3852.6030029296876,3821.99021484375,41.051568523783274,0.015455015900300384,0
2021-03-08,3821.35009765625,3881.06005859375,3819.25,3844.389892578125,5871710000,-0.005359231030161227,3847.0880126953125,3824.6720166015625,39.64978563078884,0.015367712916998446,1
2021-03-09,3875.43994140625,3903.760009765625,3851.929931640625,3851.929931640625,5513560000,0.01415464230382213,3846.4949951171875,3828.380615234375,45.26523267838677,0.01613085093746883,1
2021-03-10,3898.81005859375,3917.35009765625,3885.72998046875,3891.989990234375,5847380000,0.006030313342701321,3843.8330078125,3832.295615234375,48.72866451525459,0.015797786168697533,1
2021-03-11,3939.340087890625,3960.27001953125,3915.5400390625,3915.5400390625,5312880000,0.010395487004435822,3854.8330078125,3836.37521484375,52.591790771841815,0.013634050788023835,1
2021-03-12,3943.340087890625,3944.989990234375,3915.2099609375,3924.52001953125,4476280000,0.0010153984958789497,3868.0520263671874,3840.7012158203124,55.53972323338196,0.013393467408971358,1
2021-03-15,3968.93994140625,3970.080078125,3923.5400390625,3942.9599609375,4900100000,0.006491921301497117,3874.764013671875,3845.4392138671874,57.01670302635738,0.011458304003816432,0
2021-03-16,3962.7099609375,3981.0400390625,3953.43994140625,3973.590087890625,4613080000,-0.0015696837343783798,3884.006005859375,3849.57201171875,53.17991347746536,0.011012927083403345,1
2021-03-17,3974.1201171875,3983.8701171875,3935.739990234375,3949.570068359375,4561660000,0.00287938213053085,3899.4460205078126,3855.041416015625,64.43469180607991,0.009583632309861678,0
2021-03-18,3915.4599609375,3969.6201171875,3910.860107421875,3953.5,5118590000,-0.014760539319459198,3914.14501953125,3858.8134130859376,59.623227968701435,0.0098604910062163,0
2021-03-19,3913.10009765625,3930.1201171875,3886.75,3913.139892578125,7757420000,-0.0006027039747036333,3921.26103515625,3862.1126171875,51.243225265863416,0.008238110427585382,1
2021-03-22,3940.590087890625,3955.31005859375,3914.159912109375,3916.47998046875,4316260000,0.007025118077311765,3933.1850341796876,3864.8486181640624,57.81772037251519,0.007957081937977293,0
2021-03-23,3910.52001953125,3949.1298828125,3901.570068359375,3937.60009765625,4669010000,-0.007630854183940605,3936.6930419921873,3866.565419921875,60.57980001991267,0.00756879733041713,0
2021-03-24,3889.139892578125,3942.080078125,3889.070068359375,3919.929931640625,4783020000,-0.00546733601831495,3935.726025390625,3868.356015625,65.11207537570445,0.007580773908276322,1
2021-03-25,3909.52001953125,3919.5400390625,3853.5,3879.340087890625,4948340000,0.005240265846959469,3932.7440185546875,3870.5226171875,59.76138889829265,0.006925451901054263,1
2021-03-26,3974.5400390625,3978.18994140625,3917.1201171875,3917.1201171875,5483160000,0.016631202604519668,3935.864013671875,3873.8166162109374,69.61005289219418,0.008856155362104273,0
2021-03-29,3971.090087890625,3981.830078125,3943.25,3969.31005859375,4628180000,-0.0008680126852336212,3936.0790283203123,3877.3276171875,64.06824868916871,0.008635838451855272,0
2021-03-30,3958.550048828125,3968.010009765625,3944.35009765625,3963.340087890625,4121510000,-0.0031578329337678124,3935.663037109375,3881.1336181640627,59.07570561622222,0.008684172333569294,1
2021-03-31,3972.889892578125,3994.409912109375,3966.97998046875,3967.25,4578050000,0.0036224990395776757,3935.5400146484376,3884.6132177734376,55.53754748944634,0.008715349135619836,1
2021-04-01,4019.8701171875,4020.6298828125,3992.780029296875,3992.780029296875,4162130000,0.011825201774944727,3945.9810302734377,3887.9736181640624,61.06211741688776,0.007708064957058412,1
2021-04-05,4077.909912109375,4083.419921875,4034.43994140625,4034.43994140625,4005030000,0.014438226417743616,3962.46201171875,3892.4704150390626,64.40067031333987,0.008433623339983777,0
2021-04-06,4073.93994140625,4086.22998046875,4068.139892578125,4075.570068359375,4081270000,-0.0009735307519511682,3975.7969970703125,3897.119814453125,64.78766814717105,0.008511260324106061,1
2021-04-07,4079.949951171875,4083.1298828125,4068.31005859375,4074.2900390625,4120810000,0.001475232784985625,3992.739990234375,3901.611611328125,64.27470136931808,0.007647268202866354,1
2021-04-08,4097.169921875,4098.18994140625,4082.5400390625,4089.949951171875,3907100000,0.0042206328286402695,4013.5429931640624,3906.562607421875,77.59452709757024,0.006847544007893501,1
2021-04-09,4128.7998046875,4129.47998046875,4095.510009765625,4096.10986328125,3640390000,0.007719934348738189,4035.4709716796874,3914.123203125,80.08196129650841,0.006892090521628537,0
2021-04-12,4127.990234375,4131.759765625,4114.81982421875,4124.7099609375,3588900000,-0.00019607884876882142,4050.8159912109377,3920.93541015625,78.23655565896492,0.005845325630217874,1
2021-04-13,4141.58984375,4148.0,4124.43017578125,4130.10009765625,3734720000,0.0032944868090414303,4067.865966796875,3929.4824072265624,86.63481844812317,0.005618961697818107,0
2021-04-14,4124.66015625,4151.68994140625,4120.8701171875,4141.580078125,3985350000,-0.004087726727828533,4084.4769775390623,3936.498408203125,87.87489507452948,0.005760659678903173,1
2021-04-15,4170.419921875,4173.490234375,4139.759765625,4139.759765625,4033420000,0.01109419052516647,4104.22998046875,3943.38060546875,88.78994800642914,0.006157817778210746,1
2021-04-16,4185.47021484375,4191.31005859375,4170.75,4174.14013671875,4163820000,0.0036088195555097347,4120.789990234375,3950.486611328125,86.83358316237523,0.005656019649795336,0
2021-04-19,4163.259765625,4180.81005859375,4150.47021484375,4179.7998046875,3810290000,-0.005306560094486046,4129.324975585938,3956.3170068359377,81.49402430290203,0.005043491669396621,0
2021-04-20,4134.93994140625,4159.18017578125,4118.3798828125,4159.18017578125,4342650000,-0.006802319771775922,4135.424975585937,3961.2792041015623,77.48628715820614,0.005726768909063488,1
2021-04-21,4173.419921875,4175.02001953125,4126.35009765625,4128.419921875,3887250000,0.009306055472153574,4144.77197265625,3966.43580078125,79.06156216188293,0.006235493107167211,0
2021-04-22,4134.97998046875,4179.56982421875,4123.68994140625,4170.4599609375,4245140000,-0.009210657476561801,4148.552978515625,3970.91080078125,67.10558012909817,0.00715153232534132,1
2021-04-23,4180.169921875,4194.169921875,4138.77978515625,4138.77978515625,3569880000,0.010928696540176919,4153.689990234375,3976.3166015625,65.7994497349388,0.007550303433158806,1
2021-04-26,4187.6201171875,4194.18994140625,4182.35986328125,4185.02978515625,3748320000,0.001782270924804541,4159.652978515625,3981.74140625,67.37702250637781,0.007533727974091611,0
2021-04-27,4186.72021484375,4193.35009765625,4176.22021484375,4188.25,3710700000,-0.00021489588801437698,4164.166015625,3986.779208984375,66.57979917611101,0.007520541979769277,0
2021-04-28,4183.18017578125,4201.52978515625,4181.77978515625,4185.14013671875,3787360000,-0.0008455399168898481,4170.018017578125,3991.7910107421876,63.94870584732435,0.007339277438782754,1
2021-04-29,4211.47021484375,4218.77978515625,4176.81005859375,4206.14013671875,4298680000,0.006762806734045723,4174.123046875,3997.3938134765626,63.553893274968495,0.006814900369750162,0
2021-04-30,4181.169921875,4198.10009765625,4174.85009765625,4198.10009765625,4300880000,-0.007194706699326425,4173.693017578125,4002.7378125,57.95008277686451,0.007200927489311066,1
2021-05-03,4192.66015625,4209.39013671875,4188.02978515625,4191.97998046875,4070220000,0.002748090747253684,4176.633056640625,4008.45681640625,57.68319880585436,0.006998931197650343,0
2021-05-04,4164.66015625,4179.0400390625,4128.58984375,4179.0400390625,4452460000,-0.006678337608227225,4179.605078125,4014.22001953125,55.823757404105635,0.006984207787736979,1
2021-05-05,4167.58984375,4187.72021484375,4160.93994140625,4177.06005859375,4230920000,0.0007034637617677753,4179.0220703125,4019.9444140625,49.52924741313494,0.006308795394722586,1
2021-05-06,4201.6201171875,4202.7001953125,4147.330078125,4169.14013671875,4511000000,0.008165456466051824,4185.686083984375,4025.4682177734376,52.52681132072588,0.005907521203836828,1
2021-05-07,4232.60009765625,4238.0400390625,4201.64013671875,4210.33984375,4016080000,0.007373341616968343,4190.9291015625,4033.53341796875,60.55921634760522,0.0053670181608870045,0
2021-05-10,4188.43017578125,4236.39013671875,4188.1298828125,4228.2900390625,4560700000,-0.010435647322188157,4191.010107421875,4041.0790234375,57.77044184865414,0.0065050097575902605,0
2021-05-11,4152.10009765625,4162.0400390625,4111.52978515625,4150.33984375,4870710000,-0.00867391280271812,4187.548095703125,4046.0846240234373,46.88343595065803,0.0070673046906971175,0
2021-05-12,4063.0400390625,4134.72998046875,4056.8798828125,4130.5498046875,4733070000,-0.021449400664502738,4175.53408203125,4049.9396240234373,40.83942554363573,0.009621480194932397,1
2021-05-13,4112.5,4131.580078125,4074.989990234375,4074.989990234375,4779540000,0.012173141406923493,4165.637060546875,4055.795224609375,41.47585107403735,0.01034789836777063,1
2021-05-14,4173.85009765625,4183.1298828125,4129.580078125,4129.580078125,4008880000,0.014917956876899785,4164.905078125,4063.9028271484376,48.47281655711409,0.01149154955744778,0
2021-05-17,4163.2900390625,4171.919921875,4142.68994140625,4169.919921875,4125050000,-0.0025300521932207776,4161.96806640625,4070.3298291015626,47.45595571979196,0.011466591750963201,0
2021-05-18,4127.830078125,4169.14990234375,4125.990234375,4165.93994140625,4398150000,-0.008517292959364653,4158.28505859375,4076.4594287109376,44.37968103746615,0.01158823197941777,0
2021-05-19,4115.68017578125,4116.93017578125,4061.409912109375,4098.4501953125,4247450000,-0.002943411456817757,4153.094091796875,4081.2642333984377,39.943736018585156,0.011592089464222827,1
2021-05-20,4159.1201171875,4172.7998046875,4121.97021484375,4121.97021484375,3978880000,0.010554741756143349,4148.844091796875,4086.4704345703126,47.74730822338753,0.011828599239646527,0
2021-05-21,4155.85986328125,4188.72021484375,4151.72021484375,4168.60986328125,3995250000,-0.0007838806801412357,4141.170068359375,4090.800830078125,46.176038122414276,0.011466315763903244,1
2021-05-24,4197.0498046875,4209.52001953125,4170.16015625,4170.16015625,3684800000,0.009911292190138532,4142.03203125,4095.8750244140624,53.27585014864638,0.01156237723757913,0
2021-05-25,4188.1298828125,4213.419921875,4182.52001953125,4205.93994140625,4182250000,-0.0021252837802967495,4145.635009765625,4100.258823242188,52.05252464532397,0.011178878504138743,1
2021-05-26,4195.990234375,4202.60986328125,4184.10986328125,4191.58984375,4420890000,0.0018768165702687245,4158.930029296875,4104.924428710938,49.40636899650103,0.007963692990623834,1
2021-05-27,4200.8798828125,4213.3798828125,4197.77978515625,4201.93994140625,6406310000,0.0011653145418315525,4167.768017578125,4109.459624023438,46.46058826926618,0.007329277699563172,1
2021-05-28,4204.10986328125,4218.35986328125,4203.56982421875,4210.77001953125,4649250000,0.0007688818911402162,4170.793994140625,4115.232622070313,51.92549384551917,0.005796608971370644,0
2021-06-01,4202.0400390625,4234.1201171875,4197.58984375,4216.52001953125,5074670000,-0.0004923335226864056,4174.668994140625,4121.011420898438,56.696159088855694,0.0057040490212743235,1
2021-06-02,4208.1201171875,4217.3701171875,4198.27001953125,4206.81982421875,5833670000,0.0014469348384307246,4182.697998046875,4126.362021484375,75.02071558013729,0.004639013346828244,0
2021-06-03,4192.85009765625,4204.39013671875,4167.93017578125,4191.43017578125,5587970000,-0.0036287033416374515,4190.414990234375,4132.008623046875,65.70994873361528,0.004723427688216415,1
2021-06-04,4229.89013671875,4233.4501953125,4206.0498046875,4206.0498046875,4139790000,0.008834095710505974,4197.4919921875,4138.823627929687,62.107868373745646,0.0043915652641139885,0
2021-06-07,4226.52001953125,4232.33984375,4215.66015625,4229.33984375,4476920000,-0.0007967387044511831,4204.5580078125,4145.163627929687,64.09935913488654,0.004392374257042127,1
2021-06-08,4227.259765625,4236.740234375,4208.41015625,4233.81005859375,4659620000,0.00017502486450582388,4207.57900390625,4150.218022460937,76.23339413989632,0.0033162889597805503,0
2021-06-09,4219.5498046875,4237.08984375,4218.740234375,4232.990234375,4713260000,-0.0018238673194856947,4210.72099609375,4155.187216796875,78.06228118082544,0.0032887863482119343,1
2021-06-10,4239.18017578125,4249.740234375,4220.33984375,4228.56005859375,4408210000,0.004652243012262192,4215.039990234375,4160.799819335937,74.82324585706456,0.0035042579371564386,1
2021-06-11,4247.43994140625,4248.3798828125,4232.25,4242.89990234375,3815010000,0.0019484346695590737,4219.69599609375,4166.2908203125,77.54126284875184,0.0035163453925228603,1
2021-06-14,4255.14990234375,4255.58984375,4234.06982421875,4248.31005859375,4151200000,0.0018152018730952513,4224.8,4170.996416015625,71.87836709777775,0.0035206847172674963,0
2021-06-15,4246.58984375,4257.16015625,4238.35009765625,4255.27978515625,4048940000,-0.0020116937805257917,4229.25498046875,4174.370014648437,72.0737031519639,0.0036334360636216937,0
2021-06-16,4223.7001953125,4251.89013671875,4202.4501953125,4248.8701171875,4538350000,-0.005390124612855707,4230.81298828125,4177.365219726563,59.39644210135905,0.004158144855016642,0
2021-06-17,4221.85986328125,4232.2900390625,4196.0498046875,4220.3701171875,5312680000,-0.00043571559205179966,4233.71396484375,4180.20341796875,57.26454108632508,0.003932830124965922,0
2021-06-18,4166.4501953125,4204.77978515625,4164.39990234375,4204.77978515625,6817010000,-0.013124468779900589,4227.369970703125,4181.5890234375,40.42126703014195,0.0048966360659516844,1
2021-06-21,4224.7900390625,4226.240234375,4173.39990234375,4173.39990234375,4128950000,0.014002289962720793,4227.19697265625,4183.508828125,54.49872160297855,0.006941774845871778,1
2021-06-22,4246.43994140625,4255.83984375,4217.27001953125,4224.60986328125,3828390000,0.005124491902218642,4229.114990234375,4185.877822265625,57.138049526761655,0.007131034923034548,0
2021-06-23,4241.83984375,4256.60009765625,4241.43017578125,4249.27001953125,3730350000,-0.0010832833431588806,4231.343994140625,4187.882822265625,59.50336351116088,0.007108309185683344,1
2021-06-24,4266.490234375,4271.27978515625,4256.97021484375,4256.97021484375,3816660000,0.005811249724885448,4234.075,4190.719423828125,57.45845248827356,0.0071915935878847405,1
2021-06-25,4280.7001953125,4286.1201171875,4271.16015625,4274.4501953125,7341450000,0.0033305973193167304,4237.401025390625,4192.925029296875,60.573816888604284,0.007232154803832606,1
2021-06-28,4290.60986328125,4292.14013671875,4274.669921875,4284.89990234375,4147890000,0.0023149642620619026,4240.947021484375,4195.027822265625,61.93619969198329,0.007241640551939034,1
2021-06-29,4291.7998046875,4300.52001953125,4287.0400390625,4293.2099609375,3707150000,0.00027733619326086867,4245.468017578125,4197.598623046875,63.95598011031382,0.0071768870570618724,1
2021-06-30,4297.5,4302.43017578125,4287.9599609375,4290.64990234375,4266040000,0.0013281596467464851,4252.847998046875,4200.84982421875,61.905920114833684,0.006808639733922298,1
2021-07-01,4319.93994140625,4320.66015625,4300.72998046875,4300.72998046875,3788230000,0.0052216268542757405,4262.656005859375,4203.780224609375,63.990758259899444,0.006841384234435323,1
2021-07-02,4352.33984375,4355.43017578125,4326.60009765625,4326.60009765625,3225840000,0.007500081663913916,4281.244970703125,4208.127421875,67.1235940750274,0.004307526243785821,0
2021-07-06,4343.5400390625,4356.4599609375,4314.3701171875,4356.4599609375,4309570000,-0.0020218560598241897,4293.119970703125,4211.39482421875,67.0669357666944,0.0031587478293460132,1
2021-07-07,4358.1298828125,4361.8798828125,4329.7900390625,4351.009765625,4037380000,0.003358975310182588,4304.28896484375,4214.80501953125,74.3770962680673,0.0030609955751704624,0
2021-07-08,4320.81982421875,4330.8798828125,4289.3701171875,4321.06982421875,4347500000,-0.008561024934316985,4312.186962890625,4217.48701171875,65.89977656997252,0.004592192571495643,1
2021-07-09,4369.5498046875,4371.60009765625,4329.3798828125,4329.3798828125,3531120000,0.011277947808795874,4322.492919921875,4221.214404296875,83.34755057275164,0.0053741624113144,1
2021-07-12,4384.6298828125,4386.68017578125,4364.02978515625,4372.41015625,3384460000,0.0034511743312370946,4332.885888671875,4224.67759765625,80.59021418158711,0.00537661035663583,0
2021-07-13,4369.2099609375,4392.3701171875,4366.919921875,4381.06982421875,3695430000,-0.0035168126585656267,4340.7458984375,4228.4383984375,74.0697413943301,0.005695454644575144,1
2021-07-14,4374.2998046875,4393.68017578125,4362.35986328125,4380.10986328125,4006370000,0.0011649345752446916,4348.9958984375,4232.07119140625,75.91973308058031,0.0056754228991194085,0
2021-07-15,4360.02978515625,4369.02001953125,4340.7001953125,4369.02001953125,3905230000,-0.0032622408541723713,4355.248876953125,4235.978583984375,69.0788674322023,0.005909455109343501,0
2021-07-16,4327.16015625,4375.08984375,4322.52978515625,4367.43017578125,3985700000,-0.007538854211077806,4355.9708984375,4239.169990234375,58.80594528560323,0.0063672266094217935,0
2021-07-19,4258.490234375,4296.39990234375,4233.1298828125,4296.39990234375,5157660000,-0.015869512427409305,4346.5859375,4240.307392578125,45.02112470311126,0.007560924368253219,1
2021-07-20,4323.06005859375,4336.83984375,4262.0498046875,4265.10986328125,4438270000,0.015162609437855634,4344.537939453125,4242.116591796875,54.049896065677885,0.009337778626366705,1
2021-07-21,4358.68994140625,4359.7001953125,4331.1298828125,4331.1298828125,3810280000,0.008241819990835397,4344.5939453125,4245.521787109375,57.35688312420233,0.009679525544550654,1
2021-07-22,4367.47998046875,4369.8701171875,4350.06005859375,4361.27001953125,3358300000,0.0020166699583279435,4349.2599609375,4249.829384765625,55.909724380390024,0.009199410285932113,1
2021-07-23,4411.7900390625,4415.18017578125,4381.2001953125,4381.2001953125,4540070000,0.010145452020822843,4353.483984375,4256.804384765625,57.177740362394715,0.009066376248761696,1
2021-07-26,4422.2998046875,4422.72998046875,4405.4501953125,4409.580078125,4275630000,0.0023821998626283314,4357.2509765625,4263.000380859375,59.46998607389525,0.009040523197401843,0
2021-07-27,4401.4599609375,4416.3798828125,4372.509765625,4416.3798828125,4241950000,-0.0047124448070912095,4360.4759765625,4267.552578125,55.13281461481332,0.00911293497271229,0
2021-07-28,4400.64013671875,4415.47021484375,4387.009765625,4402.9501953125,4215290000,-0.0001862618826539153,4363.110009765625,4272.299580078125,60.35018095341811,0.00911649556830556,1
2021-07-29,4419.14990234375,4429.97021484375,4403.58984375,4403.58984375,4044600000,0.004206152980007483,4369.022021484375,4278.1259765625,56.97849041308574,0.009067263522964587,0
2021-07-30,4395.259765625,4412.25,4389.64990234375,4395.1201171875,3956740000,-0.0054060480514769305,4375.831982421875,4283.717568359375,51.459393074821214,0.008856677385791352,0
2021-08-02,4387.16015625,4422.18017578125,4384.81005859375,4406.85986328125,3724090000,-0.001842805614891363,4388.698974609375,4288.278369140625,52.51496170296607,0.006608203017539579,1
2021-08-03,4423.14990234375,4423.7900390625,4373.0,4392.740234375,3965190000,0.0082034265474622,4398.707958984375,4293.624169921875,56.298880940478426,0.0054500652640006595,0
2021-08-04,4402.66015625,4416.169921875,4400.22998046875,4415.9501953125,4260760000,-0.004632387901412294,4403.10498046875,4297.736376953125,55.41011318809201,0.005412240896740543,1
2021-08-05,4429.10009765625,4429.759765625,4408.85986328125,4408.85986328125,3769410000,0.006005446813494242,4409.2669921875,4302.55578125,63.15156875418126,0.005636411758561914,1
2021-08-06,4436.52001953125,4440.81982421875,4429.06982421875,4429.06982421875,3451870000,0.001675266241764728,4411.739990234375,4307.366376953125,77.27939977165227,0.004744778931285473,0
2021-08-09,4432.35009765625,4439.39013671875,4424.740234375,4437.77001953125,3449280000,-0.0009399082741974318,4412.74501953125,4311.99578125,70.55033236622718,0.004719975336154763,1
2021-08-10,4436.75,4445.2099609375,4430.02978515625,4435.7900390625,3886610000,0.0009926793341701323,4416.2740234375,4316.648583984375,66.63129576110907,0.004388396445059392,1
2021-08-11,4442.41015625,4449.43994140625,4436.419921875,4442.18017578125,3532560000,0.0012757437876824707,4420.451025390625,4321.455986328125,66.18024465902309,0.004375944214776369,1
2021-08-12,4460.830078125,4461.77001953125,4435.9599609375,4446.080078125,3375310000,0.004146380281677686,4424.61904296875,4326.510185546875,61.9227043505513,0.0043710461043661095,1
2021-08-13,4468.0,4468.3701171875,4460.81982421875,4464.83984375,3016470000,0.001607306655808216,4431.89306640625,4332.01318359375,61.29412957224362,0.003757947668071689,1
2021-08-16,4479.7099609375,4480.259765625,4437.66015625,4461.64990234375,3370640000,0.002620850702215849,4441.148046875,4337.009580078125,70.2522431441931,0.003556806868626031,0
2021-08-17,4448.080078125,4462.1201171875,4417.830078125,4462.1201171875,3836960000,-0.00706069881494753,4443.641064453125,4341.44078125,60.589341884123996,0.003902807192697101,0
2021-08-18,4400.27001953125,4454.31982421875,4397.58984375,4440.93994140625,3755590000,-0.010748470745585936,4443.40205078125,4344.900986328125,46.273199731665756,0.005103136587132722,1
2021-08-19,4405.7998046875,4418.60986328125,4367.72998046875,4382.43994140625,4398410000,0.0012566922329095842,4441.072021484375,4348.625986328125,52.24314876318184,0.004681320045534891,1
2021-08-20,4441.669921875,4444.35009765625,4406.7998046875,4410.56005859375,3652610000,0.008141567655737925,4441.58701171875,4352.67578125,60.374552997241786,0.005408035704654806,1
2021-08-23,4479.52978515625,4489.8798828125,4450.2900390625,4450.2900390625,3576530000,0.00852379036424833,4446.30498046875,4357.317578125,60.65463645456928,0.005996215260224262,1
2021-08-24,4486.22998046875,4492.81005859375,4482.27978515625,4484.39990234375,3979220000,0.0014957363013194946,4451.252978515625,4361.9391796875,66.66134493211868,0.005997552510239344,1
2021-08-25,4496.18994140625,4501.7099609375,4485.66015625,4490.4501953125,3444700000,0.002220118224179668,4456.63095703125,4366.931181640625,64.31649668865893,0.006007600928612602,0
2021-08-26,4470.0,4495.89990234375,4468.990234375,4493.75,3263980000,-0.005824918819612557,4457.54794921875,4371.857177734375,56.61451610724917,0.006288900683220829,1
2021-08-27,4509.3701171875,4513.330078125,4474.10009765625,4474.10009765625,3331200000,0.008807632480425154,4461.6849609375,4377.6073828125,63.35855365118725,0.006851964394744984,1
2021-08-30,4528.7900390625,4537.35986328125,4513.759765625,4513.759765625,3168660000,0.004306570844779589,4466.59296875,4384.8541796875,65.17311215503946,0.006918238615915763,0
2021-08-31,4522.68017578125,4531.39013671875,4515.7998046875,4529.75,4290710000,-0.0013491160395050494,4474.052978515625,4390.811982421875,63.21319317964439,0.006383680238470997,1
2021-09-01,4524.08984375,4537.10986328125,4522.02001953125,4528.7998046875,4057340000,0.0003116886257619189,4486.4349609375,4396.36498046875,61.030886755375136,0.004736026900534906,1
2021-09-02,4536.9501953125,4545.85009765625,4524.66015625,4534.47998046875,3735990000,0.002842638410522902,4499.55,4402.2671875,61.789192113488824,0.004705469869248823,0
2021-09-03,4535.43017578125,4541.4501953125,4521.2998046875,4532.419921875,3217530000,-0.0003350311257153127,4508.926025390625,4407.645986328125,59.87107868663575,0.00442072919663627,0
2021-09-07,4520.02978515625,4535.3798828125,4513.0,4535.3798828125,3822960000,-0.003395574405981705,4512.976025390625,4412.432578125,63.52385969613924,0.004090811194066445,0
2021-09-08,4514.06982421875,4521.7900390625,4493.9501953125,4518.08984375,3750880000,-0.001318566739775151,4515.760009765625,4416.90177734375,75.38359327350352,0.004142364026367979,0
2021-09-09,4493.27978515625,4529.89990234375,4492.06982421875,4513.02001953125,3735390000,-0.004605608657393345,4515.468994140625,4420.931376953125,68.26911507077843,0.004404663026650006,0
2021-09-10,4458.580078125,4520.47021484375,4457.66015625,4506.919921875,3623180000,-0.007722578759925436,4514.327001953125,4424.152978515625,53.5488260755509,0.004711042504189336,1
2021-09-13,4468.72998046875,4492.990234375,4445.7001953125,4474.81005859375,3914220000,0.0022764876184568905,4510.26298828125,4427.128779296875,47.43521357372457,0.0036496129852929345,0
2021-09-14,4443.0498046875,4485.68017578125,4435.4599609375,4479.330078125,3670460000,-0.00574663850657553,4501.68896484375,4428.942978515625,40.59337484602932,0.003434689588919437,1
2021-09-15,4480.7001953125,4486.8701171875,4438.3701171875,4447.490234375,4032020000,0.008473996979569742,4497.490966796875,4431.686181640625,46.98889641909991,0.004760064438370779,0
2021-09-16,4473.75,4485.8701171875,4443.7998046875,4477.08984375,3984560000,-0.0015511404489350067,4492.456982421875,4433.998583984375,50.787912114969515,0.004742843041415381,0
2021-09-17,4432.990234375,4471.52001953125,4427.759765625,4469.740234375,7289530000,-0.009110872450405094,4482.060986328125,4436.2419921875,34.04500112196814,0.005127225843705688,0
2021-09-20,4357.72998046875,4402.9501953125,4305.91015625,4402.9501953125,4898070000,-0.01697731100841482,4464.290966796875,4436.005595703125,21.026479933705062,0.006834093966466855,0
2021-09-21,4354.18994140625,4394.8701171875,4347.9599609375,4374.4501953125,3920920000,-0.0008123585165593639,4447.706982421875,4435.396796875,21.21113017012955,0.006906563154320417,1
2021-09-22,4395.64013671875,4416.75,4367.43017578125,4367.43017578125,3939170000,0.009519611195260236,4435.864013671875,4435.925400390625,30.694205729835573,0.008075001581283416,1
2021-09-23,4448.97998046875,4465.39990234375,4406.75,4406.75,3916350000,0.012134715784494876,4431.434033203125,4437.41900390625,38.212514050402184,0.009266276236576632,1
2021-09-24,4455.47998046875,4463.1201171875,4430.27001953125,4438.0400390625,3384290000,0.001461009046688222,4431.1240234375,4439.3280078125,39.4282371657464,0.008971038215751603,0
2021-09-27,4443.10986328125,4457.2998046875,4436.18994140625,4442.1201171875,4058650000,-0.0027763826213396126,4428.56201171875,4441.647001953125,39.7467606345173,0.008968788340391868,0
2021-09-28,4352.6298828125,4419.5400390625,4346.330078125,4419.5400390625,4416550000,-0.020364110556098214,4419.52001953125,4443.529794921875,32.43769540732367,0.010896046549447239,1
2021-09-29,4359.4599609375,4385.56982421875,4355.080078125,4362.41015625,3712660000,0.0015691842194003325,4407.39599609375,4444.25779296875,34.98635387027467,0.010364347905144743,0
2021-09-30,4307.5400390625,4382.5498046875,4306.240234375,4370.669921875,4448140000,-0.011909714125195148,4390.775,4443.234794921875,33.68478237937509,0.010748320956156025,1
2021-10-01,4357.0400390625,4375.18994140625,4288.52001953125,4317.16015625,4010370000,0.01149147763018199,4383.17998046875,4443.02599609375,38.880619579240665,0.01154648762449149,0
2021-10-04,4300.4599609375,4355.509765625,4278.93994140625,4348.83984375,4307870000,-0.012985898136748442,4377.452978515625,4440.79939453125,36.6271252880427,0.011015172344548808,1
2021-10-05,4345.72021484375,4369.22998046875,4309.8701171875,4309.8701171875,3902890000,0.010524514660609219,4376.606005859375,4439.267802734375,37.518973991297024,0.011633249461576558,1
2021-10-06,4363.5498046875,4365.56982421875,4290.490234375,4319.56982421875,4009630000,0.004102792854185466,4373.39697265625,4438.509599609375,40.011224039981656,0.011253746162907962,1
2021-10-07,4399.759765625,4429.97021484375,4383.72998046875,4383.72998046875,3843740000,0.008298280656405366,4368.474951171875,4438.4919921875,46.962870403427345,0.010825784539116009,0
2021-10-08,4391.33984375,4412.02001953125,4386.22021484375,4406.509765625,3280160000,-0.0019137230947889883,4362.0609375,4437.935791015625,53.499350795263084,0.010791048249432026,0
2021-10-11,4361.18994140625,4415.8798828125,4360.58984375,4385.43994140625,3281970000,-0.006865763848056816,4353.8689453125,4437.25439453125,50.690553444674805,0.01092580091446901,0
2021-10-12,4350.64990234375,4374.89013671875,4342.08984375,4368.31005859375,3558450000,-0.0024167805585421087,4353.670947265625,4436.524189453125,45.27343685877969,0.008807142176818127,1
2021-10-13,4363.7998046875,4372.8701171875,4329.919921875,4358.009765625,3620070000,0.00302251448379387,4354.104931640625,4435.3371875,40.22579687246119,0.008848003671193734,1
2021-10-14,4438.259765625,4439.72998046875,4386.75,4386.75,3598280000,0.01706310194558336,4367.176904296875,4436.0491796875,48.29062687516298,0.00920230004567653,1
2021-10-15,4471.3701171875,4475.81982421875,4447.68994140625,4447.68994140625,3819380000,0.007460210377712606,4378.609912109375,4436.894580078125,52.69432700248498,0.008872945931238633,1
2021-10-18,4486.4599609375,4488.75,4447.47021484375,4463.72021484375,3662010000,0.00337476955709759,4397.209912109375,4437.89337890625,64.90147381515223,0.006980361065317754,1
2021-10-19,4519.6298828125,4520.39990234375,4496.41015625,4497.33984375,3459130000,0.007393339551406308,4414.60087890625,4439.638974609375,66.84617265031358,0.006734269508101272,1
2021-10-20,4536.18994140625,4540.8701171875,4524.39990234375,4524.419921875,3670760000,0.0036640298040166996,4431.864892578125,4441.6277734375,75.98118468986807,0.006734606306383158,1
2021-10-21,4549.77978515625,4551.43994140625,4526.89013671875,4532.240234375,3822330000,0.002995871849622578,4446.86689453125,4443.775166015625,73.84686764849808,0.006556931329347333,0
2021-10-22,4544.89990234375,4559.669921875,4524.0,4546.1201171875,3758220000,-0.0010725536274130976,4462.222900390625,4445.4565625,84.68025853648399,0.006486523487527461,1
2021-10-25,4566.47998046875,4572.6201171875,4537.35986328125,4553.68994140625,3899400000,0.004748196569493546,4482.751904296875,4447.426162109375,83.57672690112854,0.0053767090124590385,1
2021-10-26,4574.7900390625,4598.52978515625,4569.169921875,4578.68994140625,3879740000,0.0018197952535197182,4505.16591796875,4449.327763671875,83.08696436929647,0.0049067221419886,0
2021-10-27,4551.68017578125,4584.56982421875,4551.66015625,4580.22021484375,4226050000,-0.005051568068462853,4523.953955078125,4451.399765625,74.81389558373861,0.005850409146406479,1
2021-10-28,4596.419921875,4597.5498046875,4562.83984375,4562.83984375,4132950000,0.009829281576461124,4539.769970703125,4455.322763671875,79.94399101118469,0.0043411972191080795,1
2021-10-29,4605.3798828125,4608.080078125,4567.58984375,4572.8701171875,4510200000,0.001949334719149265,4553.170947265625,4459.314365234375,88.00627432860276,0.004129516010338702,1
2021-11-01,4613.669921875,4620.33984375,4595.06005859375,4610.6201171875,3971540000,0.0018000771431341267,4565.891943359375,4462.754365234375,91.22577149320921,0.004142160566823302,1
2021-11-02,4630.64990234375,4635.14990234375,4613.33984375,4613.33984375,3975250000,0.0036803630854131963,4576.9939453125,4465.776767578125,91.32986969772595,0.0038408822947938654,1
2021-11-03,4660.56982421875,4663.4599609375,4621.18994140625,4630.64990234375,4319660000,0.006461279195357994,4589.43193359375,4469.263564453125,89.94222168415105,0.004037080406990929,1
2021-11-04,4680.06005859375,4683.0,4662.58984375,4662.93017578125,4462300000,0.004181942361150437,4602.4599609375,4472.940966796875,89.42463974260345,0.004063552467568121,1
2021-11-05,4697.52978515625,4718.5,4681.31982421875,4699.259765625,4467180000,0.003732799652949259,4617.72294921875,4477.4915625,89.51888494963586,0.0038274412195991817,1
2021-11-08,4701.7001953125,4714.919921875,4694.39013671875,4701.47998046875,4269710000,0.0008877879113036169,4631.244970703125,4481.3381640625,88.2420629874099,0.0038613749205410105,0
2021-11-09,4685.25,4708.52978515625,4670.8701171875,4707.25,4117080000,-0.003498775895770745,4642.290966796875,4484.46736328125,81.32304263689178,0.004364635110639891,0
2021-11-10,4646.7099609375,4684.85009765625,4630.85986328125,4670.259765625,4503720000,-0.008225823395229703,4651.7939453125,4486.947958984375,68.43549115061506,0.005031098606122042,1
2021-11-11,4649.27001953125,4664.5498046875,4648.31005859375,4659.39013671875,3926870000,0.0005509400447352153,4657.078955078125,4489.4515625,70.02724642460949,0.004235855663606954,1
2021-11-12,4682.85009765625,4688.47021484375,4650.77001953125,4655.240234375,3728600000,0.007222656026415475,4664.8259765625,4492.369560546875,71.34680701653816,0.004653775865887752,0
2021-11-15,4682.7998046875,4697.419921875,4672.85986328125,4689.2998046875,3488410000,-1.0739820344718431e-05,4671.73896484375,4495.316953125,70.43236013508022,0.0046836891809873115,1
2021-11-16,4700.89990234375,4714.9501953125,4679.419921875,4679.419921875,3972640000,0.003865229864862485,4678.76396484375,4498.93435546875,78.77348186981214,0.004693613394891785,0
2021-11-17,4688.669921875,4701.5,4684.41015625,4701.5,3969070000,-0.002601625374463401,4681.573974609375,4502.426357421875,70.33810725389047,0.004503933013094937,1
2021-11-18,4704.5400390625,4708.7998046875,4672.77978515625,4700.72021484375,4226410000,0.0033847802152713324,4684.02197265625,4506.6515625,71.2151602523923,0.004440301537166849,0
2021-11-19,4697.9599609375,4717.75,4694.22021484375,4708.43994140625,4253180000,-0.001398665559303236,4684.064990234375,4511.43916015625,68.16664491768361,0.00432412548226195,0
2021-11-22,4682.93994140625,4743.830078125,4682.169921875,4712.0,4441100000,-0.0031971365563219223,4682.18896484375,4515.723359375,61.3658555223475,0.004424565279561625,1
2021-11-23,4690.7001953125,4699.39013671875,4652.66015625,4678.47998046875,4277590000,0.001657132912945114,4682.733984375,4520.6763671875,57.247352139077,0.0043213728957332545,1
2021-11-24,4701.4599609375,4702.8701171875,4659.89013671875,4675.77978515625,3418430000,0.0022938506357221833,4688.208984375,4525.0915625,55.37304979146285,0.003196813032926518,0
2021-11-26,4594.6201171875,4664.6298828125,4585.43017578125,4664.6298828125,3517700000,-0.022724822637582465,4682.743994140625,4527.50896484375,32.1653965078672,0.008223873980818138,1
2021-11-29,4655.27001953125,4672.9501953125,4625.259765625,4628.75,4336410000,0.013200199537034996,4679.985986328125,4531.954560546875,43.2708080635094,0.009073489166226292,0
2021-11-30,4567.0,4646.02001953125,4560.0,4640.25,6625990000,-0.01896131033450521,4668.406005859375,4536.1399609375,35.81489829293322,0.010768299524401078,0
2021-12-01,4513.0400390625,4652.93994140625,4510.27001953125,4602.81982421875,5366730000,-0.011815187417889228,4649.62001953125,4539.316962890625,34.53719351835953,0.01088780575774368,1
2021-12-02,4577.10009765625,4595.4599609375,4504.72998046875,4504.72998046875,5077180000,0.01419443613158311,4638.463037109375,4542.946162109375,42.69136437359073,0.012330256112808954,0
2021-12-03,4538.43017578125,4608.02978515625,4495.1201171875,4589.490234375,5240070000,-0.008448563730297565,4621.85205078125,4544.735166015625,35.52385315353412,0.012287908859127948,1
2021-12-06,4591.669921875,4612.60009765625,4540.509765625,4548.3701171875,4770800000,0.011730872577451423,4611.223046875,4547.45896484375,41.745627660289635,0.013206837835642946,1
2021-12-07,4686.75,4694.0400390625,4631.97021484375,4631.97021484375,4492400000,0.020707080374404274,4611.604052734375,4552.331767578125,48.875188154367706,0.015043349100189108,1
2021-12-08,4701.2099609375,4705.06005859375,4674.52001953125,4690.85986328125,4234600000,0.0030852853123166657,4612.655029296875,4559.303369140625,50.99331805826085,0.015065657584917186,0
2021-12-09,4667.4501953125,4695.259765625,4665.97998046875,4691.0,3903840000,-0.007181080169894716,4609.254052734375,4565.463173828125,47.14302048479888,0.015225257593125704,1
2021-12-10,4712.02001953125,4713.56982421875,4670.240234375,4687.64013671875,3870110000,0.009549073338481762,4620.99404296875,4573.5527734375,51.0231463090339,0.013320773863642936,0
2021-12-13,4668.97021484375,4710.2998046875,4667.60009765625,4710.2998046875,4397230000,-0.009136167611567658,4622.3640625,4579.791376953125,49.023272137344115,0.013219265623003424,0
2021-12-14,4634.08984375,4660.47021484375,4606.52001953125,4642.990234375,4485430000,-0.0074706775774360246,4629.073046875,4586.463974609375,46.186566113598474,0.011772179498552625,1
2021-12-15,4709.85009765625,4712.60009765625,4611.22021484375,4636.4599609375,4910130000,0.016348464630746795,4648.754052734375,4593.746572265625,50.51967431363855,0.011594586904237338,0
2021-12-16,4668.669921875,4731.990234375,4651.89013671875,4719.1298828125,4829500000,-0.008743415379980468,4657.91103515625,4599.848974609375,54.99263880914631,0.011696455988356695,0
2021-12-17,4620.64013671875,4666.7001953125,4600.22021484375,4652.5,7987090000,-0.010287680637092622,4666.13203125,4604.26658203125,47.624737931450234,0.011892585381211058,0
2021-12-20,4568.02001953125,4587.89990234375,4531.10009765625,4587.89990234375,4635700000,-0.01138805785140995,4663.767041015625,4607.800185546875,50.0735605340868,0.012007122027763764,1
2021-12-21,4649.22998046875,4651.14013671875,4583.16015625,4594.9599609375,4072430000,0.017777934551572505,4660.0150390625,4613.560986328125,59.45015575374037,0.011456712302683292,1
2021-12-22,4696.56005859375,4697.669921875,4645.52978515625,4650.35986328125,3319610000,0.010180197220578835,4659.550048828125,4620.479189453125,58.486302814360954,0.011930149307240965,1
2021-12-23,4725.7900390625,4740.740234375,4703.9599609375,4703.9599609375,2913040000,0.006223699921661829,4665.384033203125,4627.718994140625,63.49077546301993,0.011790278439799863,1
2021-12-27,4791.18994140625,4791.490234375,4733.990234375,4733.990234375,2770290000,0.01383893524747526,4673.301025390625,4634.77759765625,64.11911253010466,0.012194660012405352,0
2021-12-28,4786.35009765625,4807.02001953125,4780.0400390625,4795.490234375,2707920000,-0.0010101548486260992,4685.039013671875,4641.077197265625,58.08022829563398,0.011648314019442385,1
2021-12-29,4793.06005859375,4804.06005859375,4778.080078125,4788.64013671875,2963310000,0.0014018951394270118,4700.93603515625,4647.20919921875,57.546389419994846,0.011126721895012494,0
2021-12-30,4778.72998046875,4808.93017578125,4775.330078125,4794.22998046875,3124950000,-0.0029897555945093135,4707.8240234375,4652.391201171875,59.44425428014709,0.010281196728908752,0
2021-12-31,4766.18017578125,4786.830078125,4765.75,4775.2099609375,2677820000,-0.0026261799136575448,4717.575048828125,4656.991005859375,54.86072523492921,0.009773424277570154,1
2022-01-03,4796.56005859375,4796.64013671875,4758.169921875,4778.14013671875,3831020000,0.006374052530970564,4735.167041015625,4661.926611328125,61.71731086226967,0.008796004768667686,0
2022-01-04,4793.5400390625,4818.6201171875,4774.27001953125,4804.509765625,4683170000,-0.000629621957060511,4757.71904296875,4666.8994140625,65.55339003071109,0.007258444914497241,0
2022-01-05,4700.580078125,4797.7001953125,4699.43994140625,4787.990234375,4887960000,-0.019392757790687165,4762.854052734375,4669.581416015625,49.125122464421956,0.009170507053463521,0
2022-01-06,4696.0498046875,4725.009765625,4671.259765625,4693.39013671875,4295280000,-0.0009637690162076495,4762.80302734375,4672.006611328125,52.77607802366454,0.008609423154802306,0
2022-01-07,4677.02978515625,4707.9501953125,4662.740234375,4697.66015625,4181510000,-0.004050216740091761,4757.927001953125,4674.513603515625,56.07477028798428,0.008397612553553008,0
2022-01-10,4670.2900390625,4673.02001953125,4582.240234375,4655.33984375,4511810000,-0.0014410312534549607,4745.83701171875,4675.991005859375,62.22595803052856,0.006592811392065576,1
2022-01-11,4713.06982421875,4714.1298828125,4638.27001953125,4669.14013671875,4101590000,0.009159984668711818,4738.508984375,4678.1448046875,58.403974957255066,0.007566337092307325,1
2022-01-12,4726.35009765625,4748.830078125,4706.7099609375,4728.58984375,4048220000,0.002817754443029452,4731.83798828125,4680.398408203125,54.30778833444423,0.007639889662184795,0
2022-01-13,4659.02978515625,4744.1298828125,4650.2900390625,4733.56005859375,4251730000,-0.0142436152864307,4719.86796875,4680.966005859375,41.30408512424553,0.008664481484423767,1
2022-01-14,4662.85009765625,4665.1298828125,4614.75,4637.990234375,4338490000,0.0008199802697488323,4709.5349609375,4681.011611328125,30.08878384315865,0.008727190778219132,0
2022-01-18,4577.10986328125,4632.240234375,4568.7001953125,4632.240234375,4748700000,-0.018387945694007368,4687.58994140625,4678.952607421875,24.051305900105845,0.009515639911375615,0
2022-01-19,4532.759765625,4611.5498046875,4530.2001953125,4588.02978515625,4465740000,-0.009689541868338813,4661.5119140625,4675.65720703125,20.475497922576523,0.00952361968497255,0
2022-01-20,4482.72998046875,4602.10986328125,4477.9501953125,4547.35009765625,4640870000,-0.01103737849414832,4639.726904296875,4671.277802734375,18.94152558524624,0.008482575774917844,0
2022-01-21,4397.93994140625,4494.52001953125,4395.33984375,4471.3798828125,5589100000,-0.018914821867908604,4609.91591796875,4665.5316015625,16.448015859598414,0.00944815023100948,1
2022-01-24,4410.1298828125,4417.35009765625,4222.6201171875,4356.31982421875,6928110000,0.002771738943381896,4583.225927734375,4660.8,13.583542930345686,0.009880803092650705,0
2022-01-25,4356.4501953125,4411.009765625,4287.10986328125,4366.64013671875,5145050000,-0.012171906253646725,4551.841943359375,4654.943603515625,12.399610201955724,0.009935608862392297,0
2022-01-26,4349.93017578125,4453.22998046875,4304.7998046875,4408.43017578125,5570640000,-0.0014966358477518371,4515.527978515625,4648.285205078125,14.565823013408263,0.008489396041260625,0
2022-01-27,4326.509765625,4428.740234375,4309.5,4380.580078125,5214200000,-0.00538408875771057,4475.5439453125,4641.159404296875,14.03017819086746,0.0076918993928523985,1
2022-01-28,4431.85009765625,4432.72021484375,4292.4599609375,4336.18994140625,5031090000,0.024347646888076113,4452.8259765625,4635.778408203125,29.56839262956929,0.012695762393662728,1
2022-01-31,4515.5498046875,4516.89013671875,4414.02001953125,4431.7900390625,5098610000,0.018885951732779516,4438.095947265625,4632.316005859375,38.570962827895805,0.01472553848734452,1
2022-02-01,4546.5400390625,4550.490234375,4483.52978515625,4519.56982421875,4816830000,0.00686300355780145,4435.03896484375,4629.156005859375,37.48218966710735,0.01395923125864401,1
2022-02-02,4589.3798828125,4595.31005859375,4544.31982421875,4566.39013671875,4481580000,0.00942251544733641,4440.7009765625,4626.984404296875,40.142211639088586,0.013881963636400077,0
2022-02-03,4477.43994140625,4542.8798828125,4470.39013671875,4535.41015625,4401970000,-0.024391082077444004,4440.17197265625,4622.874404296875,37.719638882835035,0.01572377103280078,1
2022-02-04,4500.52978515625,4539.66015625,4451.5,4482.7900390625,4706290000,0.0051569298644233985,4450.43095703125,4619.07099609375,39.30160769386234,0.014284168090533764,0
2022-02-07,4483.8701171875,4521.85986328125,4471.47021484375,4505.75,4228480000,-0.0037017126347429485,4457.80498046875,4614.71919921875,43.23898491478051,0.014411586950809036,1
2022-02-08,4521.5400390625,4531.31982421875,4465.39990234375,4480.02001953125,4459620000,0.008401207191663262,4474.31396484375,4613.25759765625,49.17847458984509,0.013651260959303815,1
2022-02-09,4587.18017578125,4590.02978515625,4547.0,4547.0,4524350000,0.014517207887505545,4498.03896484375,4611.89580078125,57.47707390458774,0.013896602167078857,0
2022-02-10,4504.080078125,4588.919921875,4484.31005859375,4553.240234375,5314860000,-0.01811572566845976,4515.79599609375,4610.63740234375,57.61647646644546,0.015487710850610322,0
2022-02-11,4418.64013671875,4526.330078125,4401.41015625,4506.27001953125,5251500000,-0.01896945434456343,4514.475,4608.749404296875,50.552592514620926,0.015263470041006987,0
2022-02-14,4401.669921875,4426.22021484375,4364.83984375,4412.60986328125,4600390000,-0.0038405967262932217,4503.08701171875,4605.24080078125,53.083217919352265,0.013721051762373397,1
2022-02-15,4471.06982421875,4472.77001953125,4429.27978515625,4429.27978515625,4430830000,0.01576672117072042,4495.539990234375,4603.89359375,57.607361135471336,0.01465103510191037,1
2022-02-16,4475.009765625,4489.5498046875,4429.68017578125,4455.75,4283640000,0.0008812077558950637,4484.102978515625,4601.560390625,59.55943276072123,0.01418003630718999,0
2022-02-17,4380.259765625,4456.06005859375,4373.81005859375,4456.06005859375,4539420000,-0.021173138152195015,4474.3849609375,4595.4305859375,46.633053606903104,0.013652994893691631,0
2022-02-18,4348.8701171875,4394.60009765625,4327.22021484375,4384.56982421875,4708060000,-0.0071661613961429005,4459.218994140625,4588.3837890625,38.32479878952215,0.013479469496999876,0
2022-02-22,4304.759765625,4362.1201171875,4267.10986328125,4332.740234375,5121900000,-0.010142945264832837,4441.307958984375,4581.12998046875,33.3699854645305,0.013651473622487935,0
2022-02-23,4225.5,4341.509765625,4221.509765625,4324.93017578125,4797430000,-0.018412122845487655,4411.703955078125,4571.399580078125,26.165886296182578,0.013581594970001836,1
2022-02-24,4288.7001953125,4294.72998046875,4114.64990234375,4155.77001953125,6752130000,0.014956856067329216,4381.85595703125,4563.7941796875,36.79439113765859,0.01365827928576752,1
2022-02-25,4384.64990234375,4385.33984375,4286.830078125,4298.3798828125,5177060000,0.022372677655603468,4369.912939453125,4558.805380859375,42.64235551769081,0.015718192861936615,0
2022-02-28,4373.93994140625,4388.83984375,4315.1201171875,4354.169921875,6071370000,-0.002442603440647617,4365.442919921875,4552.087177734375,42.96698744762031,0.014634069185872465,0
2022-03-01,4306.259765625,4378.4501953125,4279.5400390625,4363.14013671875,5846230000,-0.015473503680411893,4355.901904296875,4544.838974609375,36.736312253539936,0.015337483914504953,1
2022-03-02,4386.5400390625,4401.47998046875,4322.56005859375,4322.56005859375,5337870000,0.018642691757321028,4347.44892578125,4540.15697265625,37.85736195321915,0.015731292523976814,0
2022-03-03,4363.490234375,4416.77978515625,4345.56005859375,4401.31005859375,5039890000,-0.005254666430088317,4336.29697265625,4536.066376953125,40.82467301537124,0.01573494252971682,0
2022-03-04,4328.8701171875,4342.1201171875,4284.97998046875,4342.1201171875,5797380000,-0.007934042550334475,4331.1580078125,4529.6591796875,43.725097357939326,0.014488345191140154,0
2022-03-07,4201.08984375,4327.009765625,4199.85009765625,4327.009765625,6940470000,-0.029518158313449172,4316.37998046875,4519.749775390625,37.86011416790886,0.017031653638755577,0
2022-03-08,4170.7001953125,4276.93994140625,4157.8701171875,4202.66015625,7243120000,-0.00723375351819977,4302.9740234375,4508.647978515625,30.919459727382304,0.016926694763227085,1
2022-03-09,4277.8798828125,4299.39990234375,4223.10009765625,4223.10009765625,5662670000,0.02569824789143582,4308.21201171875,4498.38177734375,38.92963613748988,0.018174210151329875,0
2022-03-10,4259.52001953125,4268.27978515625,4209.7998046875,4252.5498046875,4980830000,-0.004291813651667864,4305.293994140625,4487.84517578125,42.583184412134685,0.01758647671345127,0
2022-03-11,4204.31005859375,4291.009765625,4200.490234375,4279.5,4938640000,-0.012961545123475138,4287.260009765625,4476.07017578125,41.372430968432305,0.015943525053689324,0
2022-03-14,4173.10986328125,4247.56982421875,4161.72021484375,4202.75,5574920000,-0.007421002465963666,4267.177001953125,4463.9577734375,42.019956988941786,0.01596453508453384,1
2022-03-15,4262.4501953125,4271.0498046875,4187.89990234375,4188.81982421875,5392470000,0.021408574170870942,4262.796044921875,4453.883173828125,52.212718526203254,0.017365736701422385,1
2022-03-16,4357.85986328125,4358.89990234375,4251.990234375,4288.14013671875,6309750000,0.02238376135718223,4259.92802734375,4445.109169921875,53.9877124434737,0.017866280542311694,1
2022-03-17,4411.669921875,4412.669921875,4335.64990234375,4345.10986328125,4985090000,0.01234781757145198,4264.74599609375,4437.471767578125,51.6375372046488,0.01821095088104526,1
2022-03-18,4463.1201171875,4465.39990234375,4390.56982421875,4407.33984375,8278430000,0.011662294827948783,4278.17099609375,4432.722568359375,55.1503967396791,0.018167437535281012,0
2022-03-21,4461.18017578125,4481.75,4424.2998046875,4462.39990234375,4869820000,-0.00043466036210393355,4304.180029296875,4428.02517578125,59.68228334129822,0.014252551708547678,1
2022-03-22,4511.60986328125,4522.0,4469.10009765625,4469.10009765625,4754840000,0.0113041136006502,4338.27099609375,4424.71677734375,58.11963048410994,0.013509503375258735,0
2022-03-23,4456.240234375,4501.06982421875,4455.81005859375,4493.10009765625,4550670000,-0.012272698789159042,4356.10703125,4420.43578125,55.77889355508799,0.013307579071429744,1
2022-03-24,4520.16015625,4520.580078125,4465.169921875,4469.97998046875,4131390000,0.01434391292056647,4382.171044921875,4416.577587890625,61.49871089237242,0.013295402478178292,1
2022-03-25,4543.06005859375,4546.02978515625,4501.06982421875,4522.91015625,4305020000,0.005066170567449069,4416.046044921875,4412.911787109375,73.52222630480503,0.011539504571117923,1
2022-03-28,4575.52001953125,4575.64990234375,4517.68994140625,4541.08984375,4312260000,0.007144955276586762,4456.287060546875,4411.241591796875,77.76621974360812,0.010246103881913163,1
2022-03-29,4631.60009765625,4637.2998046875,4589.66015625,4602.85986328125,5085910000,0.012256547427530462,4493.20205078125,4410.616591796875,76.09020260074033,0.009419292792867113,0
2022-03-30,4602.4501953125,4627.77001953125,4581.31982421875,4624.2001953125,4385570000,-0.0062937001746978805,4517.661083984375,4411.1233984375,74.89802502135927,0.00903999051007294,0
2022-03-31,4530.41015625,4603.06982421875,4530.41015625,4599.02001953125,4823020000,-0.015652540713177343,4529.535107421875,4411.07640625,73.11129152037252,0.010843978603170164,1
2022-04-01,4545.85986328125,4548.7001953125,4507.56982421875,4540.31982421875,4562940000,0.0034102225843584133,4537.80908203125,4412.33900390625,77.02069791576703,0.010391792530827323,1
2022-04-04,4582.64013671875,4583.5,4539.2099609375,4547.97021484375,4547350000,0.008090938687879357,4549.955078125,4416.0330078125,75.12519512047467,0.010528956752473872,0
2022-04-05,4525.1201171875,4593.4501953125,4514.169921875,4572.4501953125,4800620000,-0.012551720801807331,4551.306103515625,4418.3328125,63.95465081699413,0.011061962127871786,0
2022-04-06,4481.14990234375,4503.93994140625,4450.0400390625,4494.169921875,4986830000,-0.009716916613271898,4553.7970703125,4420.826806640625,55.893533287000714,0.01076330507458049,1
2022-04-07,4500.2099609375,4521.16015625,4450.2998046875,4474.64990234375,4821490000,0.004253385628492534,4551.80205078125,4423.83240234375,53.32901502176394,0.009758792875740479,0
2022-04-08,4488.27978515625,4520.41015625,4474.60009765625,4494.14990234375,4083200000,-0.002651026482054286,4546.3240234375,4427.067802734375,52.38948523168965,0.009582102899417862,0
2022-04-11,4412.52978515625,4464.35009765625,4408.3798828125,4462.64013671875,4266290000,-0.01687729010355421,4530.025,4426.681396484375,41.63711656997974,0.010253327746526833,0
2022-04-12,4397.4501953125,4471.0,4381.33984375,4437.58984375,4152090000,-0.003417447717741773,4506.610009765625,4424.319404296875,44.67568189054374,0.008634891728302452,1
2022-04-13,4446.58984375,4453.919921875,4392.7001953125,4394.2998046875,3828150000,0.011174577597236057,4491.023974609375,4422.320400390625,43.15382448360157,0.010029921003248165,0
2022-04-14,4392.58984375,4460.4599609375,4390.77001953125,4449.1201171875,4083090000,-0.01214413784439794,4477.241943359375,4418.384599609375,36.76392896504862,0.009605869210941273,0
2022-04-18,4391.68994140625,4410.31005859375,4370.2998046875,4385.6298828125,3910490000,-0.0002048682840329885,4461.824951171875,4416.669599609375,32.878810479249964,0.009401884883795926,1
2022-04-19,4462.2099609375,4471.02978515625,4390.6298828125,4390.6298828125,4108120000,0.016057604355527166,4449.78193359375,4415.903203125,34.63691752558145,0.010728154994287293,0
2022-04-20,4459.4501953125,4488.2900390625,4448.759765625,4472.259765625,4290450000,-0.0006184750715809706,4443.21494140625,4415.4148046875,36.37834257679578,0.010147112464996142,0
2022-04-21,4393.66015625,4512.93994140625,4384.47021484375,4489.169921875,4636890000,-0.014752948498371943,4434.465966796875,4412.85720703125,36.816720862667275,0.010714078774059062,0
2022-04-22,4271.77978515625,4385.830078125,4267.6201171875,4385.830078125,4651940000,-0.027740054250753654,4411.62294921875,4406.54919921875,28.07640271090267,0.013163306799771136,1
2022-04-25,4296.1201171875,4299.02001953125,4200.81982421875,4255.33984375,5240040000,0.005697936985382235,4392.406982421875,4402.39,26.61596079340903,0.013594818949921079,0
2022-04-26,4175.2001953125,4278.14013671875,4175.0400390625,4278.14013671875,4689970000,-0.028146308431003852,4368.6740234375,4397.521201171875,24.119881837157735,0.01513467404648102,1
2022-04-27,4183.9599609375,4240.7099609375,4162.89990234375,4186.52001953125,4769680000,0.0020980468517017847,4347.325,4393.167001953125,26.81209278439279,0.015314761130621616,1
2022-04-28,4287.5,4308.4501953125,4188.6298828125,4222.580078125,4854180000,0.02474690007293945,4331.416015625,4389.49560546875,35.33660869483262,0.017358504859126902,0
2022-04-29,4131.93017578125,4269.68017578125,4124.27978515625,4253.75,5084030000,-0.036284507106413955,4305.350048828125,4382.634013671875,29.495372014511062,0.02014849270925765,1
2022-05-02,4155.3798828125,4169.81005859375,4062.510009765625,4130.60986328125,5163790000,0.005675242812353654,4281.71904296875,4378.136416015625,34.25578640798757,0.020417646146565067,1
2022-05-03,4175.47998046875,4200.10009765625,4147.080078125,4159.77978515625,4582050000,0.004837126381486367,4253.046044921875,4374.66861328125,36.4927301802554,0.01939458237964838,1
2022-05-04,4300.169921875,4307.66015625,4148.91015625,4181.18017578125,5136360000,0.02986242108440229,4237.118017578125,4374.57681640625,41.840353174356984,0.022551043743198523,0
2022-05-05,4146.8701171875,4270.43017578125,4106.009765625,4270.43017578125,5077030000,-0.035649708609806985,4212.439013671875,4373.00421875,37.671103332301094,0.024595408998687816,0
2022-05-06,4123.33984375,4157.68994140625,4067.909912109375,4128.169921875,5116940000,-0.0056742248424840325,4197.59501953125,4369.69701171875,36.83461103027522,0.023334997685778146,0
2022-05-09,3991.239990234375,4081.27001953125,3975.47998046875,4081.27001953125,5954520000,-0.03203710063235676,4167.107006835938,4361.828813476563,28.21055741913389,0.024730533145658897,1
2022-05-10,4001.050048828125,4068.820068359375,3958.169921875,4035.179931640625,5885820000,0.0024578974498534745,4149.6919921875,4354.371015625,28.929556797403322,0.02370306815213437,0
2022-05-11,3935.179931640625,4049.090087890625,3928.820068359375,3990.080078125,5816140000,-0.01646320750393837,4124.813989257813,4346.949418945313,28.9274272729823,0.023898701608057658,0
2022-05-12,3930.080078125,3964.800048828125,3858.8701171875,3903.949951171875,6286450000,-0.0012959645058717717,4089.0719970703126,4337.820219726563,32.406194579466415,0.021491407652510806,1
2022-05-13,4023.889892578125,4038.8798828125,3963.89990234375,3963.89990234375,5183340000,0.02386969542307149,4078.26796875,4331.028212890625,36.918914644907694,0.021254390582079213,0
2022-05-16,4008.010009765625,4046.4599609375,3983.989990234375,4013.02001953125,4415030000,-0.003946400929555671,4063.5309814453126,4324.611010742187,41.064213192339466,0.021063033043609125,1
2022-05-17,4088.85009765625,4090.719970703125,4033.929931640625,4052.0,4841410000,0.020169632234863677,4054.8679931640627,4322.366215820312,45.28032611871912,0.022253968466794262,0
2022-05-18,3923.679931640625,4051.97998046875,3911.909912109375,4051.97998046875,5103220000,-0.04039526078745259,4017.218994140625,4317.425810546875,32.98665174266695,0.022212832094612046,0
2022-05-19,3900.7900390625,3945.9599609375,3876.580078125,3899.0,5113550000,-0.005833781800992588,3992.610986328125,4309.884013671875,37.6598838497565,0.020125810346822662,1
2022-05-20,3901.360107421875,3943.419921875,3810.320068359375,3927.760009765625,5130730000,0.00014614176965843662,3970.4130126953123,4302.720815429688,36.09877854856479,0.020217496505033513,1
2022-05-23,3973.75,3981.8798828125,3909.0400390625,3919.419921875,4420030000,0.018555039930923556,3968.664013671875,4298.109614257813,39.557945977915,0.019091245155236723,0
2022-05-24,3941.47998046875,3955.679931640625,3875.1298828125,3942.93994140625,4923190000,-0.008120797617175213,3962.7070068359376,4293.477016601562,29.46893468881028,0.01921575420150123,1
2022-05-25,3978.72998046875,3999.330078125,3925.030029296875,3929.590087890625,4802560000,0.009450764734207695,3967.06201171875,4287.8026123046875,38.901347820789915,0.018688504048792225,1
2022-05-26,4057.840087890625,4075.139892578125,3984.60009765625,3984.60009765625,4709970000,0.019883256167224195,3979.8380126953125,4281.802216796875,45.97202108042746,0.019547044036295327,1
2022-05-27,4158.240234375,4158.490234375,4077.429931640625,4077.429931640625,4375620000,0.02474226295510973,3993.273046875,4276.733623046875,60.68650949506804,0.019650356758073268,0
2022-05-31,4132.14990234375,4168.33984375,4104.8798828125,4151.08984375,6822640000,-0.006274368617659065,4005.6870361328124,4270.11421875,58.21797997327934,0.019761392155486234,0
2022-06-01,4101.22998046875,4166.5400390625,4073.85009765625,4149.77978515625,4531800000,-0.007482768681131846,4006.9250244140626,4262.91521484375,60.885812612696824,0.019049896212068335,1
2022-06-02,4176.81982421875,4177.509765625,4074.3701171875,4095.409912109375,4405790000,0.018431018038486124,4032.239013671875,4256.2194140625,64.80710614978261,0.013220395222385894,0
2022-06-03,4108.5400390625,4142.669921875,4098.669921875,4137.56982421875,3711110000,-0.016347313992415624,4053.014013671875,4249.26541015625,55.240520716355284,0.014638886333635024,1
2022-06-06,4121.43017578125,4168.77978515625,4109.18017578125,4134.72021484375,4332700000,0.003137400778913113,4075.0210205078124,4241.290810546875,57.04770397304035,0.014552215506646298,1
2022-06-07,4160.68017578125,4164.85986328125,4080.18994140625,4096.47021484375,4248210000,0.009523393173235029,4093.7140380859373,4233.643212890625,54.70664871561229,0.01392543477337062,0
2022-06-08,4115.77001953125,4160.14013671875,4107.2001953125,4147.1201171875,4159470000,-0.010793945785935621,4111.143041992187,4224.448212890625,64.94142883783255,0.014221282874192267,0
2022-06-09,4017.820068359375,4119.10009765625,4017.169921875,4101.64990234375,4134170000,-0.02379869397635359,4115.05205078125,4212.172612304687,58.15119522975979,0.016603550202796472,0
2022-06-10,3900.860107421875,3974.389892578125,3900.159912109375,3974.389892578125,4889640000,-0.029110303335524668,4099.354052734375,4198.140810546875,49.97003333206521,0.017641850711206806,0
2022-06-13,3749.6298828125,3838.14990234375,3734.300048828125,3838.14990234375,5636890000,-0.038768430665237275,4058.493017578125,4182.525205078125,37.727523087864896,0.01765793028314105,0
2022-06-14,3735.47998046875,3778.179931640625,3705.679931640625,3763.52001953125,5153890000,-0.0037736797459957394,4018.826025390625,4166.317607421875,38.49136896318443,0.0177364224069324,1
2022-06-15,3789.989990234375,3837.56005859375,3722.300048828125,3764.050048828125,5530480000,0.014592504858983224,3987.7020263671875,4150.464604492187,39.65514057535093,0.01936910630187704,0
2022-06-16,3666.77001953125,3728.179931640625,3639.77001953125,3728.179931640625,5644930000,-0.03251195148816344,3936.6970458984374,4133.297602539063,29.55403729847589,0.018410991775666394,1
2022-06-17,3674.840087890625,3707.7099609375,3636.8701171875,3665.89990234375,8520740000,0.002200865698254617,3893.32705078125,4117.17140625,22.02611056654837,0.01893898959150887,1
2022-06-21,3764.7900390625,3779.64990234375,3715.31005859375,3715.31005859375,5292260000,0.024477242280086964,3857.663037109375,4102.4630078125,30.20434163483833,0.02170105532895735,0
2022-06-22,3759.889892578125,3801.7900390625,3717.68994140625,3733.889892578125,5058990000,-0.0013015723144006452,3817.5840087890624,4087.8952099609373,31.07577410944556,0.020942418466534676,1
2022-06-23,3795.72998046875,3802.580078125,3743.52001953125,3774.7099609375,5098640000,0.009532217409177868,3785.5800048828123,4075.5592138671873,27.897850138366408,0.021812072830973507,1
2022-06-24,3911.739990234375,3913.64990234375,3821.75,3821.75,8120260000,0.03056329358583576,3774.9719970703127,4065.845009765625,39.184915798317384,0.024053600087131807,0
2022-06-27,3900.110107421875,3927.719970703125,3889.659912109375,3920.760009765625,4325310000,-0.0029730715337762392,3774.8969970703124,4054.9154150390623,37.82055571006128,0.022176753302345465,0
2022-06-28,3821.550048828125,3945.860107421875,3820.139892578125,3913.0,4270120000,-0.020143036075892073,3782.089013671875,4043.494619140625,32.11132142486437,0.01911004998508455,0
2022-06-29,3818.830078125,3836.5,3799.02001953125,3825.090087890625,4211240000,-0.0007117454091590814,3790.4240234375,4032.037421875,33.60716145678899,0.01903044589096694,0
2022-06-30,3785.3798828125,3818.989990234375,3738.669921875,3785.989990234375,4840070000,-0.008759278267998716,3789.9630126953125,4018.5008203125,36.184019013471556,0.018795617239917746,1
2022-07-01,3825.330078125,3829.820068359375,3752.10009765625,3781.0,4046950000,0.010553814029047315,3805.8190185546873,4005.81841796875,45.05816860349027,0.015074461983631195,1
2022-07-05,3831.389892578125,3832.18994140625,3742.06005859375,3792.610107421875,5076590000,0.0015841285142366157,3821.4739990234375,3994.5730126953126,56.60398492293651,0.015085461395534915,1
2022-07-06,3845.080078125,3870.909912109375,3809.3701171875,3831.97998046875,4417720000,0.0035731642904301975,3829.5030029296877,3986.0390185546876,58.85928614506336,0.013321266324482484,1
2022-07-07,3902.6201171875,3910.6298828125,3858.85009765625,3858.85009765625,4057770000,0.014964587965241805,3843.776025390625,3978.1690185546877,59.05983224896751,0.013830671120061248,0
2022-07-08,3899.3798828125,3918.5,3869.340087890625,3888.260009765625,3521620000,-0.000830271529819071,3854.141015625,3972.6526123046874,73.18628753654,0.013742924025771708,0
2022-07-11,3854.429931640625,3880.93994140625,3847.219970703125,3880.93994140625,3423480000,-0.011527461422777274,3848.410009765625,3966.06201171875,66.6752959887707,0.010304380092106047,0
2022-07-12,3818.800048828125,3873.409912109375,3802.360107421875,3851.949951171875,3817210000,-0.009243878717321574,3840.27900390625,3956.6880126953124,55.577579856017884,0.010595618784402782,0
2022-07-13,3801.780029296875,3829.43994140625,3759.070068359375,3779.669921875,4109390000,-0.0044569025122100925,3838.302001953125,3950.085009765625,54.22032402501763,0.008591723402297129,0
2022-07-14,3790.3798828125,3796.409912109375,3721.56005859375,3763.989990234375,4199690000,-0.00299863390215227,3835.456982421875,3942.785009765625,49.433072903192425,0.008628773554410642,1
2022-07-15,3863.159912109375,3863.6201171875,3817.179931640625,3818.0,4143800000,0.01920124935943668,3843.2349853515625,3936.5386083984376,44.33297448779071,0.010131453951386584,0
2022-07-18,3830.85009765625,3902.43994140625,3818.6298828125,3883.7900390625,4046870000,-0.008363571580831342,3843.7869873046875,3927.1522119140627,42.292463056997775,0.010139954228742273,1
2022-07-19,3936.68994140625,3939.81005859375,3860.72998046875,3860.72998046875,4041070000,0.02762829164595959,3854.3169921875,3922.9486083984375,62.0797992698019,0.013368461645710518,1
2022-07-20,3959.89990234375,3974.1298828125,3922.030029296875,3935.320068359375,4185300000,0.005895806193263242,3865.798974609375,3919.6798095703125,64.19012770137525,0.013403620926458722,1
2022-07-21,3998.949951171875,3999.2900390625,3927.639892578125,3955.469970703125,4132790000,0.00986137270919718,3875.4319580078127,3919.8340087890624,71.24355917640996,0.012989359098343582,0
2022-07-22,3961.6298828125,4012.43994140625,3938.860107421875,3998.429931640625,3979240000,-0.00933246697634671,3881.6569580078126,3919.04560546875,63.628889092865606,0.013500951221286452,1
2022-07-25,3966.840087890625,3975.300048828125,3943.4599609375,3965.719970703125,3568340000,0.0013151670479691902,3892.8979736328124,3919.67880859375,63.56698639007299,0.012693102812338306,0
2022-07-26,3921.050048828125,3953.219970703125,3910.739990234375,3953.219970703125,3778950000,-0.01154320266205866,3903.1229736328123,3919.4982080078125,57.14957275758043,0.012956638134111206,1
2022-07-27,4023.610107421875,4039.56005859375,3951.429931640625,3951.429931640625,4112180000,0.026156273782937722,3925.3059814453127,3919.4926123046876,60.496948402650716,0.014586375152209969,1
2022-07-28,4072.429931640625,4078.949951171875,3992.969970703125,4026.1298828125,4413000000,0.012133338697180918,3953.510986328125,3920.7810107421874,63.91323857272576,0.014357353935976905,1
2022-07-29,4130.2900390625,4140.14990234375,4079.219970703125,4087.330078125,4616360000,0.014207760082581844,3980.2239990234375,3921.6098095703123,71.72811012941222,0.013979106426285826,0
2022-08-01,4118.6298828125,4144.9501953125,4096.02001953125,4112.3798828125,4202810000,-0.0028230841271976725,4009.0019775390624,3925.50880859375,74.54280862091775,0.013409716962962427,0
2022-08-02,4091.18994140625,4140.47021484375,4079.81005859375,4104.2099609375,4727710000,-0.006662395550704803,4024.4519775390627,3929.316806640625,73.2925391047303,0.011953300221343149,1
2022-08-03,4155.169921875,4167.66015625,4107.9599609375,4107.9599609375,4351760000,0.015638477163140152,4043.9789794921876,3934.3930029296876,77.0683998017397,0.012515957420686815,0
2022-08-04,4151.93994140625,4161.2900390625,4135.419921875,4154.85009765625,4283320000,-0.0007773401640558397,4059.277978515625,3937.9568017578126,73.89455345999869,0.012499056471295227,0
2022-08-05,4145.18994140625,4151.580078125,4107.31005859375,4115.8701171875,4085940000,-0.0016257460597355333,4077.633984375,3942.0310009765626,77.15818764295881,0.01181615503649797,0
2022-08-08,4140.06005859375,4186.6201171875,4128.97021484375,4155.93017578125,4221090000,-0.0012375507238541195,4094.9559814453123,3945.2576025390626,71.27256847793333,0.011922149040975742,0
2022-08-09,4122.47021484375,4137.2998046875,4112.08984375,4133.10986328125,3913090000,-0.004248692893594086,4115.097998046875,3946.550205078125,67.20720860401775,0.011031823713194746,1
2022-08-10,4210.240234375,4211.02978515625,4177.259765625,4181.02001953125,4546010000,0.021290637641290244,4133.761010742188,3947.590205078125,70.27309393867415,0.010063577405525107,0
2022-08-11,4207.27001953125,4257.91015625,4201.41015625,4227.39990234375,4630200000,-0.0007054739583503,4147.24501953125,3949.092607421875,75.23214814146064,0.009810001048851444,1
2022-08-12,4280.14990234375,4280.47021484375,4219.77978515625,4225.02001953125,3788010000,0.017322368774566943,4162.231005859375,3952.671005859375,78.25513167425896,0.010234838925548835,1
2022-08-15,4297.14013671875,4301.7900390625,4256.89990234375,4269.3701171875,3696830000,0.0039695418998517695,4180.08203125,3955.077412109375,85.77516475993053,0.00998221387997815,1
2022-08-16,4305.2001953125,4325.27978515625,4277.77001953125,4290.4599609375,4329820000,0.0018756797165810912,4201.483056640625,3959.010615234375,82.6572037403966,0.009281262224130093,0
2022-08-17,4274.0400390625,4302.18017578125,4253.080078125,4280.39990234375,3885030000,-0.007237794954094601,4213.370068359375,3962.0628125,74.38023116779593,0.009227989329884195,1
2022-08-18,4283.740234375,4292.52978515625,4261.97998046875,4273.1298828125,3340330000,0.002269561170191503,4226.55009765625,3964.524013671875,71.0027053181422,0.009144375803034472,0
2022-08-19,4228.47998046875,4266.31005859375,4218.7001953125,4266.31005859375,3761340000,-0.012900001139847905,4234.8791015625,3966.778212890625,63.432041831801094,0.01040859374466163,0
2022-08-22,4137.990234375,4195.080078125,4129.85986328125,4195.080078125,3907430000,-0.0214000649197158,4234.672119140625,3969.1816162109376,54.95807361042858,0.012793592435177093,0
2022-08-23,4128.72998046875,4159.77001953125,4124.02978515625,4133.08984375,3823520000,-0.0022378626777133093,4235.298095703125,3973.739013671875,46.83157228303037,0.012734648909426919,1
2022-08-24,4140.77001953125,4156.56005859375,4119.97021484375,4126.5498046875,3583630000,0.0029161604463010526,4228.35107421875,3981.56181640625,48.6891325674573,0.010484105080362627,1
2022-08-25,4199.1201171875,4200.5400390625,4147.58984375,4153.259765625,3566870000,0.014091605518061545,4227.536083984375,3990.834619140625,55.64535502423256,0.011610137101397912,0
2022-08-26,4057.659912109375,4203.0400390625,4057.659912109375,4198.740234375,3832750000,-0.03368805871951874,4205.287084960937,3996.188017578125,43.28968490182582,0.01404039815179357,0
2022-08-29,4030.610107421875,4062.989990234375,4017.419921875,4034.580078125,3396510000,-0.006666355799502699,4178.63408203125,4003.4648193359376,42.63281661487734,0.013663522507346246,0
2022-08-30,3986.159912109375,4044.97998046875,3965.2099609375,4041.25,3835860000,-0.011028155571448206,4146.730053710938,4009.6912158203127,30.686771229584338,0.013412881305252543,0
2022-08-31,3955.0,4015.3701171875,3954.530029296875,4000.669921875,4542490000,-0.007817025105971265,4114.8260498046875,4013.4954150390627,29.264717804564228,0.01341245114049293,1
2022-09-01,3966.85009765625,3970.22998046875,3903.64990234375,3936.72998046875,4152250000,0.0029962320243361873,4083.1370361328127,4017.634619140625,21.37670944441271,0.01347396907230797,0
2022-09-02,3924.260009765625,4018.429931640625,3906.2099609375,3994.659912109375,3665850000,-0.010736500458081055,4052.7150390625,4020.2052197265625,17.45571422544269,0.013396080808351014,0
2022-09-06,3908.18994140625,3942.550048828125,3886.75,3930.889892578125,4127340000,-0.004095056983834944,4029.735009765625,4020.13421875,15.827480845448079,0.012465869789978358,1
2022-09-07,3979.8701171875,3987.889892578125,3906.030029296875,3909.429931640625,3890320000,0.018341016392734,4014.8490234375,4021.7294189453123,26.330491494126434,0.01460285820826488,1
2022-09-08,4006.179931640625,4010.5,3944.81005859375,3959.93994140625,3966850000,0.006610721877456038,4001.3900146484375,4025.4220166015625,28.24833268473631,0.014830122537285119,1
2022-09-09,4067.360107421875,4076.81005859375,4022.93994140625,4022.93994140625,3901940000,0.015271449816332883,3988.214013671875,4030.3926171875,37.4895406055776,0.014986832947993016,1
2022-09-12,4110.41015625,4119.27978515625,4083.669921875,4083.669921875,3814200000,0.0105842727693497,3993.4890380859374,4036.89322265625,47.688178292352696,0.010931125283948575,0
2022-09-13,3932.68994140625,4037.1201171875,3921.280029296875,4037.1201171875,4224550000,-0.0432366134006168,3983.697021484375,4039.040419921875,37.18627125568095,0.01784215694068588,1
2022-09-14,3946.010009765625,3961.93994140625,3912.179931640625,3940.72998046875,4293240000,0.0033870120853238816,3979.68203125,4041.332822265625,37.291203537460134,0.01764080159781706,0
2022-09-15,3901.35009765625,3959.139892578125,3888.280029296875,3932.409912109375,4441830000,-0.011317739184353415,3974.317041015625,4042.45822265625,30.215951737060934,0.01782773551568834,0
2022-09-16,3873.330078125,3880.949951171875,3837.080078125,3880.949951171875,7954650000,-0.007182134089448455,3964.9650390625,4041.872421875,35.57919120542961,0.017850843927224427,1
2022-09-19,3899.889892578125,3900.449951171875,3838.5,3849.909912109375,3766850000,0.006857100716286535,3962.52802734375,4041.8826220703127,39.76542459448197,0.017786992456305818,0
2022-09-20,3855.929931640625,3876.010009765625,3827.5400390625,3875.22998046875,4058050000,-0.011272103097361819,3957.3020263671874,4041.9126220703124,39.79597380347711,0.01809135002083681,0
2022-09-21,3789.929931640625,3907.070068359375,3789.489990234375,3871.39990234375,4078330000,-0.017116493600784488,3938.3080078125,4041.3352197265626,37.735712158265216,0.017293985068315025,0
2022-09-22,3757.989990234375,3790.89990234375,3749.449951171875,3782.360107421875,4284600000,-0.00842758097968943,3913.489013671875,4040.4594189453123,34.93203934795818,0.016845170416823,0
2022-09-23,3693.22998046875,3727.139892578125,3647.469970703125,3727.139892578125,5144270000,-0.017232619015461026,3876.0760009765627,4038.5164208984374,33.84925431366854,0.015296834155543653,0
2022-09-26,3655.0400390625,3715.669921875,3644.760009765625,3682.719970703125,4886140000,-0.010340526208282075,3830.5389892578123,4034.3540234375,32.83380560005246,0.01357965123114269,0
2022-09-27,3647.2900390625,3717.530029296875,3623.2900390625,3686.43994140625,4577740000,-0.0021203598092424114,3801.9989990234376,4030.682822265625,25.306635033977102,0.008018195631724144,1
2022-09-28,3719.0400390625,3736.739990234375,3640.610107421875,3651.93994140625,4684850000,0.019672139926234733,3779.302001953125,4026.32982421875,30.028110503452083,0.011407292064935643,0
2022-09-29,3640.469970703125,3687.010009765625,3610.39990234375,3687.010009765625,4681810000,-0.021126437880238824,3753.2139892578125,4019.9412255859374,21.009158796689306,0.012315427325911907,0
2022-09-30,3585.6201171875,3671.43994140625,3584.1298828125,3633.47998046875,5645360000,-0.015066695771983274,3724.4429931640625,4011.67462890625,14.92278750866511,0.01258988837391196,1
2022-10-03,3678.429931640625,3698.35009765625,3604.929931640625,3609.780029296875,4806680000,0.025883894952576147,3702.2969970703125,4006.0106298828123,30.829067906527413,0.015997116724568147,1
2022-10-04,3790.929931640625,3791.919921875,3726.4599609375,3726.4599609375,5146580000,0.030583700679551518,3695.7969970703125,4002.4924267578126,39.82840452719971,0.019478381731750306,0
2022-10-05,3783.280029296875,3806.909912109375,3722.659912109375,3753.25,4293180000,-0.002017948757084831,3695.1320068359373,3999.7370263671874,41.86070934848312,0.01870573784482675,0
2022-10-06,3744.52001953125,3797.929931640625,3739.219970703125,3771.969970703125,4252100000,-0.010245080846639998,3693.785009765625,3994.155224609375,41.24990298050521,0.018805078910118282,0
2022-10-07,3639.659912109375,3706.739990234375,3620.72998046875,3706.739990234375,4449660000,-0.028003617786773516,3688.4280029296874,3985.49982421875,34.02221985048459,0.020149406245209004,0
2022-10-10,3612.389892578125,3652.169921875,3588.10009765625,3647.510009765625,3834320000,-0.00749246363390188,3684.16298828125,3975.1418212890626,34.73408843130569,0.020026833970239553,0
2022-10-11,3588.840087890625,3640.659912109375,3568.449951171875,3595.860107421875,4759030000,-0.006519175777754405,3678.3179931640625,3964.546025390625,36.68648560228465,0.020102506494524806,0
2022-10-12,3577.030029296875,3608.340087890625,3573.860107421875,3590.830078125,4006830000,-0.0032907731480149582,3664.1169921875,3954.2628271484373,37.69113144768683,0.01868535974831498,1
2022-10-13,3669.909912109375,3685.409912109375,3491.580078125,3520.3701171875,5021680000,0.02596564246086497,3667.060986328125,3944.557626953125,48.472216668559355,0.01971931334422368,0
2022-10-14,3583.070068359375,3712.0,3579.679931640625,3690.409912109375,4243030000,-0.02366266361565439,3666.8059814453127,3933.1802294921877,45.56752928652301,0.020661378084554042,1
2022-10-17,3677.949951171875,3689.72998046875,3638.64990234375,3638.64990234375,4352780000,0.026480052302171098,3666.7579833984373,3923.8354296875,51.70526250611383,0.02074466799628275,1
2022-10-18,3719.97998046875,3762.7900390625,3686.530029296875,3746.260009765625,4483740000,0.011427569666488724,3659.66298828125,3915.433828125,50.05406565283503,0.018374164851071087,0
2022-10-19,3695.159912109375,3728.580078125,3666.510009765625,3703.110107421875,4223800000,-0.0066720972934503076,3650.8509765625,3906.8876220703123,53.353115833604264,0.01844092758446598,0
2022-10-20,3665.780029296875,3736.0,3656.43994140625,3689.050048828125,4496620000,-0.007950909706564868,3642.9769775390623,3895.99841796875,55.073159742534074,0.018343752769187028,1
2022-10-21,3752.75,3757.889892578125,3647.419921875,3657.10009765625,5078020000,0.02372481982226482,3654.285986328125,3886.908017578125,54.73859469919968,0.017459545349821602,1
2022-10-24,3797.340087890625,3810.739990234375,3741.64990234375,3762.010009765625,4747930000,0.011881976654619875,3672.781005859375,3877.2518212890627,50.44745565833038,0.017214315127469088,1
2022-10-25,3859.110107421875,3862.85009765625,3799.43994140625,3799.43994140625,4843120000,0.016266654579669915,3699.8080078125,3868.491220703125,54.921412676773144,0.017006571824068995,0
2022-10-26,3830.60009765625,3886.14990234375,3824.070068359375,3825.969970703125,4817310000,-0.007387716072364547,3725.1650146484376,3858.99921875,55.66197351373677,0.01733928201631783,0
2022-10-27,3807.300048828125,3859.949951171875,3803.7900390625,3834.68994140625,4687320000,-0.006082610618211248,3738.9040283203126,3849.6644189453127,62.35191815635945,0.01638114218525033,1
2022-10-28,3901.06005859375,3905.419921875,3808.260009765625,3808.260009765625,4459410000,0.024626377895927698,3770.70302734375,3842.0108154296877,69.37150687427156,0.014380508287803687,0
2022-10-31,3871.97998046875,3893.72998046875,3863.179931640625,3881.85009765625,4820620000,-0.00745440410765752,3790.1060302734377,3834.8808154296876,68.86040476312058,0.013687853231461981,0
2022-11-01,3856.10009765625,3911.7900390625,3843.800048828125,3901.7900390625,4481210000,-0.004101230608784645,3803.7180419921874,3829.2430126953127,68.48906042910718,0.013788122800575526,0
2022-11-02,3759.68994140625,3894.43994140625,3758.679931640625,3852.89990234375,4899000000,-0.02500198485734284,3810.171044921875,3821.8622119140623,55.920447414067624,0.01630640394331472,0
2022-11-03,3719.889892578125,3750.590087890625,3698.14990234375,3733.25,4625290000,-0.010585992315429671,3815.58203125,3813.444609375,59.6192096516505,0.016502531950274155,1
2022-11-04,3770.550048828125,3796.340087890625,3708.840087890625,3766.97998046875,5400180000,0.013618724670070526,3817.3620361328126,3804.8732080078125,56.94194818933551,0.015258877856596801,1
2022-11-07,3806.800048828125,3813.949951171875,3764.699951171875,3780.7099609375,4341620000,0.009613981920559844,3818.3080322265623,3799.8560107421877,56.56553534734389,0.015088092395234565,1
2022-11-08,3828.110107421875,3859.39990234375,3786.280029296875,3817.02001953125,4607640000,0.005597892802462701,3815.2080322265624,3795.8060107421875,60.10766131936159,0.014188016095485027,0
2022-11-09,3748.570068359375,3818.199951171875,3744.219970703125,3810.93994140625,4645010000,-0.02077788695478977,3807.005029296875,3791.0542138671876,55.8481537102047,0.015462298914561733,1
2022-11-10,3956.3701171875,3958.330078125,3859.889892578125,3859.889892578125,5781260000,0.05543448436034493,3821.9120361328123,3791.0816162109377,62.28609796611507,0.023716128531493474,1
2022-11-11,3992.929931640625,4001.47998046875,3944.820068359375,3963.719970703125,5593310000,0.009240746788147902,3831.0990234375,3791.603212890625,61.91704881025269,0.022714223806085763,0
2022-11-14,3957.25,4008.969970703125,3956.39990234375,3977.969970703125,4561930000,-0.008935777048800997,3839.626025390625,3792.2630126953127,56.1758915597383,0.022791480327433094,1
2022-11-15,3991.72998046875,4028.840087890625,3953.169921875,4006.409912109375,5015310000,0.008713116550319144,3853.189013671875,3793.9338134765626,60.0641985549988,0.02274488709732421,0
2022-11-16,3958.7900390625,3983.090087890625,3954.340087890625,3976.820068359375,4165320000,-0.008252046497990273,3873.0990234375,3793.5122119140624,59.34950088522244,0.020942348013928545,0
2022-11-17,3946.56005859375,3954.330078125,3906.5400390625,3919.260009765625,4051780000,-0.0030893228355314273,3895.7660400390623,3792.319814453125,53.122340361369076,0.020435897124461106,1
2022-11-18,3965.340087890625,3979.889892578125,3935.97998046875,3966.389892578125,4037360000,0.00475858190881473,3915.2450439453123,3790.2794140625,56.49850335067953,0.02026584825716974,0
2022-11-21,3949.93994140625,3962.0,3933.340087890625,3956.22998046875,3850690000,-0.003883688698329779,3929.559033203125,3787.070009765625,56.536261586505205,0.02039055593805368,1
2022-11-22,4003.580078125,4005.8798828125,3956.8798828125,3965.510009765625,3887990000,0.013579987927526016,3947.1060302734377,3788.4878125,68.0640543809094,0.020620190833977266,1
2022-11-23,4027.260009765625,4033.780029296875,3998.659912109375,4000.300048828125,3279720000,0.0059146891478476515,3974.9750244140623,3790.1128125,73.32271235170762,0.018586029807240452,0
2022-11-25,4026.1201171875,4034.02001953125,4020.760009765625,4023.340087890625,1706460000,-0.0002830441976333642,3981.9500244140627,3792.608212890625,70.9679616220493,0.007777829552027063,0
2022-11-28,3963.93994140625,4012.27001953125,3955.77001953125,4005.360107421875,3615430000,-0.015444192913123267,3979.051025390625,3794.42041015625,62.36620703302869,0.008971223614565808,0
2022-11-29,3957.6298828125,3976.77001953125,3937.64990234375,3964.18994140625,3546040000,-0.0015918653377758885,3979.089013671875,3795.5752099609376,60.43907996670596,0.008510155788993433,1
2022-11-30,4080.110107421875,4080.110107421875,3938.580078125,3957.179931640625,6579360000,0.030947872397389053,3987.9270263671874,3800.0588134765626,74.99170003216928,0.012833727973999329,0
2022-12-01,4076.570068359375,4100.509765625,4050.8701171875,4087.139892578125,4527130000,-0.0008676332180498347,3999.705029296875,3805.7916162109377,63.092527559143065,0.012365197738821875,0
2022-12-02,4071.699951171875,4080.47998046875,4026.6298828125,4040.169921875,4012620000,-0.001194660488065602,4012.2190185546874,3812.0658154296875,59.216088865123275,0.012275647544564082,0
2022-12-05,3998.840087890625,4052.449951171875,3984.489990234375,4052.02001953125,4280820000,-0.017894212283564803,4015.5690185546873,3818.178017578125,54.47657218598457,0.013932997063747374,0
2022-12-06,3941.260009765625,4001.510009765625,3918.389892578125,3996.6298828125,4368380000,-0.014399194981406072,4014.701025390625,3823.9024169921877,44.824979284897125,0.014711580756621602,0
2022-12-07,3933.919921875,3957.570068359375,3922.679931640625,3933.280029296875,4118050000,-0.0018623708845491027,4007.735009765625,3829.6350146484374,47.308608078931435,0.01390154029171739,1
2022-12-08,3963.510009765625,3974.18994140625,3935.830078125,3947.7900390625,4006900000,0.00752178195750397,4001.360009765625,3834.5244140625,51.7678633723521,0.014007816523342305,0
2022-12-09,3934.3798828125,3977.02001953125,3933.0400390625,3954.169921875,3888260000,-0.007349578247904498,3992.185986328125,3840.4026123046874,46.839124437494114,0.014117042030686606,1
2022-12-12,3990.56005859375,3990.7099609375,3935.300048828125,3939.2900390625,3904130000,0.014279296218109305,3994.847998046875,3848.5014111328123,53.8283232413597,0.014150872643276058,1
2022-12-13,4019.64990234375,4100.9599609375,3993.030029296875,4069.3798828125,5079360000,0.0072896644387934195,4001.05,3855.325810546875,51.588019239009185,0.014265189275269883,0
2022-12-14,3995.320068359375,4053.760009765625,3965.64990234375,4015.5400390625,4472340000,-0.006052724634100337,3992.57099609375,3859.41361328125,46.847745525796604,0.00997389918233259,0
2022-12-15,3895.75,3958.3701171875,3879.449951171875,3958.3701171875,4493900000,-0.024921675023714007,3974.4889892578126,3861.6630126953123,39.22651443254376,0.012288301863028839,0
2022-12-16,3852.360107421875,3890.909912109375,3827.909912109375,3890.909912109375,7493660000,-0.011137750774080746,3952.5550048828127,3863.819814453125,40.483766656963674,0.012396671324015484,0
2022-12-19,3817.659912109375,3854.860107421875,3800.0400390625,3853.7900390625,3969610000,-0.009007516001852345,3934.4369873046876,3867.379814453125,38.613859419790764,0.01170491289063182,1
2022-12-20,3821.6201171875,3838.239990234375,3795.6201171875,3810.469970703125,3985370000,0.0010373383615349674,3922.472998046875,3871.5644189453124,23.94940139782919,0.01127366822230501,1
2022-12-21,3878.43994140625,3889.820068359375,3839.489990234375,3839.489990234375,3775200000,0.014867993802734736,3916.925,3877.356416015625,31.968840887225966,0.012625027571090183,0
2022-12-22,3822.389892578125,3853.260009765625,3764.489990234375,3853.260009765625,3956950000,-0.01445169956861636,3902.81298828125,3882.26361328125,29.244582763215547,0.012820566931962016,1
2022-12-23,3844.820068359375,3845.800048828125,3797.010009765625,3815.110107421875,2819280000,0.005868102525282026,3893.8570068359377,3885.76181640625,36.00226851354673,0.013063752017824259,0
2022-12-27,3829.25,3846.64990234375,3813.219970703125,3843.340087890625,3030300000,-0.004049622110409712,3877.7260009765623,3890.6854150390627,38.97866084362095,0.011706475736656192,0
2022-12-28,3783.219970703125,3848.320068359375,3780.780029296875,3829.56005859375,3083520000,-0.012020638322615351,3854.0830078125,3892.7908154296874,36.22085140180699,0.011209147569953202,1
2022-12-29,3849.280029296875,3858.18994140625,3805.449951171875,3805.449951171875,3003680000,0.01746133164481911,3839.47900390625,3895.37681640625,40.208476335571135,0.013438440932455829,0
2022-12-30,3839.5,3839.85009765625,3800.340087890625,3829.06005859375,2979870000,-0.0025407424823445934,3833.85400390625,3898.2636181640623,41.58807298065526,0.01117202863894549,0
2023-01-03,3824.139892578125,3878.4599609375,3794.330078125,3853.2900390625,3959140000,-0.004000548879248611,3831.031982421875,3901.4308154296873,34.094119656540116,0.0106985713646737,1
2023-01-04,3852.969970703125,3873.159912109375,3815.77001953125,3840.360107421875,4414080000,0.007538970575044379,3834.56298828125,3903.43521484375,34.061377799795395,0.010546612589767815,0
2023-01-05,3808.10009765625,3839.739990234375,3802.419921875,3839.739990234375,3893450000,-0.011645528874622113,3833.210986328125,3903.6504150390624,32.7739367999026,0.011275181465030735,1
2023-01-06,3895.080078125,3906.18994140625,3809.56005859375,3823.3701171875,3923560000,0.02284078102943865,3834.875,3904.369814453125,49.93689870955101,0.01266313368132021,0
2023-01-09,3892.090087890625,3950.570068359375,3890.419921875,3910.820068359375,4311770000,-0.0007676325452631305,3841.84501953125,3905.5996142578124,54.05051961266505,0.011559131479533163,1
2023-01-10,3919.25,3919.830078125,3877.2900390625,3888.570068359375,3851030000,0.006978233159061986,3849.2880126953123,3907.83861328125,60.51895957316756,0.011607043435153324,1
2023-01-11,3969.610107421875,3970.070068359375,3928.5400390625,3932.35009765625,4303360000,0.012849424614881588,3863.3240234375,3909.2096142578125,63.98004034183082,0.011859171914914823,1
2023-01-12,3983.169921875,3997.760009765625,3937.56005859375,3977.570068359375,4440260000,0.0034159058663651987,3883.3190185546873,3911.4334130859374,60.7740182240127,0.010518866512848082,1
2023-01-13,3999.090087890625,4003.949951171875,3947.669921875,3960.60009765625,3939700000,0.003996858363534361,3898.3000244140626,3914.293212890625,69.81386415302605,0.009598308100175366,0
2023-01-17,3990.969970703125,4015.389892578125,3984.570068359375,3999.280029296875,4235560000,-0.0020304911890052235,3913.447021484375,3918.9188134765627,66.9315542421798,0.009561748475217227,0
2023-01-18,3928.860107421875,4014.159912109375,3926.590087890625,4002.25,4298710000,-0.015562598500411085,3923.91904296875,3923.0982177734377,60.41663156185518,0.011186580221445716,0
2023-01-19,3898.85009765625,3922.93994140625,3885.5400390625,3911.840087890625,3991500000,-0.007638350296294338,3928.5070556640626,3925.66421875,62.51110126093418,0.011491786810823327,1
2023-01-20,3972.610107421875,3972.9599609375,3897.860107421875,3909.0400390625,4013360000,0.018918401045981525,3944.958056640625,3928.980419921875,63.125525504302246,0.011744503995849323,1
2023-01-23,4019.81005859375,4039.31005859375,3971.639892578125,3978.139892578125,3945210000,0.01188134498366522,3957.4310546875,3932.8144189453124,67.77399459187318,0.01023668153046895,0
2023-01-24,4016.949951171875,4023.919921875,3989.7900390625,4001.739990234375,3320430000,-0.0007115031258156934,3969.917041015625,3938.1820166015623,69.48639320494232,0.01023427688978301,0
2023-01-25,4016.219970703125,4019.550048828125,3949.06005859375,3982.7099609375,3724020000,-0.0001817250594663422,3979.6140380859374,3939.379013671875,67.49245022801044,0.010191704441418198,1
2023-01-26,4060.429931640625,4061.570068359375,4013.2900390625,4036.080078125,3809590000,0.011007853469181317,3988.6960205078126,3940.729013671875,77.07576129891183,0.009998601522161438,1
2023-01-27,4070.56005859375,4094.2099609375,4048.699951171875,4053.719970703125,3907760000,0.002494840970949097,3997.4350341796876,3942.99521484375,72.5483048444131,0.009991517519052027,0
2023-01-30,4017.77001953125,4063.85009765625,4015.550048828125,4049.27001953125,3802000000,-0.012968740984683369,3999.30302734375,3943.516015625,64.31694660802518,0.011041060691443554,1
2023-01-31,4076.60009765625,4077.159912109375,4020.43994140625,4020.85009765625,4679320000,0.014642470285510134,4007.8660400390627,3945.872216796875,66.71837338615373,0.01184274495304428,1
2023-02-01,4119.2099609375,4148.9501953125,4037.199951171875,4070.070068359375,4856930000,0.010452303944590291,4026.901025390625,3949.32521484375,66.16107349272838,0.01026202579853885,1
2023-02-02,4179.759765625,4195.43994140625,4141.8798828125,4158.68017578125,5624360000,0.014699373244309921,4054.9919921875,3953.6136083984375,69.27993778564397,0.009670291445691412,0
2023-02-03,4136.47998046875,4182.35986328125,4123.35986328125,4136.68994140625,4694510000,-0.010354610691310495,4071.3789794921877,3957.3444091796873,62.78783763700792,0.010090962604478006,0
2023-02-06,4111.080078125,4124.6298828125,4093.3798828125,4119.56982421875,4114240000,-0.006140463017754394,4080.5059814453125,3959.4944091796874,60.83108369618869,0.010155176846986476,1
2023-02-07,4164.0,4176.5400390625,4088.389892578125,4105.35009765625,4355860000,0.01287251059802652,4095.210986328125,3962.229208984375,71.56140794684492,0.010606959935560795,0
2023-02-08,4117.85986328125,4156.85009765625,4111.669921875,4153.47021484375,4029820000,-0.011080724476164705,4105.374975585937,3964.06400390625,69.50534325650327,0.011561687720677586,0
2023-02-09,4081.5,4156.22998046875,4069.669921875,4144.25,4270200000,-0.00882979617773516,4107.481982421875,3966.415205078125,60.39006812983759,0.011653135241527834,1
2023-02-10,4090.4599609375,4094.360107421875,4060.7900390625,4068.919921875,3891520000,0.0021952617756952897,4109.47197265625,3969.071806640625,57.271956946532974,0.011648045899103877,1
2023-02-13,4137.2900390625,4138.89990234375,4092.669921875,4096.6201171875,3448620000,0.011448609342766147,4121.423974609375,3970.2154052734377,61.35842120956967,0.011043127667985502,0
2023-02-14,4136.1298828125,4159.77001953125,4095.010009765625,4126.7001953125,3929200000,-0.0002804145319874607,4127.376953125,3971.4066015625,61.30863543741294,0.01027519691579528,1
2023-02-15,4147.60009765625,4148.10986328125,4103.97998046875,4119.5,4075980000,0.002773175690496066,4130.215966796875,3972.9246044921874,58.76205476097107,0.009807988842543813,0
2023-02-16,4090.409912109375,4136.5400390625,4089.489990234375,4114.75,4143660000,-0.013788741489130674,4121.280981445312,3974.7560009765625,51.822793244287254,0.009429738129791228,0
2023-02-17,4079.090087890625,4081.510009765625,4047.949951171875,4077.389892578125,4045480000,-0.002767405825327751,4115.5419921875,3977.5126025390623,56.095194598637434,0.008988331542629712,0
2023-02-21,3997.340087890625,4052.35009765625,3995.18994140625,4052.35009765625,4121590000,-0.020041234255327334,4104.167993164063,3978.781005859375,42.46491468720654,0.010718255824018095,0
2023-02-22,3991.050048828125,4017.3701171875,3976.89990234375,4001.830078125,4079320000,-0.0015735561458868341,4086.872998046875,3979.331806640625,36.912304916072586,0.009251936458011123,1
2023-02-23,4012.320068359375,4028.300048828125,3969.18994140625,4018.60009765625,3952940000,0.005329429416074394,4076.3190185546873,3980.8906103515624,31.409638874266577,0.009349629892542911,0
2023-02-24,3970.0400390625,3978.25,3943.080078125,3973.239990234375,3877700000,-0.010537551485558128,4065.1730224609373,3980.4802099609374,31.479523476798136,0.009491527600399747,1
2023-02-27,3982.239990234375,4018.050048828125,3973.550048828125,3992.360107421875,3836950000,0.0030730045671669703,4054.351025390625,3979.73201171875,35.229516281345326,0.00954597864222914,0
2023-02-28,3970.14990234375,3997.5,3968.97998046875,3977.18994140625,5043400000,-0.0030360018281855305,4037.63701171875,3979.2286083984377,25.481289433248193,0.00817123129527472,0
2023-03-01,3951.389892578125,3971.72998046875,3939.050048828125,3963.340087890625,4249480000,-0.004725264845680033,4019.1630126953123,3980.34140625,27.377520084032113,0.008061439166528562,1
2023-03-02,3981.35009765625,3990.840087890625,3928.159912109375,3938.679931640625,4244900000,0.0075821940867943916,4002.5380126953123,3982.9212060546874,36.14918660480947,0.008666229395071594,1
2023-03-03,4045.639892578125,4048.2900390625,3995.169921875,3998.02001953125,4084730000,0.0161477371607488,3998.0610107421876,3987.4808056640627,44.62409390316968,0.009996271351247143,1
2023-03-06,4048.419921875,4078.489990234375,4044.610107421875,4055.14990234375,4000870000,0.0006871667698291617,3994.993994140625,3992.0168017578126,38.08106182450663,0.009990203196650766,0
2023-03-07,3986.3701171875,4050.0,3980.31005859375,4048.260009765625,3922500000,-0.015326919115337678,3993.8969970703124,3994.1754052734377,32.734643972538265,0.009042904425673933,1
2023-03-08,3992.010009765625,4000.409912109375,3969.760009765625,3987.550048828125,3535570000,0.0014147940136839399,3993.9929931640627,3997.5678076171876,31.818059918233672,0.00904324140289922,0
2023-03-09,3918.320068359375,4017.81005859375,3908.699951171875,3998.659912109375,4445260000,-0.01845935787384867,3984.5929931640626,3999.0378076171874,30.636633046505253,0.010512806414589721,0
2023-03-10,3861.590087890625,3934.050048828125,3846.320068359375,3912.77001953125,5518190000,-0.01447813845705137,3973.747998046875,3999.684609375,27.796143635183626,0.010921064508643956,0
2023-03-13,3855.760009765625,3905.050048828125,3808.860107421875,3835.1201171875,6558020000,-0.001509761003189447,3961.1,4001.13541015625,32.89516685642148,0.01074608485181238,1
2023-03-14,3919.2900390625,3937.2900390625,3873.6298828125,3894.010009765625,5665870000,0.016476655480623936,3956.014013671875,4002.5356103515624,42.383779231716005,0.012415123624790666,0
2023-03-15,3891.929931640625,3894.260009765625,3838.239990234375,3876.739990234375,6594010000,-0.00698088356543769,3950.068017578125,4003.584208984375,37.38551190287378,0.012506060201337542,1
2023-03-16,3960.280029296875,3964.4599609375,3864.110107421875,3878.929931640625,5695790000,0.017562006217166637,3947.9610107421877,4006.30701171875,49.03032134719284,0.013652119502381337,0
2023-03-17,3916.639892578125,3958.909912109375,3901.27001953125,3958.68994140625,9354280000,-0.011019457310067593,3935.0610107421876,4007.58041015625,43.865712203647995,0.012649229827612051,1
2023-03-20,3951.570068359375,3956.6201171875,3916.889892578125,3917.469970703125,5347140000,0.008918403718310097,3925.376025390625,4010.4498095703125,48.33376757302342,0.013184143483075955,1
2023-03-21,4002.8701171875,4009.080078125,3971.18994140625,3975.889892578125,4920240000,0.012982193897784988,3927.026025390625,4012.6056103515625,54.362137040235105,0.013124949831632596,0
2023-03-22,3936.969970703125,4039.489990234375,3936.169921875,4002.0400390625,4533010000,-0.01646322377571363,3921.522021484375,4013.5032080078126,46.45537616523651,0.014161748378025318,1
2023-03-23,3948.719970703125,4007.659912109375,3919.050048828125,3959.2099609375,4991600000,0.0029845287333754023,3924.56201171875,4014.092607421875,41.549849806894585,0.012835730032801229,1
2023-03-24,3970.989990234375,3972.739990234375,3909.159912109375,3939.2099609375,4583970000,0.005639807253104534,3935.502001953125,4014.120205078125,43.47101272353053,0.011692506134698605,1
2023-03-27,3977.530029296875,4003.830078125,3970.489990234375,3982.929931640625,4233540000,0.0016469543057482383,3947.67900390625,4014.0074072265625,49.17760610219043,0.01160372844323167,0
2023-03-28,3971.27001953125,3979.199951171875,3951.530029296875,3974.1298828125,4014600000,-0.0015738434957162095,3952.877001953125,4013.451005859375,48.07278109274181,0.010671057242928775,1
2023-03-29,4027.81005859375,4030.590087890625,3999.530029296875,3999.530029296875,4145250000,0.014237268879836451,3966.4650146484373,4014.1878076171874,60.50907025386963,0.010932451331948128,1
2023-03-30,4050.830078125,4057.85009765625,4032.10009765625,4046.739990234375,3930860000,0.005715269388667954,3975.52001953125,4016.62720703125,69.42034628195125,0.009823990251575545,1
2023-03-31,4109.31005859375,4110.75,4056.179931640625,4056.179931640625,4525120000,0.014436542471763847,3994.7870361328123,4020.83640625,73.48247261466162,0.009269653518715034,1
2023-04-03,4124.509765625,4127.66015625,4098.7900390625,4102.2001953125,4234700000,0.0036988464765423945,4012.081005859375,4023.8743994140623,70.87515831822584,0.009161587113679747,0
2023-04-04,4100.60009765625,4133.1298828125,4086.8701171875,4128.02978515625,4227800000,-0.005796972083329965,4021.85400390625,4025.4902001953124,71.37619377986482,0.00911566306882376,0
2023-04-05,4090.3798828125,4099.68994140625,4072.56005859375,4094.5,3968020000,-0.002492370531228194,4037.1949951171873,4026.958798828125,65.12929010395106,0.006624751445559763,1
2023-04-06,4105.02001953125,4107.31982421875,4069.840087890625,4081.14990234375,3486690000,0.0035791630944272956,4052.825,4028.7347998046876,73.49112512505076,0.00661878984009481,1
2023-04-10,4109.10986328125,4109.5,4072.550048828125,4085.199951171875,3423650000,0.0009963029974375814,4066.6369873046874,4029.7083984375,71.2822664215497,0.00664670282271916,0
2023-04-11,4108.93994140625,4124.259765625,4102.60986328125,4110.2900390625,3665830000,-4.1352477946232646e-05,4079.777978515625,4030.47599609375,66.62589871894761,0.006718495322398405,0
2023-04-12,4091.949951171875,4134.3701171875,4086.93994140625,4121.72021484375,3633120000,-0.004134884052006904,4091.8459716796874,4031.9595947265625,78.6915387716656,0.006968080841942249,1
2023-04-13,4146.22021484375,4150.259765625,4099.39990234375,4100.0400390625,3596590000,0.01326268999363811,4103.686987304687,4033.3519970703123,81.58994508785864,0.006798509038404239,0
2023-04-14,4137.64013671875,4163.18994140625,4113.2001953125,4140.10986328125,3575690000,-0.0020693734728036706,4112.367993164063,4033.7206005859375,77.8763165310148,0.00688826661168875,1
2023-04-17,4151.31982421875,4151.72021484375,4123.18017578125,4137.169921875,3611180000,0.00330615690296554,4116.5689697265625,4033.1518017578123,78.392426803576,0.005425109100694117,1
2023-04-18,4154.8701171875,4169.47998046875,4140.35986328125,4164.259765625,3536640000,0.0008552202959737354,4119.605004882813,4033.5196044921877,80.26310282660486,0.005343637251446351,0
2023-04-19,4154.52001953125,4162.56982421875,4134.490234375,4139.330078125,3572560000,-8.42619976980652e-05,4124.996997070312,4034.3884033203126,75.6342324508113,0.004848828538020348,0
2023-04-20,4129.7900390625,4148.56982421875,4114.56982421875,4130.47998046875,3772080000,-0.00595254815297297,4128.938012695313,4033.7042041015625,65.86434226403617,0.005257196472633109,1
2023-04-21,4133.52001953125,4138.02001953125,4113.85986328125,4132.14013671875,3611750000,0.0009031888869577287,4131.788012695312,4034.0174072265627,56.23614908800941,0.005177224047067813,1
2023-04-24,4137.0400390625,4142.41015625,4117.77001953125,4132.06982421875,3290940000,0.0008515791660903549,4134.581030273437,4035.1282080078126,53.43426557142742,0.005176518741575352,0
2023-04-25,4071.6298828125,4126.43017578125,4071.3798828125,4126.43017578125,3978640000,-0.015810858882773227,4130.850024414062,4034.7516064453125,43.53143193563158,0.007363811998087733,0
2023-04-26,4055.989990234375,4089.669921875,4049.35009765625,4087.780029296875,3837030000,-0.003841187197329843,4127.2540283203125,4033.12560546875,42.502759684443255,0.007349992980100418,1
2023-04-27,4135.35009765625,4138.240234375,4075.2900390625,4075.2900390625,3750550000,0.01956614972249704,4126.167016601563,4033.110009765625,55.156943226800564,0.008819041604524184,1
2023-04-28,4169.47998046875,4170.06005859375,4127.18017578125,4129.6298828125,4087800000,0.008253202753460531,4129.351000976562,4033.547607421875,59.31320411342346,0.009176392697638458,0
2023-05-01,4167.8701171875,4186.919921875,4164.1201171875,4166.7900390625,3321370000,-0.0003861064902076494,4131.006030273437,4035.0968115234373,59.050855897541275,0.009138762585196868,0
2023-05-02,4119.580078125,4164.10009765625,4089.719970703125,4164.10009765625,4486130000,-0.011586262936400304,4127.477026367187,4035.906611328125,53.87138860705541,0.009891179321359574,0
2023-05-03,4090.75,4148.2998046875,4088.860107421875,4122.25,4246510000,-0.006998305064656485,4121.100024414062,4037.7748095703123,41.63118362584128,0.01007485710523018,0
2023-05-04,4061.219970703125,4082.610107421875,4048.280029296875,4082.550048828125,4920090000,-0.007218732334382416,4114.243017578125,4039.1782080078124,39.155956590152755,0.010144745835880604,1
2023-05-05,4136.25,4147.02001953125,4084.72998046875,4084.72998046875,4186270000,0.018474751389515376,4114.516015625,4041.656806640625,48.178699106197605,0.011986269969584495,1
2023-05-08,4138.1201171875,4142.2998046875,4123.81005859375,4136.97998046875,3641640000,0.0004521286642489297,4114.6240234375,4045.018408203125,47.9673823648615,0.011984265064900246,0
2023-05-09,4119.169921875,4130.35009765625,4116.64990234375,4124.25,3810140000,-0.004579421277258522,4119.37802734375,4047.7570068359373,45.89554058083909,0.010795803756235837,1
2023-05-10,4137.64013671875,4154.27978515625,4098.919921875,4143.740234375,4057160000,0.004483965263404999,4127.543041992188,4051.1068115234375,50.92491062706605,0.01068310008061035,0
2023-05-11,4130.6201171875,4132.7998046875,4109.2900390625,4132.240234375,3752900000,-0.0016966239932159066,4127.070043945312,4054.691416015625,49.66095753948455,0.008749631764448406,0
2023-05-12,4124.080078125,4143.740234375,4099.1201171875,4138.5400390625,3533740000,-0.0015833068345566526,4122.530053710938,4057.546015625,48.495409474011204,0.008247179404701451,1
2023-05-15,4136.27978515625,4141.25,4110.27001953125,4126.64990234375,3562170000,0.0029581644391338813,4119.371020507812,4059.3588134765623,58.56357664809543,0.008344939717987308,0
2023-05-16,4109.89990234375,4135.5400390625,4109.85986328125,4127.9501953125,3654200000,-0.006377683373153031,4118.403002929687,4060.5884130859376,56.94339193099341,0.0077320437142163745,1
2023-05-17,4158.77001953125,4164.669921875,4113.6201171875,4122.85009765625,4039080000,0.011890829058788244,4125.205004882812,4064.0364111328126,53.27349712193784,0.008183133809586202,1
2023-05-18,4198.0498046875,4202.2001953125,4153.5,4157.68017578125,3980500000,0.009445048649426635,4138.88798828125,4068.15720703125,53.93664604296798,0.00785988356255844,0
2023-05-19,4191.97998046875,4212.91015625,4180.2001953125,4204.14990234375,4041900000,-0.0014458676054706077,4144.460986328125,4073.6304052734376,53.28177090810483,0.0058730172093005625,1
2023-05-22,4192.6298828125,4209.22021484375,4179.68017578125,4190.77978515625,3728520000,0.0001550346964389604,4149.911962890625,4080.251201171875,61.425102142120735,0.005878838976954243,0
2023-05-23,4145.580078125,4185.68017578125,4142.5400390625,4176.7998046875,4155320000,-0.011222026747550129,4152.552978515625,4086.0476025390626,58.11312657234635,0.006905715692166493,0
2023-05-24,4115.240234375,4132.9599609375,4103.97998046875,4132.9599609375,0,-0.007318600335353365,4150.31298828125,4089.9666064453127,57.974189037728976,0.007182720496246998,1
2023-05-25,4151.27978515625,4165.740234375,4129.72998046875,4155.7099609375,4147760000,0.008757581265902425,4152.378955078125,4095.153603515625,52.50722902361345,0.007732132850109687,1
2023-05-26,4205.4501953125,4212.8701171875,4156.16015625,4156.16015625,3715460000,0.01304908677799732,4160.515966796875,4100.0570068359375,59.56313561437869,0.00862195619800061,1
2023-05-30,4205.52001953125,4231.10009765625,4192.18017578125,4226.7099609375,4228510000,1.660326849850513e-05,4167.439990234375,4105.834609375,62.95968423937657,0.008635391458986714,0
2023-05-31,4179.830078125,4195.43994140625,4166.14990234375,4190.740234375,5980670000,-0.006108624209833935,4174.4330078125,4110.399809570313,56.19768317612882,0.008607819218122557,1
2023-06-01,4221.02001953125,4232.43017578125,4171.64013671875,4183.02978515625,4391860000,0.009854453563032717,4180.6580078125,4114.762807617188,62.06816981833115,0.008361071292091822,1
2023-06-02,4282.3701171875,4290.669921875,4241.009765625,4241.009765625,4454200000,0.014534424705965554,4189.0900390625,4121.670810546875,68.43374206476471,0.009025666598582302,0
2023-06-05,4273.7900390625,4299.27978515625,4266.81982421875,4282.990234375,3813290000,-0.0020035816359177394,4197.271044921875,4128.172211914062,66.1499748248925,0.009051198955214054,1
2023-06-06,4283.85009765625,4288.330078125,4263.08984375,4271.33984375,3996560000,0.0023538963079141606,4206.39306640625,4134.4294140625,71.24405166553365,0.009028850606676308,0
2023-06-07,4267.52001953125,4299.18994140625,4263.9599609375,4285.47021484375,4537800000,-0.0038120096998572883,4218.587060546875,4140.229213867187,64.42808501375954,0.008057519135302144,1
2023-06-08,4293.93017578125,4298.009765625,4261.06982421875,4268.68994140625,3826740000,0.0061886426142414575,4236.4560546875,4146.682416992187,63.1703983119397,0.007238708897403619,1
2023-06-09,4298.85986328125,4322.6201171875,4291.7001953125,4304.8798828125,3786510000,0.001148059539441082,4251.2140625,4152.103413085937,64.72745231020971,0.007114979272277431,1
2023-06-12,4338.93017578125,4340.1298828125,4304.3701171875,4308.31982421875,3945670000,0.009321148810237156,4264.562060546875,4157.865415039062,68.18389816827676,0.006642306091590861,1
2023-06-13,4369.009765625,4375.3701171875,4349.31005859375,4352.60986328125,4275400000,0.006932489951473775,4280.91103515625,4163.0594091796875,78.99352945201834,0.006639928397535482,1
2023-06-14,4372.58984375,4391.81982421875,4337.85009765625,4366.2900390625,4252110000,0.0008194255259321714,4300.18701171875,4168.021010742187,85.88756792090534,0.0057940052298875834,1
2023-06-15,4425.83984375,4439.2001953125,4362.60009765625,4365.330078125,4176690000,0.01217813742034668,4320.668994140625,4174.525805664062,86.53394095564072,0.0060710748375508595,0
2023-06-16,4409.58984375,4448.47021484375,4407.43994140625,4440.9501953125,6848600000,-0.0036716195284263176,4333.390966796875,4180.910004882812,80.21248858209904,0.005521162834472354,0
2023-06-20,4388.7099609375,4400.14990234375,4367.18994140625,4396.10986328125,4055790000,-0.0047351076976228645,4344.882958984375,4186.583803710938,75.53882493890526,0.005850936574044728,0
2023-06-21,4365.68994140625,4386.22021484375,4360.14013671875,4380.009765625,3709330000,-0.005245281583003636,4353.066943359375,4191.715405273438,76.10538140888036,0.006367567056856229,1
2023-06-22,4381.89013671875,4382.25,4351.81982421875,4355.39990234375,3511000000,0.003710798414438443,4364.503955078125,4197.174409179687,74.30133890373938,0.006052726389897583,0
2023-06-23,4348.330078125,4366.5498046875,4341.33984375,4354.169921875,6053620000,-0.007658808766684566,4369.9439453125,4202.30201171875,60.87729525858598,0.006705719719026739,0
2023-06-26,4328.81982421875,4362.06005859375,4328.080078125,4344.83984375,3415030000,-0.004486838293256468,4372.93994140625,4205.95400390625,58.75906792530843,0.0069503241063900234,1
2023-06-27,4378.41015625,4384.419921875,4335.0,4337.35986328125,3573500000,0.011455854954693034,4376.887939453125,4210.769404296875,63.368756187033775,0.00726942908718955,0
2023-06-28,4376.85986328125,4390.35009765625,4360.22021484375,4367.47998046875,3739330000,-0.00035407668843834283,4377.67294921875,4215.280205078125,66.13249033180217,0.006959482511091896,1
2023-06-29,4396.43994140625,4398.39013671875,4371.97021484375,4374.93994140625,3696660000,0.004473544672805918,4380.057958984375,4220.1116015625,65.43585671431092,0.0070902490583607675,1
2023-06-30,4450.3798828125,4458.47998046875,4422.43994140625,4422.43994140625,3923450000,0.012269004495714109,4382.511962890625,4226.028798828125,69.88133206392,0.007106822375280527,1
2023-07-03,4455.58984375,4456.4599609375,4442.2900390625,4450.47998046875,2034280000,0.0011706778016009611,4387.111962890625,4232.544794921875,66.84856118101209,0.006948471889334988,0
2023-07-05,4446.81982421875,4454.06005859375,4436.60986328125,4442.0400390625,3482620000,-0.0019683184132291975,4392.92294921875,4238.810791015625,61.974790231703224,0.006744161343323751,0
2023-07-06,4411.58984375,4422.6201171875,4385.0498046875,4422.6201171875,3682020000,-0.007922511336500904,4397.512939453125,4244.301787109375,55.46921648434119,0.007079288489853295,0
2023-07-07,4398.9501953125,4440.39013671875,4397.39990234375,4404.5400390625,3630480000,-0.0028651005386203243,4399.2189453125,4250.848193359375,45.744375032842576,0.007111960566222687,1
2023-07-10,4409.52978515625,4412.60009765625,4389.919921875,4394.22998046875,3429600000,0.002405026057131332,4405.338916015625,4257.918989257812,49.990321255624295,0.006531455491773966,1
2023-07-11,4439.259765625,4443.64013671875,4408.4599609375,4415.5498046875,3624220000,0.0067422110558885695,4416.38291015625,4263.997182617188,57.92042696828646,0.006366721624260487,1
2023-07-12,4472.16015625,4488.33984375,4463.22998046875,4467.68994140625,3920290000,0.007411233485312474,4425.75791015625,4270.050786132812,66.18134000620387,0.005844484141851722,1
2023-07-13,4510.0400390625,4517.3798828125,4489.35986328125,4491.5,3839530000,0.008470153458069118,4439.075927734375,4276.894184570312,68.27212941728526,0.006087813735227595,0
2023-07-14,4505.419921875,4527.759765625,4499.56005859375,4514.60986328125,3647450000,-0.0010244071333035398,4449.97392578125,4284.610981445312,74.41326809368285,0.006189233418612936,1
2023-07-17,4522.7900390625,4532.85009765625,4504.89990234375,4508.85986328125,3538240000,0.0038553825145495324,4457.21494140625,4293.251782226563,80.3466962862918,0.005202127128391767,1
2023-07-18,4554.97998046875,4562.2998046875,4514.58984375,4521.77978515625,4090010000,0.007117275205842377,4467.153955078125,4303.126982421875,79.2150399508794,0.00547674538231607,1
2023-07-19,4565.72021484375,4578.43017578125,4557.47998046875,4563.8701171875,4115670000,0.002357910335732072,4479.043994140625,4311.71638671875,80.32635728690023,0.005276150958600726,0
2023-07-20,4534.8701171875,4564.740234375,4527.56005859375,4554.3798828125,3761770000,-0.006756896218903741,4491.372021484375,4319.65138671875,71.45207154499104,0.005023331762412735,1
2023-07-21,4536.33984375,4555.0,4535.7900390625,4550.16015625,3570190000,0.0003240945218980773,4505.110986328125,4327.99478515625,65.90792441372929,0.004717668917599192,1
2023-07-24,4554.64013671875,4563.41015625,4541.2900390625,4543.39013671875,3856250000,0.004034153877153557,4519.622021484375,4336.33478515625,67.48337030735843,0.004719507806689464,1
2023-07-25,4567.4599609375,4580.6201171875,4552.419921875,4555.18994140625,3812470000,0.002814673351556163,4532.442041015625,4345.07158203125,70.99405027947202,0.0045575290507042406,0
2023-07-26,4566.75,4582.47021484375,4547.580078125,4558.9599609375,3990290000,-0.00015543889679858758,4541.901025390625,4353.92498046875,80.68834575283833,0.004341002695064856,0
2023-07-27,4537.41015625,4607.06982421875,4528.56005859375,4598.259765625,4553210000,-0.006424666064487883,4544.638037109375,4361.947587890625,75.68830444109462,0.004467340470967076,1
2023-07-28,4582.22998046875,4590.16015625,4564.009765625,4565.75,3981010000,0.009877842794752345,4552.31904296875,4371.394189453125,78.42892968523937,0.0052795006014038,1
2023-07-31,4588.9599609375,4594.22021484375,4573.14013671875,4584.81982421875,4503600000,0.0014687129405193122,4558.93603515625,4379.99798828125,76.66169237298159,0.005225126272234747,0
2023-08-01,4576.72998046875,4584.6201171875,4567.52978515625,4578.830078125,4042370000,-0.002665087639215691,4561.11103515625,4387.571591796875,70.10418250807794,0.004958409667344783,0
2023-08-02,4513.39013671875,4550.93017578125,4505.75,4550.93017578125,4270710000,-0.013839541336347905,4555.87802734375,4393.999794921875,50.58664591759083,0.006639974406244102,0
2023-08-03,4501.89013671875,4519.490234375,4485.5400390625,4494.27001953125,4149120000,-0.0025479738404268204,4552.580029296875,4400.185,49.39643152349066,0.006371805734019928,0
2023-08-04,4478.02978515625,4540.33984375,4474.5498046875,4513.9599609375,4143310000,-0.005300074155050516,4546.7490234375,4406.833994140625,42.512501082256385,0.006516820926295925,1
2023-08-07,4518.43994140625,4519.83984375,4491.14990234375,4491.580078125,3493920000,0.00902409277936278,4543.12900390625,4414.89798828125,44.05118111488087,0.007130546709248055,0
2023-08-08,4499.3798828125,4503.31005859375,4464.39013671875,4498.02978515625,3884910000,-0.004218283044793103,4536.32099609375,4421.859990234375,39.48447496288821,0.007083863006016864,0
2023-08-09,4467.7099609375,4502.43994140625,4461.330078125,4501.56982421875,3803100000,-0.007038730380597102,4526.4169921875,4427.105185546875,39.382121352477995,0.0072729639899691565,1
2023-08-10,4468.830078125,4527.3701171875,4457.919921875,4487.16015625,4504370000,0.00025071394456976925,4519.558984375,4432.37138671875,39.31503715702397,0.007143895583714329,0
2023-08-11,4464.0498046875,4476.22998046875,4443.97998046875,4450.68994140625,3753290000,-0.0010696923700230787,4507.740966796875,4438.05578125,35.0209512429456,0.005945004984939202,1
2023-08-14,4489.72021484375,4490.330078125,4453.43994140625,4458.1298828125,3896410000,0.005750475751703066,4497.8169921875,4443.42978515625,37.6697805031807,0.006406381416229892,0
2023-08-15,4437.85986328125,4478.8701171875,4432.18994140625,4478.8701171875,3832250000,-0.011550909428841738,4483.92998046875,4446.539580078125,32.410853859900925,0.007065704683210349,0
2023-08-16,4404.330078125,4449.9501953125,4403.5498046875,4433.7900390625,3753910000,-0.007555395210577687,4473.023974609375,4449.150380859375,32.04440345213783,0.006229884551919712,0
2023-08-17,4370.35986328125,4421.169921875,4364.830078125,4416.31982421875,3943700000,-0.007712913029036983,4459.870947265625,4450.880576171875,20.551626783217728,0.006451325696977384,0
2023-08-18,4369.7099609375,4381.81982421875,4335.31005859375,4344.8798828125,3940400000,-0.00014870682600087726,4449.03896484375,4452.924375,19.001957811779462,0.0064477858432935445,1
2023-08-21,4399.77001953125,4407.5498046875,4360.2998046875,4380.27978515625,3726850000,0.006879188518795987,4437.17197265625,4455.041171875,26.181857375321044,0.006047803253901288,0
2023-08-22,4387.5498046875,4418.58984375,4382.77001953125,4415.330078125,3522760000,-0.002777466728829614,4425.98896484375,4456.814970703125,30.35965499214298,0.006023175143393062,1
2023-08-23,4436.009765625,4443.18017578125,4396.43994140625,4396.43994140625,3837270000,0.011044879965972587,4422.8189453125,4458.7565625,40.781366366263775,0.007122528244184258,0
2023-08-24,4376.31005859375,4458.2998046875,4375.5498046875,4455.16015625,3723470000,-0.013457974663146133,4413.566943359375,4458.902568359375,37.06386287031449,0.008164591527461795,1
2023-08-25,4405.7099609375,4418.4599609375,4356.2900390625,4389.3798828125,3296180000,0.006717966037625089,4407.732958984375,4459.564970703125,35.250592541957076,0.008627796777084607,1
2023-08-28,4433.31005859375,4439.56005859375,4414.97998046875,4426.02978515625,2957230000,0.006264619755036449,4402.091943359375,4459.714375,41.54448936741924,0.00867575340857,1
2023-08-29,4497.6298828125,4500.14013671875,4431.68017578125,4432.75,3354820000,0.01450830719454621,4408.0689453125,4461.47517578125,53.53378654259159,0.009132761545892798,1
2023-08-30,4514.8701171875,4521.64990234375,4493.58984375,4500.33984375,3064110000,0.003833182103508026,4419.12294921875,4463.99837890625,55.23824020906295,0.008589129108197846,0
2023-08-31,4507.66015625,4532.259765625,4507.39013671875,4517.009765625,3946360000,-0.0015969365120942491,4432.852978515625,4466.837783203125,54.93451875817687,0.007975756499897338,1
2023-09-01,4515.77001953125,4541.25,4501.35009765625,4530.60009765625,3246260000,0.0017991292600010311,4447.458984375,4469.515380859375,53.06952135029021,0.007910393658126437,0
2023-09-05,4496.830078125,4514.2900390625,4496.009765625,4510.06005859375,3526250000,-0.004194177587506065,4457.164990234375,4472.485380859375,57.53305547481497,0.008129063333061402,0
2023-09-06,4465.47998046875,4490.35009765625,4442.3798828125,4490.35009765625,3418850000,-0.006971599351452862,4464.9580078125,4475.218583984375,57.855240527734665,0.008514286940654186,0
2023-09-07,4451.14013671875,4457.81005859375,4430.4599609375,4434.5498046875,3763760000,-0.0032112659361860363,4466.471044921875,4476.67318359375,60.92807884376569,0.007969448360856755,1
2023-09-08,4457.490234375,4473.52978515625,4448.3798828125,4451.2998046875,3259290000,0.0014266227216406246,4474.5890625,4478.285791015625,61.69468679987614,0.006319137213428026,1
2023-09-11,4487.4599609375,4490.77001953125,4467.89013671875,4480.97998046875,3369920000,0.006723453106275201,4482.7640625,4480.10619140625,61.68546475991927,0.006319606366852704,0
2023-09-12,4461.89990234375,4487.10986328125,4456.830078125,4473.27001953125,3435740000,-0.005695885604828921,4485.623046875,4480.336591796875,59.56765261407806,0.006521567089900285,1
2023-09-13,4467.43994140625,4479.39013671875,4453.52001953125,4462.64990234375,3529430000,0.0012416323054647016,4482.604052734375,4480.57359375,54.54680306110484,0.004394377984741474,1
2023-09-14,4505.10009765625,4511.990234375,4478.68994140625,4487.77978515625,3648720000,0.00842991886716793,4481.62705078125,4481.73919921875,69.90019797438404,0.005100785446038073,0
2023-09-15,4450.31982421875,4497.97998046875,4447.2099609375,4497.97998046875,6932230000,-0.012159612938677844,4475.893017578125,4482.513798828125,56.391643381545315,0.0063594397225731555,1
2023-09-18,4453.52978515625,4466.35986328125,4442.10986328125,4445.1298828125,3161230000,0.0007212876971294246,4469.668994140625,4483.605390625,53.11475163221711,0.0063107560440239475,0
2023-09-19,4443.9501953125,4449.85009765625,4416.60986328125,4445.41015625,3614880000,-0.002151010615372817,4464.381005859375,4484.293798828125,40.0534171021584,0.006241822055603771,0
2023-09-20,4402.2001953125,4461.02978515625,4401.3798828125,4452.81005859375,3308450000,-0.0093947947580596,4458.05302734375,4483.552607421875,30.861207508609425,0.006532572549600086,0
2023-09-21,4330.0,4375.7001953125,4329.169921875,4374.35986328125,3662340000,-0.01640093410321941,4445.939013671875,4480.709404296875,25.27964692198151,0.00808453528113123,0
2023-09-22,4320.06005859375,4357.39990234375,4316.490234375,4341.740234375,3349570000,-0.002295598477193961,4432.19599609375,4476.9098046875,22.906110242863093,0.00795678171326283,1
2023-09-25,4337.43994140625,4338.509765625,4302.7001953125,4310.6201171875,3195650000,0.0040230650909416354,4417.193994140625,4473.550205078125,27.838464264522784,0.007625337590330625,0
2023-09-26,4273.52978515625,4313.009765625,4265.97998046875,4312.8798828125,3472340000,-0.014734533990868215,4398.356982421875,4468.565,25.527165062179094,0.008425607751943402,1
2023-09-27,4274.509765625,4292.06982421875,4238.6298828125,4282.6298828125,3875880000,0.00022931406074522265,4379.06396484375,4462.955595703125,26.686156150466033,0.008357809950655541,1
2023-09-28,4299.7001953125,4317.27001953125,4264.3798828125,4269.64990234375,3846230000,0.005893173970516585,4358.523974609375,4457.6351953125,30.159702746111194,0.007954813376248124,0
2023-09-29,4288.0498046875,4333.14990234375,4274.85986328125,4328.18017578125,3865960000,-0.002709582086142026,4342.29697265625,4452.6987890625,23.71555086436598,0.007509377510807246,1
2023-10-02,4288.39013671875,4300.580078125,4260.2099609375,4284.52001953125,3938660000,7.936755559079245e-05,4325.7830078125,4447.739794921875,25.50067565704201,0.007470196652577121,0
2023-10-03,4229.4501953125,4281.14990234375,4216.4501953125,4269.75,3953830000,-0.013744071674259506,4304.3330078125,4441.23599609375,20.79960890648384,0.008070581189298197,1
2023-10-04,4263.75,4268.5,4220.47998046875,4233.830078125,3777600000,0.008109754957160709,4290.48798828125,4435.161796875,20.141089596363912,0.008849414762646647,0
2023-10-05,4258.18994140625,4267.1298828125,4225.91015625,4259.31005859375,3581470000,-0.001304030159777203,4283.306982421875,4428.990595703125,22.93416682945889,0.007527645920526767,1
2023-10-06,4308.5,4324.10009765625,4219.5498046875,4234.7900390625,3902030000,0.011814893014644445,4282.1509765625,4424.412392578125,31.96284974112143,0.008633479960343892,1
2023-10-09,4335.66015625,4341.72998046875,4283.7900390625,4289.02001953125,3174630000,0.00630385429964031,4281.972998046875,4419.48099609375,37.09638756103352,0.008787204904011034,1
2023-10-10,4358.240234375,4385.4599609375,4339.64013671875,4339.75,3520240000,0.005207990781392224,4290.44404296875,4414.8666015625,44.5110620116473,0.0071912578560850565,1
2023-10-11,4376.9501953125,4378.64013671875,4345.33984375,4366.58984375,3601660000,0.00429300817103373,4300.6880859375,4410.871005859375,56.766109919555944,0.007195645992036457,0
2023-10-12,4349.60986328125,4385.85009765625,4325.43017578125,4380.93994140625,3713140000,-0.00624643434611849,4305.679052734375,4407.595400390625,54.055122542187526,0.007554853864953334,0
2023-10-13,4327.77978515625,4377.10009765625,4311.97021484375,4360.490234375,3566560000,-0.005018858888767519,4309.65205078125,4404.113193359375,48.690332130288915,0.007720451002370797,1
2023-10-16,4373.6298828125,4383.330078125,4342.3701171875,4342.3701171875,3409960000,0.01059436938392988,4318.176025390625,4402.0251953125,64.2697742924801,0.008284236205146183,0
2023-10-17,4373.2001953125,4393.56982421875,4337.5400390625,4345.22998046875,3794850000,-9.824505308242415e-05,4332.551025390625,4399.120400390625,64.09092683688607,0.006285207651899597,0
2023-10-18,4314.60009765625,4364.2001953125,4303.83984375,4357.35009765625,3686030000,-0.013399820506516447,4337.63603515625,4395.4248046875,51.9421090483252,0.007943144855466997,0
2023-10-19,4278.0,4339.5400390625,4269.68994140625,4321.35986328125,3969730000,-0.008482848196321058,4339.617041015625,4391.63060546875,48.77006664180746,0.008500891821953549,0
2023-10-20,4224.16015625,4276.56005859375,4223.02978515625,4273.85009765625,4004030000,-0.012585283719027562,4331.183056640625,4386.73720703125,43.0494600429683,0.008392396245370864,0
2023-10-23,4217.0400390625,4255.83984375,4189.22021484375,4210.39990234375,3776100000,-0.0016855698941634634,4319.321044921875,4381.79701171875,48.48741656271722,0.007885005341068283,1
2023-10-24,4247.68017578125,4259.3798828125,4219.43017578125,4235.7900390625,3821820000,0.007265792222727274,4308.2650390625,4376.9562109375,48.02373606418969,0.008138322080681002,0
2023-10-25,4186.77001953125,4232.419921875,4181.419921875,4232.419921875,3869370000,-0.014339628627712542,4289.247021484375,4371.9344140625,42.26924760098688,0.0085247929795843,0
2023-10-26,4137.22998046875,4183.60009765625,4127.89990234375,4175.990234375,4277640000,-0.011832519778109618,4268.009033203125,4366.592412109375,31.430153625916816,0.008836573826443421,0
2023-10-27,4117.3701171875,4156.7001953125,4103.77978515625,4152.93017578125,4019500000,-0.004800280229768528,4246.96806640625,4361.5326171875,25.951332241690565,0.008836677613484532,1
2023-10-30,4166.81982421875,4177.47021484375,4132.93994140625,4139.39013671875,3911140000,0.012010022325859904,4226.287060546875,4357.474814453125,30.09024748226284,0.009119928579188278,1
2023-10-31,4193.7998046875,4195.5498046875,4153.1201171875,4171.330078125,4249470000,0.006474957307233353,4208.347021484375,4353.35541015625,31.272592196131214,0.009713607177280632,1
2023-11-01,4237.85986328125,4245.64013671875,4197.740234375,4201.27001953125,4224900000,0.010505999486313922,4200.672998046875,4350.361611328125,38.95117669890913,0.010114241933060559,1
2023-11-02,4317.77978515625,4319.72021484375,4268.259765625,4268.259765625,4669780000,0.01885855702012762,4204.6509765625,4347.99701171875,49.113160388061615,0.011667331360036786,1
2023-11-03,4358.33984375,4373.6201171875,4334.22998046875,4334.22998046875,4570960000,0.009393730253031363,4218.0689453125,4347.637607421875,48.63117531656857,0.010869371432055113,1
2023-11-06,4365.97998046875,4372.2099609375,4347.52978515625,4364.27001953125,3656340000,0.0017529924220356374,4232.962939453125,4346.8430078125,49.36185638639905,0.010751920822950258,1
2023-11-07,4378.3798828125,4386.259765625,4355.41015625,4366.2099609375,3791230000,0.0028401189192852616,4246.03291015625,4345.744404296875,56.13833757684612,0.010671801684971604,1
2023-11-08,4382.77978515625,4391.2001953125,4359.759765625,4384.3701171875,3729510000,0.0010049156221052513,4265.63388671875,4343.44740234375,60.75061796677659,0.008832433392528389,0
2023-11-09,4347.35009765625,4393.39990234375,4343.93994140625,4391.41015625,3900780000,-0.008083839306732843,4286.6458984375,4340.097001953125,63.13578603954695,0.008106221304144987,1
2023-11-10,4415.240234375,4418.02978515625,4353.33984375,4364.14990234375,3665080000,0.015616441094852496,4316.43291015625,4338.248603515625,68.70943892977772,0.007934113172443647,0
2023-11-13,4411.5498046875,4421.759765625,4393.81982421875,4406.66015625,3326240000,-0.0008358389332403515,4340.905908203125,4336.16419921875,66.29797657516431,0.008078162610539756,1
2023-11-14,4495.7001953125,4508.669921875,4458.97021484375,4458.97021484375,4700350000,0.019075017703661823,4371.095947265625,4336.1416015625,79.36764925681427,0.009118931079160229,1
2023-11-15,4502.8798828125,4521.169921875,4495.31005859375,4505.2998046875,4347170000,0.0015970120755575135,4397.59794921875,4336.889599609375,87.80422300145491,0.009174757730689091,1
2023-11-16,4508.240234375,4511.990234375,4487.830078125,4497.080078125,3964520000,0.0011904273935798848,4416.643994140625,4338.0316015625,91.66078577093859,0.008086110876490134,1
2023-11-17,4514.02001953125,4520.1201171875,4499.66015625,4509.5498046875,3777240000,0.0012820490603360213,4432.21201171875,4339.162197265625,90.8047955817845,0.007929849200739218,1
2023-11-20,4547.3798828125,4557.10986328125,4510.35986328125,4511.7001953125,3644790000,0.007390278097329839,4450.352001953125,4340.360595703125,90.94064914153384,0.00798854469342189,0
2023-11-21,4538.18994140625,4542.14013671875,4525.509765625,4538.77001953125,3511080000,-0.0020209310950652926,4466.3330078125,4341.886396484375,87.82969270094003,0.008218823833120005,1
2023-11-22,4556.6201171875,4568.43017578125,4545.0498046875,4553.0400390625,3042810000,0.00406112922094648,4483.717041015625,4343.67,85.59888096905053,0.00816737396721126,1
2023-11-24,4559.33984375,4560.31005859375,4552.7998046875,4555.83984375,1639500000,0.0005968736678840791,4504.916015625,4344.754794921875,83.76787864668611,0.007146443951242747,0
2023-11-27,4550.43017578125,4560.52001953125,4546.31982421875,4554.85986328125,3403990000,-0.001954157460090089,4518.435009765625,4346.757001953125,80.8559022162104,0.006300163443548755,1
2023-11-28,4554.89013671875,4568.14013671875,4540.509765625,4545.5498046875,3586240000,0.0009801185306033133,4532.76904296875,4348.784208984375,80.33346479487804,0.006201490297687053,0
2023-11-29,4550.580078125,4587.64013671875,4547.14990234375,4571.83984375,4418760000,-0.0009462486392383118,4538.25703125,4350.916806640625,78.84555659824638,0.002828594614701556,1
2023-11-30,4567.7998046875,4569.89013671875,4537.240234375,4554.8701171875,5399300000,0.0037840728581564065,4544.7490234375,4354.228798828125,90.42724848536946,0.0029434068020553527,1
2023-12-01,4594.6298828125,4599.39013671875,4554.7099609375,4559.43017578125,4397120000,0.005873742123607695,4553.38798828125,4359.521396484375,88.73003356553713,0.003255923065940039,0
2023-12-04,4569.77978515625,4572.3701171875,4546.72021484375,4564.3701171875,4369910000,-0.005408509126972105,4558.96396484375,4364.515791015625,81.30173811073911,0.004000391553415075,0
2023-12-05,4567.18017578125,4578.56005859375,4551.68017578125,4557.25,3909950000,-0.0005688697261614362,4560.943994140625,4369.110595703125,70.87631732812343,0.003384113611244071,0
2023-12-06,4549.33984375,4590.740234375,4546.5,4586.22998046875,4245680000,-0.003906202808869552,4562.058984375,4374.626796875,62.77359524014091,0.0035830906644066995,1
2023-12-07,4585.58984375,4590.919921875,4565.22021484375,4568.83984375,3818880000,0.007968189065892917,4564.95595703125,4380.8483984375,68.17860503545937,0.004203923252668456,1
2023-12-08,4604.3701171875,4609.22998046875,4574.06005859375,4576.2001953125,3707010000,0.00409549786994079,4569.458984375,4386.941796875,70.01113910908757,0.004343040463877025,1
2023-12-11,4622.43994140625,4623.7099609375,4593.39013671875,4593.39013671875,3823210000,0.003924494286698943,4576.6599609375,4393.629599609375,67.83242579827896,0.004297604137263602,1
2023-12-12,4643.7001953125,4643.93017578125,4608.08984375,4618.2998046875,3808380000,0.00459935752021523,4585.540966796875,4400.73580078125,73.70699585949038,0.004392848662710582,1
2023-12-13,4707.08984375,4709.68994140625,4643.22998046875,4646.2001953125,5063650000,0.013650676351045998,4601.191943359375,4410.28859375,78.12631202333621,0.00558898960244886,1
2023-12-14,4719.5498046875,4738.56982421875,4694.33984375,4721.0400390625,6314040000,0.0026470624846992585,4616.366943359375,4419.40458984375,78.89482638974508,0.00559190086408948,0
2023-12-15,4719.18994140625,4725.52978515625,4704.68994140625,4714.22998046875,8218980000,-7.62494933082003e-05,4628.82294921875,4428.62458984375,81.40538222209298,0.005602684287602143,1
2023-12-18,4740.56005859375,4749.52001953125,4725.580078125,4725.580078125,4060340000,0.004528344366900416,4645.9009765625,4437.265791015625,82.50639438661761,0.004834823032023572,1
2023-12-19,4768.3701171875,4768.68994140625,4743.72021484375,4743.72021484375,4026970000,0.005866407818910568,4666.019970703125,4445.919990234375,85.23086304295626,0.004629442560634246,0
2023-12-20,4698.35009765625,4778.009765625,4697.81982421875,4764.72998046875,4201320000,-0.014684266911006771,4680.92099609375,4452.7221875,68.03728255105909,0.007264610310122215,1
2023-12-21,4746.75,4748.7099609375,4708.35009765625,4724.2900390625,3431180000,0.010301467821202559,4697.03701171875,4460.11818359375,69.83520219628537,0.007467555244721365,1
2023-12-22,4754.6298828125,4772.93994140625,4736.77001953125,4753.919921875,3046770000,0.0016600585268868873,4712.06298828125,4468.218583984375,75.21899993471636,0.007485136080214028,1
2023-12-26,4774.75,4784.72021484375,4758.4501953125,4758.85986328125,2513910000,0.0042316894655107795,4727.293994140625,4477.15798828125,77.02659917375863,0.00748887895331022,1
2023-12-27,4781.580078125,4785.39013671875,4768.89990234375,4773.4501953125,2748450000,0.0014304577464787638,4741.081982421875,4485.3169921875,81.13139870978551,0.0074935369300902915,1
2023-12-28,4783.35009765625,4793.2998046875,4780.97998046875,4786.43994140625,2698860000,0.0003701746080437829,4748.7080078125,4493.519990234375,79.20953599436888,0.006498200782399361,0
2023-12-29,4769.830078125,4788.43017578125,4751.990234375,4782.8798828125,3126060000,-0.0028264750133749628,4753.73603515625,4502.62458984375,74.82447297938803,0.006631927032364032,0
2024-01-02,4742.830078125,4754.330078125,4722.669921875,4745.2001953125,3743050000,-0.005660579005492328,4756.100048828125,4511.92119140625,67.59112734640877,0.006966777680597796,0
2024-01-03,4704.81005859375,4729.2900390625,4699.7099609375,4725.06982421875,3950760000,-0.008016314922730805,4752.525048828125,4521.534189453125,58.51231552557442,0.007287220735129193,0
2024-01-04,4688.68017578125,4726.77978515625,4687.52978515625,4697.419921875,3715480000,-0.0034283812973570083,4744.5560546875,4530.9669921875,47.04679787135716,0.0069363033014561305,1
2024-01-05,4697.240234375,4721.490234375,4682.10986328125,4690.56982421875,3844370000,0.0018256861788026324,4744.445068359375,4539.958193359375,46.37584595322628,0.005252983889005293,1
2024-01-08,4763.5400390625,4764.5400390625,4699.81982421875,4703.7001953125,3742320000,0.014114629309846638,4746.124072265625,4551.49359375,55.93344125090312,0.006147073724194889,0
2024-01-09,4756.5,4765.47021484375,4730.35009765625,4741.93017578125,3529960000,-0.0014779006799081618,4746.311083984375,4563.878994140625,52.21757731461542,0.006153996342996836,1
2024-01-10,4783.4501953125,4790.7998046875,4756.2001953125,4759.93994140625,3498680000,0.00566597189372442,4747.181103515625,4577.200595703125,52.102983834724704,0.0062775956806628294,0
2024-01-11,4780.240234375,4798.5,4739.580078125,4792.1298828125,3759890000,-0.0006710555783868699,4747.047119140625,4589.46900390625,64.03526243466123,0.006266983995291344,1
2024-01-12,4783.830078125,4802.39990234375,4768.97998046875,4791.18017578125,3486340000,0.0007509755941104146,4747.0951171875,4601.269609375,57.508522974458764,0.006270709414241827,0
2024-01-16,4765.97998046875,4782.33984375,4747.1201171875,4772.35009765625,4260550000,-0.0037313402367431525,4746.710107421875,4611.83201171875,52.20913457426284,0.0063227831349342446,0
2024-01-17,4739.2099609375,4744.22998046875,4714.81982421875,4739.1298828125,3928600000,-0.005616897183990499,4746.348095703125,4620.260615234375,43.25718414762937,0.0063184997935050394,1
2024-01-18,4780.93994140625,4785.7900390625,4740.56982421875,4760.10009765625,4019000000,0.008805260963896,4753.961083984375,4628.7126171875,49.892752840699934,0.006202621311138935,1
2024-01-19,4839.81005859375,4842.06982421875,4785.8701171875,4796.27978515625,4287200000,0.012313502764936146,4769.074072265625,4638.18921875,57.94002851076569,0.00675129968705775,1
2024-01-22,4850.43017578125,4868.41015625,4844.0498046875,4853.419921875,4297610000,0.0021943252026270788,4784.39306640625,4647.630224609375,61.428094715227076,0.006743977079345592,1
2024-01-23,4864.60009765625,4866.47998046875,4844.3701171875,4856.7998046875,3912800000,0.002921374261968035,4794.499072265625,4657.266630859375,67.91736537099224,0.005563057849682987,1
2024-01-24,4868.5498046875,4903.68017578125,4865.93994140625,4888.56005859375,4330030000,0.0008119284117831249,4805.704052734375,4667.690625,76.77763493064816,0.005444582537295568,1
2024-01-25,4894.16015625,4898.14990234375,4869.33984375,4886.66015625,4020430000,0.005260365527706368,4816.775048828125,4677.2690234375,82.59308426183952,0.005418536889944338,0
2024-01-26,4890.97021484375,4906.68994140625,4881.47021484375,4888.91015625,3353400000,-0.0006517852510764532,4827.848046875,4686.857431640625,81.26188791518075,0.00541736465127565,1
2024-01-29,4927.93017578125,4929.31005859375,4887.39990234375,4892.9501953125,3525160000,0.007556774896180896,4842.258056640625,4695.50203125,79.30198351567056,0.005623900589432614,0
2024-01-30,4924.97021484375,4931.08984375,4916.27001953125,4925.89013671875,3836130000,-0.0006006499345398986,4858.157080078125,4703.943837890625,80.47247182179326,0.0052853403016283815,0
2024-01-31,4845.64990234375,4906.75,4845.14990234375,4899.18994140625,4696120000,-0.016105744611597972,4868.80107421875,4710.69203125,59.45858449054995,0.00772781058302179,1
2024-02-01,4906.18994140625,4906.97021484375,4853.52001953125,4861.10986328125,4386090000,0.012493688211609788,4881.32607421875,4718.5354296875,66.30922046801004,0.008151815146986291,1
2024-02-02,4958.60986328125,4975.2900390625,4907.990234375,4916.06005859375,3974350000,0.01068444607751462,4893.2060546875,4726.760029296875,70.09145721986665,0.007950350775726655,0
2024-02-05,4942.81005859375,4957.18994140625,4918.08984375,4957.18994140625,4023640000,-0.0031863375266721894,4902.44404296875,4734.852431640625,70.42341529438303,0.008149642973699389,1
2024-02-06,4954.22998046875,4957.77001953125,4934.8798828125,4950.16015625,4440880000,0.0023104108269635937,4911.40703125,4742.80462890625,75.74719673325436,0.008143576338402828,1
2024-02-07,4995.06005859375,4999.89013671875,4969.0498046875,4973.0498046875,4895590000,0.008241457963390042,4924.058056640625,4751.519033203125,75.69481554399287,0.008373272669916061,1
2024-02-08,4997.91015625,5000.39990234375,4987.08984375,4995.16015625,4341860000,0.0005705832608251526,4934.433056640625,4760.4686328125,71.91937080197295,0.008338993423629459,1
2024-02-09,5026.60986328125,5030.06005859375,5000.33984375,5004.169921875,3912990000,0.0057423415255595245,4947.997021484375,4769.90302734375,73.2599037154888,0.008347022577232972,0
2024-02-12,5021.83984375,5048.39013671875,5016.830078125,5026.830078125,3805740000,-0.0009489536011326738,4957.38798828125,4779.32822265625,71.28774787900582,0.008237782816289651,0
2024-02-13,4953.169921875,4971.2998046875,4920.31005859375,4967.93994140625,4302190000,-0.013674255653625456,4960.207958984375,4787.035625,59.74796212007011,0.009606063225258735,1
2024-02-14,5000.6201171875,5002.52001953125,4956.4501953125,4976.43994140625,3845600000,0.009579763275017639,4975.70498046875,4795.1554296875,61.67631704657674,0.007926131805414108,1
2024-02-15,5029.72998046875,5032.72021484375,4999.43994140625,5003.14013671875,4137970000,0.005821250684729495,4988.058984375,4804.35443359375,64.4001475586941,0.007312158097428627,0
2024-02-16,5005.56982421875,5038.7001953125,4999.52001953125,5031.1298828125,3833270000,-0.0048034698371121065,4992.75498046875,4813.1222265625,58.277148021055446,0.00702386974397081,0
2024-02-20,4975.509765625,4993.7099609375,4955.02001953125,4989.31982421875,4034880000,-0.006005322001165325,4996.024951171875,4821.645625,55.093684824898894,0.007261553302811218,1
2024-02-21,4981.7998046875,4983.2099609375,4946.0,4963.02978515625,3788390000,0.001264199922982101,4998.78193359375,4829.56982421875,66.09071299225457,0.007243020206606881,1
2024-02-22,5087.02978515625,5094.39013671875,5038.830078125,5038.830078125,4051710000,0.02112288421741404,5007.97890625,4839.223017578125,69.33041884313946,0.009538827510409187,1
2024-02-23,5088.7998046875,5111.06005859375,5081.4599609375,5100.919921875,3672790000,0.0003479475462115911,5017.06787109375,4848.55021484375,65.60619310007363,0.009542448417657673,0
2024-02-26,5069.52978515625,5097.66015625,5068.91015625,5093.0,3683930000,-0.003786751350190576,5021.35986328125,4857.066806640625,65.0648750563071,0.009585666382416862,1
2024-02-27,5078.18017578125,5080.68994140625,5057.2900390625,5074.60009765625,3925950000,0.0017063496993998672,5026.993896484375,4864.48861328125,64.83330138977837,0.009565769000497505,0
2024-02-28,5069.759765625,5077.3701171875,5058.35009765625,5067.2001953125,3789370000,-0.001658155060430544,5038.652880859375,4871.4928125,59.691169781870286,0.008144865291653026,1
2024-02-29,5096.27001953125,5104.990234375,5061.89013671875,5085.35986328125,5219740000,0.005229094697149161,5048.21787109375,4879.0344140625,62.02263902301025,0.00782626298974541,1
2024-03-01,5137.080078125,5140.330078125,5094.16015625,5098.509765625,4748110000,0.00800782894888763,5058.952880859375,4886.964814453125,63.11463911454174,0.007976358769309078,0
2024-03-04,5130.9501953125,5149.669921875,5127.18017578125,5130.990234375,4758440000,-0.0011932620709189656,5071.49091796875,4894.216416015625,62.911512646993565,0.007704100123914645,0
2024-03-05,5078.64990234375,5114.5400390625,5056.81982421875,5110.52001953125,4418410000,-0.010193100883444606,5081.804931640625,4901.822412109375,65.44705037995044,0.008308149587387926,1
2024-03-06,5104.759765625,5127.97021484375,5092.22021484375,5108.02978515625,4559050000,0.005141103203274655,5094.100927734375,4908.982607421875,63.53091050279529,0.008355925779564437,1
2024-03-07,5157.35986328125,5165.6201171875,5128.2099609375,5132.3798828125,4137980000,0.010304127925951478,5101.133935546875,4917.03720703125,65.62898369093375,0.006056990273800958,0
2024-03-08,5123.68994140625,5189.259765625,5117.5,5164.4599609375,4208870000,-0.0065285190034379825,5104.62294921875,4924.016005859375,64.13524397626266,0.006558114557424806,0
2024-03-11,5117.93994140625,5124.66015625,5091.14013671875,5111.9599609375,3896430000,-0.001122238087346461,5109.46396484375,4930.743203125,68.09734573668806,0.0064078436910583745,1
2024-03-12,5175.27001953125,5179.8701171875,5114.47998046875,5134.2998046875,4080510000,0.011201787981366396,5119.17294921875,4938.5816015625,71.76016897305811,0.007185540608611866,0
2024-03-13,5165.31005859375,5179.14013671875,5151.8798828125,5173.490234375,4282890000,-0.0019245297153407392,5128.727978515625,4946.491201171875,61.20590833855238,0.007200751969697786,0
2024-03-14,5150.47998046875,5176.85009765625,5123.2998046875,5175.14013671875,4687970000,-0.0028710915621273925,5134.148974609375,4954.64419921875,58.51133645521005,0.007239173629704612,0
2024-03-15,5117.08984375,5136.85986328125,5104.35009765625,5123.31005859375,7753670000,-0.006482917484461503,5132.149951171875,4962.889794921875,56.31672401694957,0.007148578070769155,1
2024-03-18,5149.419921875,5175.60009765625,5145.47021484375,5154.77001953125,4036220000,0.006318059504952345,5133.996923828125,4972.10458984375,58.90182784637744,0.00744074957964441,1
2024-03-19,5178.509765625,5180.31005859375,5131.58984375,5139.08984375,4031760000,0.0056491496501236416,5143.98291015625,4981.72998046875,62.9214917268107,0.006574558193053117,1
2024-03-20,5224.6201171875,5226.18994140625,5171.5498046875,5181.68994140625,4064850000,0.008904173912846591,5155.9689453125,4990.95158203125,64.571638906782,0.006877059135632933,1
2024-03-21,5241.52978515625,5261.10009765625,5240.66015625,5253.43017578125,4207730000,0.0032365354015160275,5164.3859375,5000.652177734375,62.53867174357249,0.006307796676362961,0
2024-03-22,5234.18017578125,5246.08984375,5229.8701171875,5242.47998046875,3374700000,-0.0014021878490156903,5175.4349609375,5009.66677734375,62.3560655561413,0.005754390127294815,0
2024-03-25,5218.18994140625,5229.08984375,5216.08984375,5219.52001953125,3331360000,-0.0030549644525015296,5185.4599609375,5018.425771484375,68.29218022705044,0.005906966013462462,0
2024-03-26,5203.580078125,5235.16015625,5203.419921875,5228.85009765625,3871790000,-0.002799795225030266,5188.290966796875,5026.820771484375,63.356987101304654,0.005072781775512382,1
2024-03-27,5248.490234375,5249.259765625,5213.919921875,5226.31005859375,3850500000,0.008630626525532925,5196.608984375,5036.4709765625,62.57907627853183,0.005572524096817132,1
2024-03-28,5254.35009765625,5264.85009765625,5245.81982421875,5248.02978515625,3998270000,0.0011164855071790214,5206.99599609375,5046.773779296875,69.53534279857263,0.005354422045509051,0
2024-04-01,5243.77001953125,5263.9501953125,5229.2001953125,5257.97021484375,3325930000,-0.0020135845401164643,5219.664013671875,5056.030380859375,68.5453320744289,0.004714953216498386,0
2024-04-02,5205.81005859375,5208.33984375,5184.0498046875,5204.2900390625,3886590000,-0.0072390590731691296,5225.30302734375,5063.350380859375,54.77367297905403,0.005383540765262745,1
2024-04-03,5211.490234375,5228.75,5194.3701171875,5194.3701171875,3703250000,0.001091122364688113,5228.60107421875,5070.57158203125,57.31624865204402,0.005143445831220669,0
2024-04-04,5147.2099609375,5256.58984375,5146.06005859375,5244.0498046875,4075680000,-0.012334336350379616,5220.86005859375,5076.223779296875,49.552113832774005,0.005708855749149195,1
2024-04-05,5204.33984375,5222.18017578125,5157.2099609375,5158.9501953125,3386780000,0.011099194174331695,5217.141064453125,5082.939580078125,61.2207092818515,0.006856295442515563,0
2024-04-08,5202.39013671875,5219.56982421875,5197.35009765625,5211.3701171875,3278180000,-0.00037463099831791524,5213.962060546875,5089.1041796875,57.38961858143409,0.006852145480099024,1
2024-04-09,5209.91015625,5224.81005859375,5160.77978515625,5217.02978515625,3400680000,0.0014454931932483817,5213.13408203125,5095.482978515625,54.661026776913175,0.006819823196984159,0
2024-04-10,5160.64013671875,5178.43017578125,5138.7001953125,5167.8798828125,3845930000,-0.009456980649108493,5208.840087890625,5100.137177734375,40.5911658306035,0.007408091286493794,1
2024-04-11,5199.06005859375,5211.77978515625,5138.77001953125,5172.9501953125,3509380000,0.007444797710585593,5203.8970703125,5105.618974609375,44.12606095314247,0.0072480590700125065,0
2024-04-12,5123.41015625,5175.02978515625,5107.93994140625,5171.509765625,3963220000,-0.01455068829580164,5190.803076171875,5111.1741796875,37.114073145046135,0.008365565894312234,0
2024-04-15,5061.81982421875,5168.43017578125,5052.47021484375,5149.669921875,3950210000,-0.01202135494776202,5172.608056640625,5114.28677734375,33.5541884063925,0.00888488801818479,0
2024-04-16,5051.41015625,5079.83984375,5039.830078125,5064.58984375,4006200000,-0.0020565070133361507,5157.16806640625,5116.142783203125,33.85327831650153,0.008792553683430291,0
2024-04-17,5022.2099609375,5077.9599609375,5007.25,5068.97021484375,3596130000,-0.005780602724641426,5138.2400390625,5117.73078125,25.161331126509324,0.008707893124187382,0
2024-04-18,5011.1201171875,5056.66015625,5001.89013671875,5031.52001953125,3619760000,-0.002208160119998248,5124.6310546875,5118.868583984375,23.603847070980052,0.008158344577379321,0
2024-04-19,4967.22998046875,5019.02001953125,4953.56005859375,5005.43994140625,3878750000,-0.00875854812743615,5100.920068359375,5118.311982421875,22.012385920454165,0.006733245794411663,1
2024-04-22,5010.60009765625,5038.83984375,4969.39990234375,4987.330078125,3820250000,0.008731248071466746,5081.741064453125,5118.56578125,30.457514806320233,0.007889400505798064,1
2024-04-23,5070.5498046875,5076.1201171875,5027.9599609375,5028.85009765625,3751400000,0.011964576270872662,5067.805029296875,5119.444580078125,37.2733060674522,0.009240406702753284,1
2024-04-24,5071.6298828125,5089.47998046875,5047.02001953125,5084.85986328125,3656740000,0.0002130100613548791,5058.90400390625,5120.440380859375,42.29591552324146,0.008952645581027114,0
2024-04-25,5048.419921875,5057.75,4990.580078125,5019.8798828125,3958050000,-0.004576430353515626,5043.839990234375,5122.345380859375,32.925968542940126,0.008376493935333138,1
2024-04-26,5099.9599609375,5114.6201171875,5073.14013671875,5084.64990234375,3604140000,0.01020914263474304,5041.494970703125,5124.332177734375,39.88223911594451,0.008209156232180928,1
2024-04-29,5116.169921875,5123.490234375,5088.64990234375,5114.1298828125,3447450000,0.0031784486665891176,5046.92998046875,5126.0609765625,40.896883185360664,0.007164886818520761,0
2024-04-30,5035.68994140625,5110.830078125,5035.31005859375,5103.77978515625,4082470000,-0.01573051358686217,5045.357958984375,5126.66337890625,38.55955693531426,0.008921858272713934,0
2024-05-01,5018.39013671875,5096.1201171875,5013.4501953125,5029.02978515625,4544170000,-0.0034354388154940185,5044.9759765625,5127.520986328125,32.79234851712059,0.008790944837788174,1
2024-05-02,5064.2001953125,5073.2099609375,5011.0498046875,5049.31982421875,4381660000,0.009128437077573048,5050.283984375,5129.168994140625,44.02076475356648,0.009201827071497965,1
2024-05-03,5127.7900390625,5139.1201171875,5101.22021484375,5122.77978515625,3924990000,0.012556739721478527,5066.339990234375,5129.98419921875,56.63511507964181,0.009134906434069502,1
2024-05-06,5180.740234375,5181.0,5142.419921875,5142.419921875,3683250000,0.01032612390701182,5083.35400390625,5131.8230078125,61.98233150326986,0.00925487804524115,1
2024-05-07,5187.7001953125,5200.22998046875,5178.9599609375,5187.2001953125,3987890000,0.0013434298232750663,5095.06904296875,5134.186416015625,65.99156739291269,0.00875670618362097,0
2024-05-08,5187.669921875,5191.9501953125,5165.85986328125,5168.97998046875,3842100000,-5.835618166138978e-06,5106.673046875,5136.3762109375,67.43288147295299,0.008762831929531341,1
2024-05-09,5214.080078125,5215.2998046875,5180.41015625,5189.02978515625,3727370000,0.005090947698625836,5123.2390625,5139.2626171875,75.24596827755789,0.008447581418890942,1
2024-05-10,5222.68017578125,5239.66015625,5209.68017578125,5225.490234375,3617900000,0.001649398844549843,5135.511083984375,5141.7908203125,73.35065879028599,0.008092084410777063,0
2024-05-13,5221.419921875,5237.259765625,5211.16015625,5233.080078125,4255710000,-0.00024130405535727206,5146.036083984375,5143.4776171875,69.07668409393438,0.008128188868148818,1
2024-05-14,5246.68017578125,5250.3701171875,5217.97998046875,5221.10009765625,4763580000,0.004837813139759728,5167.135107421875,5145.792216796875,70.85864762620685,0.005198056211155395,1
2024-05-15,5308.14990234375,5311.759765625,5263.259765625,5263.259765625,4360810000,0.011715927882596233,5196.111083984375,5150.382216796875,78.36281444654529,0.004951797771362727,0
2024-05-16,5297.10009765625,5325.490234375,5296.18994140625,5310.06982421875,3817470000,-0.0020816677921287052,5219.40107421875,5154.2290234375,73.61636415748805,0.00532890220819926,1
2024-05-17,5303.27001953125,5305.4501953125,5283.58984375,5303.10009765625,3578120000,0.0011647735102702228,5236.949072265625,5157.1472265625,72.96606583532419,0.004585560185927035,1
2024-05-20,5308.1298828125,5325.31982421875,5302.39990234375,5305.35009765625,3420100000,0.0009163899374069473,5249.688037109375,5160.836025390625,91.06471797845923,0.003918785935514854,1
2024-05-21,5321.41015625,5324.31982421875,5297.8701171875,5298.68994140625,3662240000,0.002501874243978186,5263.059033203125,5164.9054296875,96.23426722949768,0.003899878317544919,0
2024-05-22,5307.009765625,5323.18017578125,5286.009765625,5319.27978515625,3847130000,-0.002706123039226127,5274.993017578125,5167.540224609375,90.97484525481045,0.00418028349504639,0
2024-05-23,5267.83984375,5341.8798828125,5256.93017578125,5340.259765625,3869520000,-0.0073807894850155265,5280.368994140625,5169.5908203125,75.75665598643658,0.005025133928493724,1
2024-05-24,5304.72021484375,5311.64990234375,5278.39013671875,5281.4501953125,3005510000,0.0070010425881694704,5288.572998046875,5172.675625,74.23365229889994,0.005370617239384138,1
2024-05-28,5306.0400390625,5315.91015625,5280.89013671875,5315.91015625,3751540000,0.0002488018529340774,5297.035009765625,5176.45462890625,73.65272383034372,0.005354434809467325,0
2024-05-29,5266.9501953125,5282.27001953125,5262.7001953125,5278.72998046875,3552750000,-0.007367046509680453,5299.06201171875,5178.805234375,63.70584342353172,0.005902829969890385,0
2024-05-30,5235.47998046875,5260.2099609375,5222.10009765625,5259.77001953125,3818750000,-0.005975035585443322,5291.79501953125,5179.944638671875,53.63596692810696,0.0046539242171860715,1
2024-05-31,5277.509765625,5280.330078125,5191.68017578125,5243.2099609375,5437160000,0.00802787620486467,5289.835986328125,5181.002431640625,58.365554100344035,0.005502317566835384,1
2024-06-03,5283.39990234375,5302.10986328125,5234.31982421875,5297.14990234375,4046920000,0.0011160825806737495,5287.848974609375,5181.839833984375,59.3247756132894,0.005500842816478473,1
2024-06-04,5291.33984375,5298.7998046875,5257.6298828125,5278.240234375,3707900000,0.0015028090913065117,5286.169970703125,5182.98302734375,57.08838568977356,0.005519077300182925,1
2024-06-05,5354.02978515625,5354.16015625,5297.64013671875,5314.47998046875,3591460000,0.011847649793331305,5289.43193359375,5185.69982421875,57.25396041132693,0.006709690311287508,0
2024-06-06,5352.9599609375,5362.35009765625,5335.35986328125,5357.7998046875,3609990000,-0.00019981663563317653,5294.026953125,5188.687421875,59.11967233239958,0.006617338884366734,0
2024-06-07,5346.990234375,5375.080078125,5331.330078125,5343.81005859375,3692760000,-0.0011152197300303701,5301.9419921875,5190.657421875,57.142424111893384,0.006017475043251864,1
2024-06-10,5360.7900390625,5365.7900390625,5331.52001953125,5341.22021484375,3622280000,0.0025808546645145203,5307.548974609375,5192.786220703125,58.358754960317455,0.005724412269187731,1
2024-06-11,5375.31982421875,5375.9501953125,5327.25,5353.0,3568030000,0.0027103813151374556,5314.476953125,5195.417216796875,58.52328082275325,0.005738242837769423,1
2024-06-12,5421.02978515625,5447.25,5409.1298828125,5409.1298828125,3962840000,0.008503672791998707,5329.884912109375,5199.721611328125,66.40296936924787,0.005244320970596317,1
2024-06-13,5433.740234375,5441.93017578125,5402.509765625,5441.93017578125,3530380000,0.0023446558536817097,5349.7109375,5204.166611328125,75.83316606144656,0.004244575445055348,0
2024-06-14,5431.60009765625,5432.39013671875,5403.75,5424.080078125,3438650000,-0.000393860697500914,5365.119970703125,5209.8544140625,72.15396000436515,0.004131472966294366,1
2024-06-17,5473.22998046875,5488.5,5420.39990234375,5431.10986328125,3447840000,0.007664386564552705,5384.102978515625,5215.232216796875,75.590080401304,0.0043331439781570625,1
2024-06-18,5487.02978515625,5490.3798828125,5471.31982421875,5476.14990234375,3544330000,0.0025213273947457537,5403.67197265625,5220.925009765625,86.51204990076552,0.0042915908546923955,0
2024-06-20,5473.169921875,5505.52978515625,5455.56005859375,5499.990234375,3847060000,-0.0025259318472709014,5415.585986328125,5226.190205078125,91.88087941509983,0.0035891357043813794,0
2024-06-21,5464.6201171875,5478.31005859375,5452.02978515625,5466.77001953125,6773800000,-0.001562130321101196,5426.752001953125,5232.2698046875,87.37885101601273,0.003714395642728937,0
2024-06-24,5447.8701171875,5490.66015625,5447.58984375,5459.580078125,3696750000,-0.003065171894990004,5436.839990234375,5237.246005859375,81.48973604844878,0.003944415489734221,1
2024-06-25,5469.2998046875,5472.8798828125,5446.56005859375,5460.72998046875,3591960000,0.003933590015736899,5447.690966796875,5244.163798828125,82.39892614585926,0.003994088266180666,1
2024-06-26,5477.89990234375,5483.14013671875,5451.8701171875,5460.7099609375,3563920000,0.0015724312002203256,5457.948974609375,5252.485400390625,78.08224333826303,0.003988220795454594,1
2024-06-27,5482.8701171875,5490.81005859375,5467.5400390625,5473.58984375,3589530000,0.0009073212238914774,5464.1330078125,5261.114599609375,78.9397657460102,0.0032446353196123644,0
2024-06-28,5460.47998046875,5523.64013671875,5451.1201171875,5488.47998046875,7199220000,-0.004083652583445674,5466.806982421875,5269.88,73.55833456652226,0.0035970298257334186,1
2024-07-01,5475.08984375,5479.5498046875,5446.52978515625,5471.080078125,3488760000,0.0026755639309195,5471.15595703125,5279.15939453125,73.6469613706158,0.003643243692317224,1
2024-07-02,5509.009765625,5509.68994140625,5458.43017578125,5461.83984375,3329950000,0.006195317856513505,5474.733935546875,5289.994990234375,75.6042500902424,0.0033540016508883147,1
2024-07-03,5537.02001953125,5539.27001953125,5507.419921875,5507.43994140625,2179470000,0.005084444409779065,5479.732958984375,5300.523388671875,73.83000750368163,0.00360114516532988,1
2024-07-05,5567.18994140625,5570.330078125,5531.6298828125,5537.91015625,3253080000,0.005448765178485582,5489.1349609375,5310.45619140625,75.58178063907417,0.00363774518972738,1
2024-07-08,5572.85009765625,5583.10986328125,5562.509765625,5572.75,3185670000,0.0010166989647510949,5499.957958984375,5320.480595703125,76.71651384958662,0.0034673743247571665,1
2024-07-09,5576.97998046875,5590.75,5574.56982421875,5584.240234375,3232920000,0.0007410719362856977,5512.8689453125,5331.051796875,72.86757298940137,0.0030354187954204164,1
2024-07-10,5633.91015625,5635.39013671875,5586.43994140625,5591.259765625,3336100000,0.010208065293514812,5529.32998046875,5341.73080078125,77.20208565811629,0.0039191699146167765,0
2024-07-11,5584.5400390625,5642.4501953125,5576.52978515625,5635.2099609375,4020950000,-0.008763028841120457,5539.993994140625,5351.098203125,68.2280977680598,0.0054099097745608045,1
2024-07-12,5615.35009765625,5655.56005859375,5590.43994140625,5590.759765625,3700280000,0.0055170270744306915,5553.2419921875,5362.69140625,72.99462332751817,0.005507365684419163,1
2024-07-15,5631.22021484375,5666.93994140625,5614.75,5638.16015625,3620470000,0.0028262026252154904,5570.316015625,5374.9480078125,78.04628109543776,0.005014349659480145,1
2024-07-16,5667.2001953125,5669.669921875,5639.02001953125,5644.08984375,4041760000,0.006389375498743188,5589.52705078125,5387.0080078125,78.98188006807487,0.005116324319168634,0
2024-07-17,5588.27001953125,5622.490234375,5584.81005859375,5610.06982421875,4246450000,-0.013927543241993745,5597.453076171875,5396.217607421875,63.402532534218146,0.007380153900242229,0
2024-07-18,5544.58984375,5614.0498046875,5522.81005859375,5608.56005859375,4007510000,-0.007816403936922511,5598.21005859375,5403.494599609375,56.85073015487608,0.007791162385080434,0
2024-07-19,5505.0,5557.5,5497.0400390625,5543.3701171875,3760570000,-0.007140265531926926,5591.991064453125,5409.840595703125,54.75986380849662,0.00785914658094013,1
2024-07-22,5564.41015625,5570.35986328125,5529.0400390625,5544.5400390625,3375180000,0.01079203564940956,5591.1470703125,5417.375400390625,58.714841070203526,0.0087125703717176,0
2024-07-23,5555.740234375,5585.33984375,5550.89990234375,5565.2998046875,3500210000,-0.001558102589770738,5589.023095703125,5424.208603515625,54.79571220114491,0.008717735553259309,0
2024-07-24,5427.1298828125,5508.0400390625,5419.97998046875,5505.83984375,3945550000,-0.02314909375473495,5568.345068359375,5428.29759765625,40.65259665552728,0.010441523354278398,0
2024-07-25,5399.22021484375,5491.58984375,5390.9501953125,5428.7001953125,4592120000,-0.005142620237842288,5549.8130859375,5431.853603515625,35.65711703057352,0.010307718817763904,1
2024-07-26,5459.10009765625,5488.31982421875,5430.7001953125,5433.669921875,3638770000,0.011090468702846357,5534.1880859375,5436.102001953125,41.11009349360808,0.010968208127676146,1
2024-07-29,5463.5400390625,5487.740234375,5444.43994140625,5476.5498046875,3379970000,0.0008133101292933098,5517.420068359375,5439.2098046875,41.13862009253291,0.010872276395915809,0
2024-07-30,5436.43994140625,5489.4599609375,5401.7001953125,5478.72998046875,3777740000,-0.004960171878030217,5494.34404296875,5441.9966015625,33.82056068484941,0.010367981311084486,1
2024-07-31,5522.2998046875,5551.509765625,5493.75,5505.58984375,4546910000,0.0157933986591674,5487.747021484375,5446.377197265625,45.18815816096953,0.011442022954746717,0
2024-08-01,5446.68017578125,5566.16015625,5410.419921875,5537.83984375,4703620000,-0.013693502993456064,5477.9560546875,5449.148203125,37.80493315653389,0.011962836415991008,0
2024-08-02,5346.56005859375,5383.89013671875,5302.02978515625,5376.6298828125,5156450000,-0.018381860868696753,5462.112060546875,5449.651201171875,31.653762057554005,0.013011483298231452,0
2024-08-05,5186.330078125,5250.89013671875,5119.259765625,5151.14013671875,5333250000,-0.02996879838863975,5424.304052734375,5447.237607421875,23.286471777277953,0.014559130390438912,1
2024-08-06,5240.02978515625,5312.33984375,5193.56005859375,5206.419921875,4690190000,0.010354085880061037,5392.7330078125,5446.68140625,30.096448485457373,0.0155029246941386,0
2024-08-07,5199.5,5330.64013671875,5195.5400390625,5293.1298828125,4558260000,-0.007734647858502863,5369.97001953125,5444.577001953125,30.205223232641217,0.014297354517237343,1
2024-08-08,5319.31005859375,5328.02978515625,5233.85009765625,5252.56982421875,4016830000,0.023042611519136447,5361.97900390625,5444.84240234375,40.24624141240512,0.016668677707102415,1
2024-08-09,5344.16015625,5358.669921875,5300.83984375,5314.66015625,3516400000,0.004671676849538509,5350.485009765625,5446.3866015625,37.99503909639164,0.01625420392707769,1
2024-08-12,5344.39013671875,5371.2001953125,5324.3701171875,5351.8798828125,3360160000,4.303397765514916e-05,5338.57001953125,5448.5648046875,38.37316435703138,0.0162411767676246,1
2024-08-13,5434.43017578125,5436.5,5376.97998046875,5376.97998046875,3648980000,0.016847579753558328,5338.36904296875,5451.703212890625,50.41940335937854,0.017245068679220012,1
2024-08-14,5455.2099609375,5463.22021484375,5415.91015625,5442.35986328125,3380050000,0.0038237284285767004,5331.66005859375,5455.1394140625,53.243191721286955,0.016430744823536632,1
2024-08-15,5543.22021484375,5546.22998046875,5501.1298828125,5501.1298828125,3723310000,0.016133247764330783,5341.3140625,5460.177021484375,54.71885405128239,0.016596941088468303,1
2024-08-16,5554.25,5561.97998046875,5525.169921875,5530.5,3357690000,0.001989779357261412,5362.083056640625,5464.18142578125,55.051176833333514,0.015007293958586585,1
2024-08-19,5608.25,5608.2998046875,5550.740234375,5557.22998046875,3222050000,0.009722284736913167,5404.275048828125,5469.2872265625,59.2889474126047,0.009156838702906045,0
2024-08-20,5597.1201171875,5620.509765625,5585.5,5602.8798828125,2994420000,-0.0019845553982971165,5439.98408203125,5474.28982421875,54.40078531294767,0.009608004985176277,1
2024-08-21,5620.85009765625,5632.68017578125,5591.56982421875,5603.08984375,3119670000,0.004239676828782013,5482.119091796875,5479.491025390625,60.91031215666315,0.008268050045122993,0
2024-08-22,5570.64013671875,5643.22021484375,5560.9501953125,5637.77001953125,2981530000,-0.008932805548120926,5507.252099609375,5483.397431640625,64.97302404735865,0.007916481521392927,1
2024-08-23,5634.60986328125,5641.81982421875,5585.16015625,5602.490234375,3291940000,0.01148337085011919,5536.2970703125,5487.669033203125,84.37628010948563,0.008205808253449397,0
2024-08-26,5616.83984375,5651.6201171875,5602.33984375,5639.66015625,2938570000,-0.0031537266931381813,5563.542041015625,5491.331025390625,80.58079605246994,0.008492212501813813,1
2024-08-27,5625.7998046875,5631.18017578125,5593.47998046875,5602.89013671875,2798990000,0.0015951960865450143,5582.67900390625,5495.21501953125,86.46583064349058,0.007435181617111923,0
2024-08-28,5592.18017578125,5627.02978515625,5560.9501953125,5624.509765625,3053450000,-0.00597597320797616,5596.376025390625,5497.5940234375,77.37850512160756,0.00801012507886411,0
2024-08-29,5591.9599609375,5646.9501953125,5583.7099609375,5607.2998046875,3065640000,-3.937906806072977e-05,5601.25,5499.692626953125,76.15581732870443,0.006431375823971757,1
2024-08-30,5648.39990234375,5651.3701171875,5581.7900390625,5612.740234375,4185850000,0.010093051774424433,5610.664990234375,5503.1972265625,78.6850820176659,0.007064092338201632,0
2024-09-03,5528.93017578125,5623.89013671875,5504.330078125,5623.89013671875,3866350000,-0.02115107439771169,5602.7330078125,5504.483427734375,58.447473038586644,0.009497963522238733,0
2024-09-04,5520.06982421875,5552.990234375,5503.66015625,5506.68017578125,3478140000,-0.0016025435809103872,5595.027978515625,5505.927421875,55.92414694299871,0.009496041560783737,0
2024-09-05,5503.41015625,5546.2998046875,5480.5400390625,5520.080078125,3521650000,-0.003018017615584734,5583.283984375,5506.60962890625,45.81887590526662,0.009297100005085894,0
2024-09-06,5408.419921875,5522.47021484375,5402.6201171875,5507.330078125,3822800000,-0.01726024985928465,5567.061962890625,5505.220029296875,36.9801384553682,0.01029904206818676,1
2024-09-09,5471.0498046875,5484.2001953125,5434.490234375,5442.06982421875,3825940000,0.0115800702824842,5550.70595703125,5504.983623046875,37.936518022280346,0.010314084860244144,1
2024-09-10,5495.52001953125,5497.91015625,5441.72021484375,5490.509765625,3848180000,0.004472672652839682,5538.573974609375,5505.684423828125,41.27146195052583,0.010571429596254612,1
2024-09-11,5554.1298828125,5560.41015625,5406.9599609375,5496.419921875,3839450000,0.010665025888896507,5531.406982421875,5507.265224609375,44.592118375549816,0.011291180754373036,1
2024-09-12,5595.759765625,5600.7099609375,5535.5,5557.47998046875,3655070000,0.007495302358939249,5531.76494140625,5509.000224609375,52.06474249014887,0.011463491178544859,1
2024-09-13,5626.02001953125,5636.27001953125,5601.64990234375,5603.33984375,3500790000,0.005407711405364557,5535.170947265625,5510.780224609375,49.25252387912574,0.011583676759181117,1
2024-09-16,5633.08984375,5636.0498046875,5604.52978515625,5615.2099609375,3437070000,0.0012566297656613212,5533.63994140625,5512.09822265625,51.44088475866046,0.011112276485874954,1
2024-09-17,5634.580078125,5670.81005859375,5614.0498046875,5655.509765625,3443600000,0.00026455008109871336,5544.204931640625,5513.332822265625,50.788997040932024,0.008349392639532957,0
2024-09-18,5618.259765625,5689.75,5615.080078125,5641.68017578125,3691390000,-0.002896455862498093,5554.02392578125,5514.15841796875,52.418715736256694,0.008419880936362686,1
2024-09-19,5713.64013671875,5733.56982421875,5686.419921875,5702.6298828125,4024530000,0.01697685316676334,5575.046923828125,5515.753017578125,59.59198064367629,0.009459414225372508,0
2024-09-20,5702.5498046875,5715.14013671875,5674.490234375,5709.64013671875,7867260000,-0.0019410273951238066,5604.459912109375,5518.113212890625,54.597303278002144,0.006423897748466002,1
2024-09-23,5718.56982421875,5725.35986328125,5704.22021484375,5711.89990234375,3529550000,0.0028092730585327352,5629.2119140625,5520.177607421875,69.53109127738452,0.006064133279496389,1
2024-09-24,5732.93017578125,5735.31982421875,5698.990234375,5727.66015625,3872710000,0.0025111788443470395,5652.9529296875,5522.211806640625,71.67702604596582,0.006095000796887399,0
2024-09-25,5722.259765625,5741.02978515625,5712.06005859375,5733.64990234375,3624910000,-0.0018612489301417234,5669.76591796875,5523.312998046875,72.56217883664362,0.005915781376618669,1
2024-09-26,5745.3701171875,5767.3701171875,5721.009765625,5762.22021484375,4391180000,0.00403867571712313,5684.726953125,5526.455,90.78191226564735,0.005721890129529939,0
2024-09-27,5738.169921875,5763.77978515625,5727.33984375,5755.35986328125,3898530000,-0.0012532169669905446,5695.941943359375,5530.3266015625,87.34038283547248,0.005753662449739231,1
2024-09-30,5762.47998046875,5765.14013671875,5703.52978515625,5726.52001953125,4425730000,0.004236552581176722,5708.88095703125,5535.476201171875,87.33471181607362,0.0057884919443638725,0
2024-10-01,5708.75,5757.72998046875,5681.27978515625,5757.72998046875,4025180000,-0.009324107094664358,5716.29794921875,5538.362998046875,71.92306414183093,0.006856643526678364,1
2024-10-02,5709.5400390625,5719.6298828125,5674.0,5698.14013671875,3829050000,0.00013839090212397487,5725.4259765625,5541.438994140625,68.24555414268086,0.006714496390022074,0
2024-10-03,5699.93994140625,5718.77978515625,5677.3701171875,5698.18994140625,3597450000,-0.001681413492255035,5724.05595703125,5546.8951953125,62.6947975715292,0.0040346211654747974,1
2024-10-04,5751.06982421875,5753.2099609375,5702.830078125,5737.47998046875,3479400000,0.008970249395274354,5728.907958984375,5553.9321875,67.59830734382625,0.004903215335378258,0
2024-10-07,5695.93994140625,5739.33984375,5686.85009765625,5737.7998046875,3637790000,-0.009586022165882668,5726.644970703125,5558.668984375,57.89007081066216,0.005833716444430409,1
2024-10-08,5751.1298828125,5757.60009765625,5714.56005859375,5719.14013671875,3393400000,0.009689347495581924,5728.46494140625,5564.42078125,65.53266495729228,0.006618040979247778,1
2024-10-09,5792.0400390625,5796.7998046875,5745.02001953125,5751.7998046875,3650340000,0.007113411987488272,5735.44296875,5571.532783203125,60.50256476002716,0.006889800975089443,0
2024-10-10,5780.0498046875,5795.02978515625,5764.759765625,5778.35986328125,3208790000,-0.002070122839989974,5738.9109375,5576.687783203125,60.35704124806523,0.006884328256225621,1
2024-10-11,5815.02978515625,5822.1298828125,5775.08984375,5775.08984375,3208720000,0.006051847587953629,5746.596923828125,5584.054775390625,62.269088975892835,0.0070486964440704255,1
2024-10-14,5859.85009765625,5871.41015625,5829.56982421875,5829.81005859375,3005250000,0.0077076668832223305,5756.333935546875,5594.320576171875,64.9824659290291,0.007287839942503423,0
2024-10-15,5815.259765625,5870.35986328125,5804.47998046875,5866.740234375,3882120000,-0.007609466332438197,5766.984912109375,5606.899169921875,60.16434665852654,0.0070146794849425455,1
2024-10-16,5842.47021484375,5846.52001953125,5808.33984375,5816.580078125,3467230000,0.004679145956573816,5780.2779296875,5618.947978515625,60.51819544513545,0.007036893605825728,0
2024-10-17,5841.47021484375,5878.4599609375,5840.25,5875.6201171875,3480010000,-0.00017116047891174713,5794.43095703125,5631.7873828125,61.342174366650546,0.006957073162168337,1
2024-10-18,5864.669921875,5872.169921875,5846.10986328125,5859.43017578125,3374490000,0.00397155273894878,5805.790966796875,5642.694580078125,61.247685003552434,0.006609634402565432,0
2024-10-21,5853.97998046875,5866.919921875,5824.7900390625,5857.81982421875,3407010000,-0.0018227694906369774,5821.594970703125,5652.8909765625,67.65795813588443,0.005455718020343719,0
2024-10-22,5851.2001953125,5863.0400390625,5821.169921875,5832.7001953125,3342080000,-0.0004748538883844189,5831.602001953125,5663.027177734375,67.14098001124928,0.004942760977169151,0
2024-10-23,5797.419921875,5834.85009765625,5762.41015625,5834.5,3532650000,-0.009191323428069387,5832.139990234375,5670.28697265625,60.655858456355276,0.005615782412954611,1
2024-10-24,5809.85986328125,5817.7998046875,5784.919921875,5817.7998046875,3543030000,0.002145772011323821,5835.12099609375,5677.379970703125,57.0203610411419,0.005592375998956333,0
2024-10-25,5808.1201171875,5862.81982421875,5799.97998046875,5826.75,3501280000,-0.00029944716993013376,5834.430029296875,5682.67796875,65.35365294576016,0.0052452947200134605,1
2024-10-28,5823.52001953125,5842.919921875,5823.080078125,5833.93017578125,3691280000,0.0026514435020339455,5830.797021484375,5688.063369140625,61.118785877030746,0.004614068790206511,1
2024-10-29,5832.919921875,5847.18994140625,5802.169921875,5819.68017578125,3879100000,0.001614127248163344,5832.563037109375,5692.556767578125,56.95187609814101,0.003931247443130981,0
2024-10-30,5813.669921875,5850.93994140625,5811.27978515625,5832.64990234375,3851120000,-0.003300233889343751,5829.6830078125,5696.887763671875,55.57954173433038,0.0037516459965490187,0
2024-10-31,5705.4501953125,5775.33984375,5702.85986328125,5775.33984375,4425660000,-0.018614700871699585,5816.081005859375,5698.579765625,35.370663231714545,0.006840610511473823,1
2024-11-01,5728.7998046875,5772.52001953125,5723.22021484375,5723.22021484375,3796450000,0.004092509543626166,5802.493994140625,5701.742958984375,31.440228478172173,0.006853090646613862,0
2024-11-04,5712.68994140625,5741.43017578125,5696.509765625,5725.14990234375,3602060000,-0.002812083478299976,5788.364990234375,5703.304560546875,34.1990651660782,0.0068522567251345185,1
2024-11-05,5782.759765625,5783.43994140625,5722.10009765625,5722.43017578125,3768310000,0.012265644545291332,5781.520947265625,5706.622958984375,41.87454235454682,0.008287907986939734,1
2024-11-06,5929.0400390625,5936.14013671875,5864.89013671875,5864.89013671875,6329530000,0.025295927786425976,5794.682958984375,5712.687763671875,58.53992325911619,0.011223166913572601,1
2024-11-07,5973.10009765625,5983.83984375,5947.2099609375,5947.2099609375,4925740000,0.007431229727488331,5811.006982421875,5720.306162109375,60.16084205979598,0.011338754696350093,1
2024-11-08,5995.5400390625,6012.4501953125,5976.759765625,5976.759765625,4666740000,0.0037568333092317108,5829.748974609375,5728.377763671875,62.97956775216621,0.011286701385271977,1
2024-11-11,6001.35009765625,6017.31005859375,5986.68994140625,6008.85986328125,4333000000,0.0009690634297987444,5847.531982421875,5735.436767578125,63.69108625944886,0.011308933894503898,0
2024-11-12,5983.990234375,6009.919921875,5960.080078125,6003.60009765625,4243400000,-0.00289265965137242,5862.639013671875,5744.53796875,68.22229428764915,0.011462155060297503,1
2024-11-13,5985.3798828125,6008.18994140625,5965.91015625,5985.75,4220180000,0.00023222772482434095,5879.810009765625,5753.844169921875,67.52122004408271,0.011312919998027731,0
2024-11-14,5949.169921875,5993.8798828125,5942.27978515625,5989.68017578125,4184570000,-0.006049734794859041,5904.181982421875,5762.759365234375,63.17364013301788,0.009137514887273176,0
2024-11-15,5870.6201171875,5915.31982421875,5853.009765625,5912.7900390625,4590960000,-0.013203489851361216,5918.364013671875,5772.003369140625,53.93485488180464,0.01067396580526506,1
2024-11-18,5893.6201171875,5908.1201171875,5865.9501953125,5874.169921875,3983860000,0.003917814394541086,5936.45703125,5780.454775390625,54.95836716981312,0.010512818660670383,1
2024-11-19,5916.97998046875,5923.509765625,5855.2900390625,5870.0498046875,4036940000,0.003963584828470035,5949.879052734375,5788.883974609375,58.382719424403426,0.010031720605523846,1
2024-11-20,5917.10986328125,5920.669921875,5860.56005859375,5914.33984375,3772620000,2.195086225209586e-05,5948.68603515625,5796.14357421875,70.82777979045326,0.00596606355582155,1
2024-11-21,5948.7099609375,5963.31982421875,5887.259765625,5940.580078125,4230120000,0.0053404615405816536,5946.247021484375,5803.202578125,71.29389025686415,0.0057002001743116995,1
2024-11-22,5969.33984375,5972.89990234375,5944.35986328125,5944.35986328125,4141420000,0.003467959094991535,5943.627001953125,5810.068974609375,74.63574998054897,0.005677511937431677,1
2024-11-25,5987.3701171875,6020.75,5963.91015625,5992.27978515625,5633150000,0.003020480305938378,5942.22900390625,5817.154580078125,71.82046731736173,0.005769722880836395,1
2024-11-26,6021.6298828125,6025.419921875,5992.27001953125,6000.02978515625,3835170000,0.005722005647630368,5945.99296875,5824.895576171875,62.97397596560416,0.005965813326113486,0
2024-11-27,5998.740234375,6020.16015625,5984.8701171875,6014.10986328125,3363340000,-0.003801238017440034,5947.32900390625,5832.505185546875,53.81937625558421,0.006130765952716783,1
2024-11-29,6032.3798828125,6044.169921875,6003.97998046875,6003.97998046875,2444420000,0.005607785488815242,5955.65,5838.87998046875,55.31050191028287,0.005906114346971782,1
2024-12-02,6047.14990234375,6053.580078125,6035.330078125,6040.10986328125,4412470000,0.0024484564662998753,5973.302978515625,5845.771982421875,56.43584057438014,0.0029268729394560005,1
2024-12-03,6049.8798828125,6052.06982421875,6033.39013671875,6042.97021484375,4095000000,0.0004514491145146682,5988.928955078125,5852.39818359375,59.655901790902085,0.0030064535138254024,1
2024-12-04,6086.490234375,6089.83984375,6061.06005859375,6069.39013671875,4003390000,0.006051417924264779,6005.87998046875,5859.469384765625,63.430909369219314,0.0031774283276196063,0
2024-12-05,6075.10986328125,6094.5498046875,6072.89990234375,6089.02978515625,4212020000,-0.0018697756269248078,6021.67998046875,5866.52638671875,67.91058767976557,0.003411108829546103,1
2024-12-06,6090.27001953125,6099.97021484375,6079.97998046875,6081.3798828125,3924830000,0.0024954538421815275,6035.835986328125,5873.424384765625,88.10853031024394,0.00327723049346048,0
2024-12-09,6052.85009765625,6088.509765625,6048.6298828125,6083.009765625,4556460000,-0.006144213927296471,6044.18701171875,5879.71798828125,76.30944985437559,0.004196629677214344,0
2024-12-10,6034.91015625,6065.39990234375,6029.89013671875,6057.58984375,4048410000,-0.002963883313944371,6048.941015625,5885.166591796875,69.84087604432797,0.004362973100778173,1
2024-12-11,6084.18994140625,6092.58984375,6060.14990234375,6060.14990234375,4269950000,0.008165786048233592,6055.197021484375,5892.675390625,74.1208283049299,0.004722905289541618,0
2024-12-12,6051.25,6079.68017578125,6051.25,6074.2900390625,3678010000,-0.005414022527810203,6060.447998046875,5899.50958984375,64.74633732557356,0.00492975686607156,0
2024-12-13,6051.08984375,6078.580078125,6035.77001953125,6068.169921875,3584960000,-2.6466639124200775e-05,6062.318994140625,5906.532587890625,62.49197912034453,0.004643392367274045,1
2024-12-16,6074.080078125,6085.18994140625,6059.14013671875,6063.7900390625,4391100000,0.0037993543260221863,6065.01201171875,5912.99279296875,63.0520488501861,0.004731038033342877,0
2024-12-17,6050.60986328125,6057.68017578125,6035.18994140625,6052.5498046875,4544500000,-0.003863994965801476,6065.085009765625,5920.08619140625,54.50867306707668,0.004924221959896264,0
2024-12-18,5872.16015625,6070.669921875,5867.7900390625,6047.64990234375,5246960000,-0.02949284635160343,6043.652001953125,5922.506796875,36.72999076551997,0.010147430416520322,0
2024-12-19,5867.080078125,5935.52001953125,5866.06982421875,5912.7099609375,4896880000,-0.0008651123249070469,6022.8490234375,5924.00759765625,31.567031550152237,0.010170657022874622,1
2024-12-20,5930.85009765625,5982.06005859375,5832.2998046875,5842.0,8223220000,0.010869123768910471,6006.90703125,5927.023603515625,38.30877762026867,0.011021893049932997,1
2024-12-23,5974.06982421875,5978.25,5902.56982421875,5940.25,3593280000,0.007287273468533639,5999.02900390625,5930.204404296875,42.95276058749463,0.011354510580384728,1
2024-12-24,6040.0400390625,6040.10009765625,5981.43994140625,5984.6298828125,1757720000,0.01104275925539211,5999.5419921875,5933.808203125,45.90552712948744,0.011967054494017656,0
2024-12-26,6037.58984375,6049.75,6007.3701171875,6024.97021484375,2904530000,-0.00040565878647391695,5994.881982421875,5938.2548046875,46.63979940510705,0.0116314023316981,0
2024-12-27,5970.83984375,6006.169921875,5932.9501953125,6006.169921875,3159610000,-0.011055736101235558,5986.840966796875,5940.822197265625,40.208877911701244,0.012015561799283835,0
2024-12-30,5906.93994140625,5940.7900390625,5869.16015625,5920.669921875,3433250000,-0.010701995701766776,5972.4259765625,5942.131591796875,38.5357473340464,0.012361943697446247,0
2024-12-31,5881.6298828125,5929.740234375,5868.85986328125,5919.740234375,3128350000,-0.004284800394927402,5953.18095703125,5942.470791015625,38.094555439251195,0.012178922490357952,0
